file,hunks,already,portable,partial,manual,noise,status,added,removed
sound/aoa/codecs/onyx.c,28,0,28,0,0,0,FULLY_PORTABLE,32,72
sound/aoa/codecs/tas.c,20,0,20,0,0,0,FULLY_PORTABLE,39,74
drivers/usb/gadget/function/f_mass_storage.c,11,0,11,0,0,0,FULLY_PORTABLE,116,2
drivers/net/usb/catc.c,7,0,7,0,0,0,FULLY_PORTABLE,48,11
drivers/mmc/core/bus.c,6,0,6,0,0,0,FULLY_PORTABLE,44,0
fs/cifs/smb2ops.c,6,0,6,0,0,0,FULLY_PORTABLE,14,4
net/ipv4/igmp.c,6,0,6,0,0,0,FULLY_PORTABLE,7,14
drivers/usb/musb/musb_gadget_ep0.c,5,0,5,0,0,0,FULLY_PORTABLE,48,17
include/linux/usb/phy.h,5,0,5,0,0,0,FULLY_PORTABLE,36,0
kernel/time/tick-sched.c,5,0,5,0,0,0,FULLY_PORTABLE,28,1
Documentation/scheduler/sched-pelt.c,4,0,4,0,0,0,FULLY_PORTABLE,41,24
drivers/clk/at91/clk-main.c,4,0,4,0,0,0,FULLY_PORTABLE,4,4
drivers/scsi/scsi_pm.c,4,0,4,0,0,0,FULLY_PORTABLE,40,1
include/uapi/sound/compress_offload.h,4,0,4,0,0,0,FULLY_PORTABLE,17,1
scripts/extract-cert.c,4,0,4,0,0,0,FULLY_PORTABLE,7,0
sound/aoa/core/gpio-pmf.c,4,0,4,0,0,0,FULLY_PORTABLE,9,17
tools/vm/slabinfo.c,4,0,4,0,0,0,FULLY_PORTABLE,6,1
block/blk-wbt.c,3,0,3,0,0,0,FULLY_PORTABLE,11,0
drivers/clk/at91/clk-usb.c,3,0,3,0,0,0,FULLY_PORTABLE,3,3
drivers/clocksource/arm_arch_timer.c,3,0,3,0,0,0,FULLY_PORTABLE,21,0
drivers/cpufreq/Kconfig,3,0,3,0,0,0,FULLY_PORTABLE,24,0
drivers/md/Kconfig,3,0,3,0,0,0,FULLY_PORTABLE,67,0
drivers/net/ethernet/stmicro/stmmac/enh_desc.c,3,0,3,0,0,0,FULLY_PORTABLE,6,16
drivers/tty/serdev/serdev-ttyport.c,3,0,3,0,0,0,FULLY_PORTABLE,29,1
drivers/usb/gadget/functions.c,3,0,3,0,0,0,FULLY_PORTABLE,7,0
drivers/usb/misc/usb251xb.c,3,0,3,0,0,0,FULLY_PORTABLE,3,3
fs/sync.c,3,0,3,0,0,0,FULLY_PORTABLE,16,2
include/drm/drm_mipi_dsi.h,3,0,3,0,0,0,FULLY_PORTABLE,12,0
include/linux/dcache.h,3,0,3,0,0,0,FULLY_PORTABLE,10,0
include/linux/elevator.h,3,0,3,0,0,0,FULLY_PORTABLE,10,0
include/linux/quota.h,3,0,3,0,0,0,FULLY_PORTABLE,9,0
include/linux/task_io_accounting_ops.h,3,0,3,0,0,0,FULLY_PORTABLE,11,0
include/linux/timerqueue.h,3,0,3,0,0,0,FULLY_PORTABLE,7,6
include/trace/events/iommu.h,3,0,3,0,0,0,FULLY_PORTABLE,107,8
include/uapi/drm/drm_mode.h,3,0,3,0,0,0,FULLY_PORTABLE,12,0
net/ipv4/tcp_westwood.c,3,0,3,0,0,0,FULLY_PORTABLE,8,4
sound/aoa/core/gpio-feature.c,3,0,3,0,0,0,FULLY_PORTABLE,7,13
Documentation/sound/designs/compress-offload.rst,2,0,2,0,0,0,FULLY_PORTABLE,6,0
drivers/base/firmware_loader/fallback.c,2,0,2,0,0,0,FULLY_PORTABLE,12,0
drivers/clk/berlin/berlin2-avpll.c,2,0,2,0,0,0,FULLY_PORTABLE,2,2
drivers/clk/clk-nomadik.c,2,0,2,0,0,0,FULLY_PORTABLE,2,2
drivers/clk/clk-stm32f4.c,2,0,2,0,0,0,FULLY_PORTABLE,2,2
drivers/clk/clk-stm32mp1.c,2,0,2,0,0,0,FULLY_PORTABLE,2,2
drivers/clk/clk-vt8500.c,2,0,2,0,0,0,FULLY_PORTABLE,2,2
drivers/clk/davinci/da8xx-cfgchip.c,2,0,2,0,0,0,FULLY_PORTABLE,2,2
drivers/clk/st/clkgen-fsyn.c,2,0,2,0,0,0,FULLY_PORTABLE,2,2
drivers/clk/tegra/clk-super.c,2,0,2,0,0,0,FULLY_PORTABLE,2,2
drivers/clk/ti/adpll.c,2,0,2,0,0,0,FULLY_PORTABLE,2,2
drivers/dma/mediatek/Kconfig,2,0,2,0,0,0,FULLY_PORTABLE,24,0
drivers/input/Kconfig,2,0,2,0,0,0,FULLY_PORTABLE,11,0
drivers/irqchip/Kconfig,2,0,2,0,0,0,FULLY_PORTABLE,16,0
drivers/media/i2c/saa6588.c,2,0,2,0,0,0,FULLY_PORTABLE,2,2
drivers/media/platform/davinci/vpbe_venc.c,2,0,2,0,0,0,FULLY_PORTABLE,4,2
drivers/mmc/core/card.h,2,0,2,0,0,0,FULLY_PORTABLE,23,0
drivers/mmc/host/Kconfig,2,0,2,0,0,0,FULLY_PORTABLE,63,0
drivers/net/ethernet/stmicro/stmmac/descs_com.h,2,0,2,0,0,0,FULLY_PORTABLE,8,14
drivers/net/ethernet/stmicro/stmmac/norm_desc.c,2,0,2,0,0,0,FULLY_PORTABLE,5,7
drivers/nfc/Kconfig,2,0,2,0,0,0,FULLY_PORTABLE,12,0
drivers/power/supply/power_supply_core.c,2,0,2,0,0,0,FULLY_PORTABLE,2,2
drivers/scsi/scsi_transport_sas.c,2,0,2,0,0,0,FULLY_PORTABLE,48,12
drivers/usb/core/driver.c,2,0,2,0,0,0,FULLY_PORTABLE,12,0
drivers/usb/core/notify.c,2,0,2,0,0,0,FULLY_PORTABLE,31,0
drivers/usb/gadget/function/Makefile,2,0,2,0,0,0,FULLY_PORTABLE,9,0
drivers/usb/host/xhci-debugfs.c,2,0,2,0,0,0,FULLY_PORTABLE,75,0
fs/proc/Makefile,2,0,2,0,0,0,FULLY_PORTABLE,10,0
include/clocksource/arm_arch_timer.h,2,0,2,0,0,0,FULLY_PORTABLE,5,0
include/drm/drm_drv.h,2,0,2,0,0,0,FULLY_PORTABLE,10,0
include/linux/cpuset.h,2,0,2,0,0,0,FULLY_PORTABLE,2,0
include/linux/random.h,2,0,2,0,0,0,FULLY_PORTABLE,2,2
include/linux/rmap.h,2,0,2,0,0,0,FULLY_PORTABLE,20,10
include/linux/sched/xacct.h,2,0,2,0,0,0,FULLY_PORTABLE,9,0
include/linux/trace_seq.h,2,0,2,0,0,0,FULLY_PORTABLE,2,2
include/media/v4l2-subdev.h,2,0,2,0,0,0,FULLY_PORTABLE,0,4
include/uapi/linux/eventpoll.h,2,0,2,0,0,0,FULLY_PORTABLE,2,0
include/uapi/linux/usb/g_uvc.h,2,0,2,0,0,0,FULLY_PORTABLE,4,0
kernel/sched/Makefile,2,0,2,0,0,0,FULLY_PORTABLE,12,0
lib/debug_locks.c,2,0,2,0,0,0,FULLY_PORTABLE,8,0
lib/plist.c,2,0,2,0,0,0,FULLY_PORTABLE,2,0
net/core/Makefile,2,0,2,0,0,0,FULLY_PORTABLE,3,0
net/ipv4/ipmr.c,2,0,2,0,0,0,FULLY_PORTABLE,4,4
net/ipv6/ip6mr.c,2,0,2,0,0,0,FULLY_PORTABLE,4,4
net/mac802154/tx.c,2,0,2,0,0,0,FULLY_PORTABLE,4,4
net/sched/sch_mq.c,2,0,2,0,0,0,FULLY_PORTABLE,0,24
net/sched/sch_mqprio.c,2,0,2,0,0,0,FULLY_PORTABLE,0,23
net/sctp/bind_addr.c,2,0,2,0,0,0,FULLY_PORTABLE,8,11
security/selinux/nlmsgtab.c,2,0,2,0,0,0,FULLY_PORTABLE,41,1
.gitignore,1,0,1,0,0,0,FULLY_PORTABLE,5,0
Documentation/ABI/testing/sysfs-kernel-slab,1,0,1,0,0,0,FULLY_PORTABLE,9,0
Documentation/translations/zh_CN/sparse.txt,1,0,1,0,0,0,FULLY_PORTABLE,1,1
arch/arm64/boot/dts/mediatek/mt6755-evb.dts,1,0,1,0,0,0,FULLY_PORTABLE,1,1
arch/arm64/boot/dts/mediatek/mt6795-evb.dts,1,0,1,0,0,0,FULLY_PORTABLE,1,1
arch/arm64/boot/dts/mediatek/mt6797-evb.dts,1,0,1,0,0,0,FULLY_PORTABLE,1,1
arch/arm64/boot/dts/mediatek/mt6797-x20-dev.dts,1,0,1,0,0,0,FULLY_PORTABLE,1,1
arch/arm64/include/asm/cpu.h,1,0,1,0,0,0,FULLY_PORTABLE,1,1
arch/arm64/include/uapi/asm/setup.h,1,0,1,0,0,0,FULLY_PORTABLE,1,1
arch/arm64/kernel/efi.c,1,0,1,0,0,0,FULLY_PORTABLE,28,0
arch/arm64/kernel/vdso/vdso.lds.S,1,0,1,0,0,0,FULLY_PORTABLE,1,0
arch/arm64/mm/Makefile,1,0,1,0,0,0,FULLY_PORTABLE,1,0
crypto/lz4.c,1,0,1,0,0,0,FULLY_PORTABLE,7,1
crypto/lz4hc.c,1,0,1,0,0,0,FULLY_PORTABLE,7,1
crypto/zstd.c,1,0,1,0,0,0,FULLY_PORTABLE,1,1
drivers/base/Makefile,1,0,1,0,0,0,FULLY_PORTABLE,3,0
drivers/base/power/power.h,1,0,1,0,0,0,FULLY_PORTABLE,18,0
drivers/base/power/qos.c,1,0,1,0,0,0,FULLY_PORTABLE,4,2
drivers/base/soc.c,1,0,1,0,0,0,FULLY_PORTABLE,1,0
drivers/block/aoe/aoe.h,1,0,1,0,0,0,FULLY_PORTABLE,1,0
drivers/block/rsxx/dev.c,1,0,1,0,0,0,FULLY_PORTABLE,1,1
drivers/block/zram/Makefile,1,0,1,0,0,0,FULLY_PORTABLE,6,0
drivers/char/Kconfig,1,0,1,0,0,0,FULLY_PORTABLE,1,0
drivers/char/hw_random/Kconfig,1,0,1,0,0,0,FULLY_PORTABLE,17,0
drivers/char/hw_random/Makefile,1,0,1,0,0,0,FULLY_PORTABLE,1,0
drivers/clk/at91/clk-pll.c,1,0,1,0,0,0,FULLY_PORTABLE,1,1
drivers/clk/at91/clk-plldiv.c,1,0,1,0,0,0,FULLY_PORTABLE,1,1
drivers/clk/at91/clk-programmable.c,1,0,1,0,0,0,FULLY_PORTABLE,1,1
drivers/clk/at91/clk-slow.c,1,0,1,0,0,0,FULLY_PORTABLE,1,1
drivers/clk/at91/clk-smd.c,1,0,1,0,0,0,FULLY_PORTABLE,1,1
drivers/clk/at91/clk-system.c,1,0,1,0,0,0,FULLY_PORTABLE,1,1
drivers/clk/at91/clk-utmi.c,1,0,1,0,0,0,FULLY_PORTABLE,1,1
drivers/clk/bcm/clk-iproc-armpll.c,1,0,1,0,0,0,FULLY_PORTABLE,1,1
drivers/clk/bcm/clk-iproc-asiu.c,1,0,1,0,0,0,FULLY_PORTABLE,1,1
drivers/clk/bcm/clk-iproc-pll.c,1,0,1,0,0,0,FULLY_PORTABLE,1,1
drivers/clk/berlin/berlin2-pll.c,1,0,1,0,0,0,FULLY_PORTABLE,1,1
drivers/clk/clk-aspeed.c,1,0,1,0,0,0,FULLY_PORTABLE,1,1
drivers/clk/clk-cdce925.c,1,0,1,0,0,0,FULLY_PORTABLE,1,1
drivers/clk/clk-cs2000-cp.c,1,0,1,0,0,0,FULLY_PORTABLE,1,1
drivers/clk/clk-fractional-divider.c,1,0,1,0,0,0,FULLY_PORTABLE,1,1
drivers/clk/clk-gemini.c,1,0,1,0,0,0,FULLY_PORTABLE,1,1
drivers/clk/clk-highbank.c,1,0,1,0,0,0,FULLY_PORTABLE,1,1
drivers/clk/clk-npcm7xx.c,1,0,1,0,0,0,FULLY_PORTABLE,1,1
drivers/clk/clk-scpi.c,1,0,1,0,0,0,FULLY_PORTABLE,1,1
drivers/clk/clk-si514.c,1,0,1,0,0,0,FULLY_PORTABLE,1,1
drivers/clk/clk-si5351.c,1,0,1,0,0,0,FULLY_PORTABLE,1,1
drivers/clk/clk-si544.c,1,0,1,0,0,0,FULLY_PORTABLE,1,1
drivers/clk/clk-stm32h7.c,1,0,1,0,0,0,FULLY_PORTABLE,1,1
drivers/clk/davinci/pll.c,1,0,1,0,0,0,FULLY_PORTABLE,1,1
drivers/clk/h8300/clk-h8s2678.c,1,0,1,0,0,0,FULLY_PORTABLE,1,1
drivers/clk/hisilicon/clk-hi3620.c,1,0,1,0,0,0,FULLY_PORTABLE,1,1
drivers/clk/hisilicon/clk-hi6220-stub.c,1,0,1,0,0,0,FULLY_PORTABLE,1,1
drivers/clk/hisilicon/clk-hisi-phase.c,1,0,1,0,0,0,FULLY_PORTABLE,1,1
drivers/clk/hisilicon/clk-hix5hd2.c,1,0,1,0,0,0,FULLY_PORTABLE,1,1
drivers/clk/hisilicon/clkdivider-hi6220.c,1,0,1,0,0,0,FULLY_PORTABLE,1,1
drivers/clk/hisilicon/clkgate-separated.c,1,0,1,0,0,0,FULLY_PORTABLE,1,1
drivers/clk/keystone/gate.c,1,0,1,0,0,0,FULLY_PORTABLE,1,1
drivers/clk/keystone/pll.c,1,0,1,0,0,0,FULLY_PORTABLE,1,1
drivers/clk/loongson1/clk.c,1,0,1,0,0,0,FULLY_PORTABLE,1,1
drivers/clk/mediatek/clk-cpumux.c,1,0,1,0,0,0,FULLY_PORTABLE,1,1
drivers/clk/mediatek/clk-mt2712-mm.c,1,0,1,0,0,0,FULLY_PORTABLE,2,0
drivers/clk/mmp/clk-apbc.c,1,0,1,0,0,0,FULLY_PORTABLE,1,1
drivers/clk/mmp/clk-apmu.c,1,0,1,0,0,0,FULLY_PORTABLE,1,1
drivers/clk/mmp/clk-frac.c,1,0,1,0,0,0,FULLY_PORTABLE,1,1
drivers/clk/mmp/clk-gate.c,1,0,1,0,0,0,FULLY_PORTABLE,1,1
drivers/clk/mmp/clk-mix.c,1,0,1,0,0,0,FULLY_PORTABLE,1,1
drivers/clk/mvebu/clk-corediv.c,1,0,1,0,0,0,FULLY_PORTABLE,1,1
drivers/clk/mxs/clk-div.c,1,0,1,0,0,0,FULLY_PORTABLE,1,1
drivers/clk/mxs/clk-frac.c,1,0,1,0,0,0,FULLY_PORTABLE,1,1
drivers/clk/mxs/clk-pll.c,1,0,1,0,0,0,FULLY_PORTABLE,1,1
drivers/clk/mxs/clk-ref.c,1,0,1,0,0,0,FULLY_PORTABLE,1,1
drivers/clk/nxp/clk-lpc18xx-creg.c,1,0,1,0,0,0,FULLY_PORTABLE,1,1
drivers/clk/pistachio/clk-pll.c,1,0,1,0,0,0,FULLY_PORTABLE,1,1
drivers/clk/rockchip/clk-cpu.c,1,0,1,0,0,0,FULLY_PORTABLE,1,1
drivers/clk/rockchip/clk-ddr.c,1,0,1,0,0,0,FULLY_PORTABLE,1,1
drivers/clk/rockchip/clk-inverter.c,1,0,1,0,0,0,FULLY_PORTABLE,1,1
drivers/clk/rockchip/clk-mmc-phase.c,1,0,1,0,0,0,FULLY_PORTABLE,1,1
drivers/clk/rockchip/clk-muxgrf.c,1,0,1,0,0,0,FULLY_PORTABLE,1,1
drivers/clk/rockchip/clk-pll.c,1,0,1,0,0,0,FULLY_PORTABLE,1,1
drivers/clk/rockchip/clk.c,1,0,1,0,0,0,FULLY_PORTABLE,1,1
drivers/clk/samsung/clk-pll.c,1,0,1,0,0,0,FULLY_PORTABLE,1,1
drivers/clk/socfpga/clk-gate-a10.c,1,0,1,0,0,0,FULLY_PORTABLE,1,1
drivers/clk/socfpga/clk-periph-a10.c,1,0,1,0,0,0,FULLY_PORTABLE,1,1
drivers/clk/socfpga/clk-periph.c,1,0,1,0,0,0,FULLY_PORTABLE,1,1
drivers/clk/spear/clk-aux-synth.c,1,0,1,0,0,0,FULLY_PORTABLE,1,1
drivers/clk/spear/clk-frac-synth.c,1,0,1,0,0,0,FULLY_PORTABLE,1,1
drivers/clk/spear/clk-gpt-synth.c,1,0,1,0,0,0,FULLY_PORTABLE,1,1
drivers/clk/st/clk-flexgen.c,1,0,1,0,0,0,FULLY_PORTABLE,1,1
drivers/clk/st/clkgen-pll.c,1,0,1,0,0,0,FULLY_PORTABLE,1,1
drivers/clk/sunxi/clk-sun4i-tcon-ch1.c,1,0,1,0,0,0,FULLY_PORTABLE,1,1
drivers/clk/tegra/clk-audio-sync.c,1,0,1,0,0,0,FULLY_PORTABLE,1,1
drivers/clk/tegra/clk-bpmp.c,1,0,1,0,0,0,FULLY_PORTABLE,1,1
drivers/clk/tegra/clk-divider.c,1,0,1,0,0,0,FULLY_PORTABLE,1,1
drivers/clk/tegra/clk-periph-fixed.c,1,0,1,0,0,0,FULLY_PORTABLE,1,1
drivers/clk/tegra/clk-periph-gate.c,1,0,1,0,0,0,FULLY_PORTABLE,1,1
drivers/clk/tegra/clk-periph.c,1,0,1,0,0,0,FULLY_PORTABLE,1,1
drivers/clk/tegra/clk-pll-out.c,1,0,1,0,0,0,FULLY_PORTABLE,1,1
drivers/clk/tegra/clk-pll.c,1,0,1,0,0,0,FULLY_PORTABLE,1,1
drivers/clk/tegra/clk-sdmmc-mux.c,1,0,1,0,0,0,FULLY_PORTABLE,1,1
drivers/clk/ti/mux.c,1,0,1,0,0,0,FULLY_PORTABLE,1,1
drivers/clk/uniphier/clk-uniphier-cpugear.c,1,0,1,0,0,0,FULLY_PORTABLE,1,1
drivers/clk/uniphier/clk-uniphier-fixed-factor.c,1,0,1,0,0,0,FULLY_PORTABLE,1,1
drivers/clk/uniphier/clk-uniphier-fixed-rate.c,1,0,1,0,0,0,FULLY_PORTABLE,1,1
drivers/clk/uniphier/clk-uniphier-gate.c,1,0,1,0,0,0,FULLY_PORTABLE,1,1
drivers/clk/uniphier/clk-uniphier-mux.c,1,0,1,0,0,0,FULLY_PORTABLE,1,1
drivers/clk/versatile/clk-icst.c,1,0,1,0,0,0,FULLY_PORTABLE,1,1
drivers/clk/versatile/clk-sp810.c,1,0,1,0,0,0,FULLY_PORTABLE,1,1
drivers/clk/x86/clk-pmc-atom.c,1,0,1,0,0,0,FULLY_PORTABLE,1,1
drivers/clocksource/Kconfig,1,0,1,0,0,0,FULLY_PORTABLE,11,0
drivers/cpufreq/freq_table.c,1,0,1,0,0,0,FULLY_PORTABLE,0,6
drivers/cpuidle/governor.c,1,0,1,0,0,0,FULLY_PORTABLE,1,0
drivers/cpuidle/governors/Makefile,1,0,1,0,0,0,FULLY_PORTABLE,3,0
drivers/dma/mediatek/Makefile,1,0,1,0,0,0,FULLY_PORTABLE,3,0
drivers/edac/edac_device.h,1,0,1,0,0,0,FULLY_PORTABLE,2,0
drivers/extcon/extcon.h,1,0,1,0,0,0,FULLY_PORTABLE,1,0
drivers/gnss/Kconfig,1,0,1,0,0,0,FULLY_PORTABLE,15,0
drivers/gnss/Makefile,1,0,1,0,0,0,FULLY_PORTABLE,3,0
drivers/gpu/Makefile,1,0,1,0,0,0,FULLY_PORTABLE,2,1
drivers/gpu/drm/drm_framebuffer.c,1,0,1,0,0,0,FULLY_PORTABLE,2,1
drivers/gpu/drm/drm_modes.c,1,0,1,0,0,0,FULLY_PORTABLE,1,0
drivers/gpu/drm/drm_of.c,1,0,1,0,0,0,FULLY_PORTABLE,114,0
drivers/gpu/drm/rcar-du/Kconfig,1,0,1,0,0,0,FULLY_PORTABLE,1,0
drivers/gpu/drm/rcar-du/rcar_du_plane.c,1,0,1,0,0,0,FULLY_PORTABLE,12,0
drivers/hid/Makefile,1,0,1,0,0,0,FULLY_PORTABLE,1,0
drivers/input/Makefile,1,0,1,0,0,0,FULLY_PORTABLE,9,0
drivers/input/keyboard/Kconfig,1,0,1,0,0,0,FULLY_PORTABLE,11,2
drivers/input/keyboard/Makefile,1,0,1,0,0,0,FULLY_PORTABLE,12,0
drivers/iommu/iommu-traces.c,1,0,1,0,0,0,FULLY_PORTABLE,4,0
drivers/iommu/omap-iommu-debug.c,1,0,1,0,0,0,FULLY_PORTABLE,0,3
drivers/irqchip/Makefile,1,0,1,0,0,0,FULLY_PORTABLE,1,0
drivers/mailbox/Makefile,1,0,1,0,0,0,FULLY_PORTABLE,2,0
drivers/md/dm-linear.c,1,0,1,0,0,0,FULLY_PORTABLE,1,0
drivers/md/dm-verity.h,1,0,1,0,0,0,FULLY_PORTABLE,2,0
drivers/media/platform/Makefile,1,0,1,0,0,0,FULLY_PORTABLE,2,1
drivers/media/v4l2-core/v4l2-flash-led-class.c,1,0,1,0,0,0,FULLY_PORTABLE,2,0
drivers/memstick/core/mspro_block.c,1,0,1,0,0,0,FULLY_PORTABLE,1,1
drivers/mmc/Makefile,1,0,1,0,0,0,FULLY_PORTABLE,1,0
drivers/mmc/core/Kconfig,1,0,1,0,0,0,FULLY_PORTABLE,59,0
drivers/mmc/core/block.h,1,0,1,0,0,0,FULLY_PORTABLE,40,0
drivers/mmc/core/debugfs.c,1,0,1,0,0,0,FULLY_PORTABLE,6,0
drivers/mmc/core/sd.h,1,0,1,0,0,0,FULLY_PORTABLE,3,0
drivers/mtd/mtd_blkdevs.c,1,0,1,0,0,0,FULLY_PORTABLE,1,1
drivers/net/dsa/mv88e6xxx/phy.c,1,0,1,0,0,0,FULLY_PORTABLE,3,0
drivers/net/ethernet/ibm/ibmvnic.c,1,0,1,0,0,0,FULLY_PORTABLE,0,5
drivers/net/ethernet/stmicro/stmmac/dwxgmac2_descs.c,1,0,1,0,0,0,FULLY_PORTABLE,1,1
drivers/net/ethernet/stmicro/stmmac/hwif.h,1,0,1,0,0,0,FULLY_PORTABLE,1,1
drivers/net/ethernet/stmicro/stmmac/ring_mode.c,1,0,1,0,0,0,FULLY_PORTABLE,2,3
drivers/net/usb/Makefile,1,0,1,0,0,0,FULLY_PORTABLE,1,0
drivers/net/usb/cdc_ether.c,1,0,1,0,0,0,FULLY_PORTABLE,4,2
drivers/nfc/Makefile,1,0,1,0,0,0,FULLY_PORTABLE,7,0
drivers/opp/of.c,1,0,1,0,0,0,FULLY_PORTABLE,60,0
drivers/pci/access.c,1,0,1,0,0,0,FULLY_PORTABLE,3,6
drivers/pci/search.c,1,0,1,0,0,0,FULLY_PORTABLE,1,0
drivers/power/reset/Makefile,1,0,1,0,0,0,FULLY_PORTABLE,1,0
drivers/pwm/pwm-sti.c,1,0,1,0,0,0,FULLY_PORTABLE,3,2
drivers/s390/block/dcssblk.c,1,0,1,0,0,0,FULLY_PORTABLE,1,1
drivers/scsi/scsi_scan.c,1,0,1,0,0,0,FULLY_PORTABLE,1,1
drivers/scsi/sd.h,1,0,1,0,0,0,FULLY_PORTABLE,3,0
drivers/soc/mediatek/Makefile,1,0,1,0,0,0,FULLY_PORTABLE,23,1
drivers/spmi/Kconfig,1,0,1,0,0,0,FULLY_PORTABLE,9,0
drivers/staging/greybus/tools/.gitignore,1,0,1,0,0,0,FULLY_PORTABLE,0,1
drivers/staging/greybus/tools/Android.mk,1,0,1,0,0,0,FULLY_PORTABLE,0,10
drivers/staging/greybus/tools/Makefile,1,0,1,0,0,0,FULLY_PORTABLE,0,32
drivers/staging/greybus/tools/lbtest,1,0,1,0,0,0,FULLY_PORTABLE,0,169
drivers/tee/Makefile,1,0,1,0,0,0,FULLY_PORTABLE,3,0
drivers/tty/hvc/hvc_console.h,1,0,1,0,0,0,FULLY_PORTABLE,1,1
drivers/tty/tty_io.c,1,0,1,0,0,0,FULLY_PORTABLE,5,0
drivers/usb/common/common.c,1,0,1,0,0,0,FULLY_PORTABLE,1,0
drivers/usb/core/Makefile,1,0,1,0,0,0,FULLY_PORTABLE,2,0
drivers/usb/core/usb.h,1,0,1,0,0,0,FULLY_PORTABLE,1,0
drivers/usb/gadget/Makefile,1,0,1,0,0,0,FULLY_PORTABLE,1,0
drivers/usb/gadget/function/f_mass_storage.h,1,0,1,0,0,0,FULLY_PORTABLE,11,1
drivers/usb/gadget/function/storage_common.c,1,0,1,0,0,0,FULLY_PORTABLE,23,0
drivers/usb/gadget/function/storage_common.h,1,0,1,0,0,0,FULLY_PORTABLE,4,0
drivers/usb/gadget/legacy/dbgp.c,1,0,1,0,0,0,FULLY_PORTABLE,0,1
drivers/usb/gadget/usbstring.c,1,0,1,0,0,0,FULLY_PORTABLE,24,0
drivers/usb/storage/onetouch.c,1,0,1,0,0,0,FULLY_PORTABLE,1,1
drivers/usb/usbip/stub_main.c,1,0,1,0,0,0,FULLY_PORTABLE,1,1
drivers/video/Kconfig,1,0,1,0,0,0,FULLY_PORTABLE,1,0
drivers/video/backlight/backlight.c,1,0,1,0,0,0,FULLY_PORTABLE,3,1
drivers/virtio/Kconfig,1,0,1,0,0,0,FULLY_PORTABLE,11,0
drivers/watchdog/Kconfig,1,0,1,0,0,0,FULLY_PORTABLE,9,0
fs/ext4/Makefile,1,0,1,0,0,0,FULLY_PORTABLE,3,0
fs/fuse/Kconfig,1,0,1,0,0,0,FULLY_PORTABLE,11,0
fs/pnode.c,1,0,1,0,0,0,FULLY_PORTABLE,16,0
fs/proc/Kconfig,1,0,1,0,0,0,FULLY_PORTABLE,18,0
include/drm/drm_mode_object.h,1,0,1,0,0,0,FULLY_PORTABLE,1,1
include/linux/alarmtimer.h,1,0,1,0,0,0,FULLY_PORTABLE,3,0
include/linux/cgroup_subsys.h,1,0,1,0,0,0,FULLY_PORTABLE,4,0
include/linux/console.h,1,0,1,0,0,0,FULLY_PORTABLE,0,2
include/linux/inetdevice.h,1,0,1,0,0,0,FULLY_PORTABLE,1,1
include/linux/kconfig.h,1,0,1,0,0,0,FULLY_PORTABLE,2,0
include/linux/linkage.h,1,0,1,0,0,0,FULLY_PORTABLE,2,4
include/linux/mailbox_controller.h,1,0,1,0,0,0,FULLY_PORTABLE,0,1
include/linux/mm_types_task.h,1,0,1,0,0,0,FULLY_PORTABLE,1,0
include/linux/mmc/mmc.h,1,0,1,0,0,0,FULLY_PORTABLE,11,0
include/linux/mmc/pm.h,1,0,1,0,0,0,FULLY_PORTABLE,1,0
include/linux/oom.h,1,0,1,0,0,0,FULLY_PORTABLE,7,0
include/linux/platform_device.h,1,0,1,0,0,0,FULLY_PORTABLE,1,1
include/linux/sched/clock.h,1,0,1,0,0,0,FULLY_PORTABLE,6,0
include/linux/sched/rt.h,1,0,1,0,0,0,FULLY_PORTABLE,1,1
include/linux/seq_buf.h,1,0,1,0,0,0,FULLY_PORTABLE,1,1
include/linux/serdev.h,1,0,1,0,0,0,FULLY_PORTABLE,13,1
include/linux/suspend.h,1,0,1,0,0,0,FULLY_PORTABLE,1,0
include/linux/task_io_accounting.h,1,0,1,0,0,0,FULLY_PORTABLE,2,0
include/linux/usb/otg.h,1,0,1,0,0,0,FULLY_PORTABLE,1,0
include/linux/vm_event_item.h,1,0,1,0,0,0,FULLY_PORTABLE,1,1
include/net/dst.h,1,0,1,0,0,0,FULLY_PORTABLE,3,2
include/net/dst_ops.h,1,0,1,0,0,0,FULLY_PORTABLE,1,1
include/net/if_inet6.h,1,0,1,0,0,0,FULLY_PORTABLE,1,1
include/sound/jack.h,1,0,1,0,0,0,FULLY_PORTABLE,12,10
include/trace/events/lock.h,1,0,1,0,0,0,FULLY_PORTABLE,35,0
include/trace/events/power.h,1,0,1,0,0,0,FULLY_PORTABLE,52,0
include/uapi/linux/const.h,1,0,1,0,0,0,FULLY_PORTABLE,1,1
include/uapi/linux/if_arp.h,1,0,1,0,0,0,FULLY_PORTABLE,1,1
include/uapi/linux/input-event-codes.h,1,0,1,0,0,0,FULLY_PORTABLE,5,1
include/uapi/linux/ip.h,1,0,1,0,0,0,FULLY_PORTABLE,1,0
include/uapi/linux/ipv6.h,1,0,1,0,0,0,FULLY_PORTABLE,1,0
include/uapi/linux/pcitest.h,1,0,1,0,0,0,FULLY_PORTABLE,2,1
include/uapi/linux/time.h,1,0,1,0,0,0,FULLY_PORTABLE,1,0
include/uapi/linux/usb/ch9.h,1,0,1,0,0,0,FULLY_PORTABLE,20,0
include/uapi/linux/wireless.h,1,0,1,0,0,0,FULLY_PORTABLE,1,0
init/version.c,1,0,1,0,0,0,FULLY_PORTABLE,3,0
kernel/dma/contiguous.c,1,0,1,0,0,0,FULLY_PORTABLE,1,0
kernel/power/Kconfig,1,0,1,0,0,0,FULLY_PORTABLE,15,0
kernel/power/Makefile,1,0,1,0,0,0,FULLY_PORTABLE,3,0
kernel/sched/completion.c,1,0,1,0,0,0,FULLY_PORTABLE,0,1
kernel/sched/sched-pelt.h,1,0,1,0,0,0,FULLY_PORTABLE,53,6
kernel/time/Kconfig,1,0,1,0,0,0,FULLY_PORTABLE,0,1
kernel/trace/power-traces.c,1,0,1,0,0,0,FULLY_PORTABLE,1,0
lib/hexdump.c,1,0,1,0,0,0,FULLY_PORTABLE,8,0
lib/lz4/Makefile,1,0,1,0,0,0,FULLY_PORTABLE,6,4
lib/ratelimit.c,1,0,1,0,0,0,FULLY_PORTABLE,0,3
lib/scatterlist.c,1,0,1,0,0,0,FULLY_PORTABLE,2,21
mm/swap_slots.c,1,0,1,0,0,0,FULLY_PORTABLE,5,0
net/Makefile,1,0,1,0,0,0,FULLY_PORTABLE,14,0
net/bpfilter/bpfilter_umh_blob.S,1,0,1,0,0,0,FULLY_PORTABLE,1,1
net/core/dst.c,1,0,1,0,0,0,FULLY_PORTABLE,6,2
net/core/stream.c,1,0,1,0,0,0,FULLY_PORTABLE,1,1
net/ipv4/ip_forward.c,1,0,1,0,0,0,FULLY_PORTABLE,1,1
net/netfilter/Makefile,1,0,1,0,0,0,FULLY_PORTABLE,1,0
net/sctp/protocol.c,1,0,1,0,0,0,FULLY_PORTABLE,1,6
net/xdp/xsk_queue.h,1,0,1,0,0,0,FULLY_PORTABLE,3,0
net/xfrm/xfrm_algo.c,1,0,1,0,0,0,FULLY_PORTABLE,1,1
sound/Makefile,1,0,1,0,0,0,FULLY_PORTABLE,21,0
sound/core/pcm.c,1,0,1,0,0,0,FULLY_PORTABLE,8,0
sound/soc/intel/atom/sst-mfld-platform-compress.c,1,0,1,0,0,0,FULLY_PORTABLE,2,2
sound/soc/intel/atom/sst/sst_drv_interface.c,1,0,1,0,0,0,FULLY_PORTABLE,1,1
sound/soc/mediatek/Makefile,1,0,1,0,0,0,FULLY_PORTABLE,163,0
sound/soc/mediatek/common/Makefile,1,0,1,0,0,0,FULLY_PORTABLE,36,0
sound/soc/mediatek/common/mtk-afe-platform-driver.h,1,0,1,0,0,0,FULLY_PORTABLE,1,0
tools/bpf/bpftool/bash-completion/bpftool,1,0,1,0,0,0,FULLY_PORTABLE,33,0
tools/testing/selftests/bpf/config,1,0,1,0,0,0,FULLY_PORTABLE,20,0
include/uapi/linux/bpf.h,124,101,0,19,4,0,MANUAL,2596,334
tools/include/uapi/linux/bpf.h,123,100,0,19,4,0,MANUAL,2522,335
drivers/net/ethernet/emulex/benet/be_cmds.c,101,100,0,0,1,0,MANUAL,101,101
kernel/bpf/syscall.c,73,36,0,19,18,0,MANUAL,2676,622
fs/f2fs/node.c,56,39,0,12,5,0,MANUAL,252,107
net/batman-adv/tp_meter.c,47,37,0,9,1,0,MANUAL,223,77
net/core/sock.c,46,24,0,11,11,0,MANUAL,224,170
fs/f2fs/checkpoint.c,42,28,0,5,9,0,MANUAL,217,110
kernel/bpf/verifier.c,41,24,0,7,10,0,MANUAL,10992,4779
mm/gup.c,39,12,0,17,10,0,MANUAL,422,156
net/ipv4/fib_semantics.c,38,3,0,6,29,0,MANUAL,118,118
fs/f2fs/dir.c,37,24,0,7,6,0,MANUAL,342,113
drivers/net/veth.c,35,19,0,10,6,0,MANUAL,323,92
fs/fuse/inode.c,35,12,0,5,18,0,MANUAL,411,286
mm/z3fold.c,34,10,0,16,8,0,MANUAL,468,130
fs/fuse/fuse_i.h,32,14,0,8,10,0,MANUAL,334,203
mm/hugetlb.c,32,15,0,6,11,0,MANUAL,187,105
net/tls/tls_sw.c,32,2,0,6,24,0,MANUAL,1279,411
drivers/net/ethernet/stmicro/stmmac/stmmac_main.c,31,8,0,12,11,0,MANUAL,140,132
drivers/net/wireless/mac80211_hwsim.c,31,23,0,7,1,0,MANUAL,410,26
fs/afs/flock.c,30,23,0,5,2,0,MANUAL,142,29
drivers/pci/endpoint/pci-epc-core.c,29,11,0,11,7,0,MANUAL,128,61
fs/f2fs/inode.c,29,19,0,4,6,0,MANUAL,158,72
kernel/bpf/cpumap.c,28,11,0,7,10,0,MANUAL,233,144
drivers/gpu/drm/virtio/virtgpu_vq.c,27,5,0,6,16,0,MANUAL,287,83
net/batman-adv/bridge_loop_avoidance.c,27,25,0,2,0,0,MANUAL,114,59
arch/arm64/mm/dma-mapping.c,26,0,0,1,25,0,MANUAL,358,104
include/linux/filter.h,26,12,0,7,7,0,MANUAL,371,70
lib/iov_iter.c,26,0,0,22,4,0,MANUAL,28,28
net/ipv4/route.c,25,10,0,5,10,0,MANUAL,80,46
net/batman-adv/translation-table.c,23,19,0,3,1,0,MANUAL,90,32
drivers/clk/renesas/rcar-gen3-cpg.c,22,7,0,4,11,0,MANUAL,256,79
drivers/hwtracing/coresight/coresight-tmc-etf.c,22,12,0,2,8,0,MANUAL,147,121
drivers/net/ethernet/renesas/ravb_main.c,22,8,0,6,8,0,MANUAL,109,72
drivers/net/usb/lan78xx.c,22,21,0,0,1,0,MANUAL,84,38
fs/afs/dir.c,22,7,0,9,6,0,MANUAL,40,23
fs/f2fs/extent_cache.c,22,19,0,2,1,0,MANUAL,51,39
fs/f2fs/xattr.c,22,16,0,5,1,0,MANUAL,74,27
fs/squashfs/super.c,22,14,0,6,2,0,MANUAL,62,47
net/atm/lec.c,22,20,0,2,0,0,MANUAL,74,39
net/bluetooth/l2cap_core.c,22,17,0,3,2,0,MANUAL,125,21
crypto/testmgr.h,21,9,0,4,8,0,MANUAL,7479,2606
drivers/media/common/videobuf2/videobuf2-v4l2.c,21,11,0,5,5,0,MANUAL,402,162
drivers/phy/renesas/phy-rcar-gen3-usb2.c,21,5,0,7,9,0,MANUAL,246,53
include/linux/device.h,21,0,0,10,11,0,MANUAL,102,6
net/netfilter/nf_conntrack_sip.c,21,20,0,1,0,0,MANUAL,133,39
sound/soc/sh/rcar/core.c,21,14,0,3,4,0,MANUAL,79,71
crypto/af_alg.c,20,18,0,2,0,0,MANUAL,67,81
drivers/md/dm-bufio.c,20,19,0,0,1,0,MANUAL,121,75
kernel/bpf/devmap.c,20,8,0,2,10,0,MANUAL,515,188
mm/userfaultfd.c,20,6,0,7,7,0,MANUAL,148,67
scripts/dtc/libfdt/fdt_ro.c,20,17,0,1,2,0,MANUAL,208,105
drivers/nvmem/core.c,19,4,0,10,5,0,MANUAL,200,352
fs/f2fs/debug.c,19,9,0,6,4,0,MANUAL,105,83
kernel/bpf/lpm_trie.c,19,16,0,2,1,0,MANUAL,88,40
net/xfrm/xfrm_user.c,19,16,0,2,1,0,MANUAL,111,25
drivers/gpu/drm/virtio/virtgpu_drv.h,18,0,0,7,11,0,MANUAL,70,54
drivers/net/ethernet/dlink/dl2k.c,18,16,0,2,0,0,MANUAL,70,47
kernel/trace/blktrace.c,18,11,0,2,5,0,MANUAL,32,37
mm/slab.c,18,8,0,5,5,0,MANUAL,29,26
net/core/flow_dissector.c,18,8,0,5,5,0,MANUAL,280,42
net/xdp/xsk.c,18,3,0,12,3,0,MANUAL,191,26
tools/testing/selftests/bpf/test_verifier.c,18,0,0,1,17,0,MANUAL,458,14
drivers/gpu/drm/virtio/virtgpu_ioctl.c,17,3,0,5,9,0,MANUAL,132,120
include/media/videobuf2-core.h,17,9,0,7,1,0,MANUAL,64,7
include/uapi/linux/nl80211.h,17,7,0,10,0,0,MANUAL,239,4
kernel/bpf/local_storage.c,17,10,0,3,4,0,MANUAL,328,89
net/can/bcm.c,17,3,0,10,4,0,MANUAL,55,25
net/wireless/scan.c,17,7,0,9,1,0,MANUAL,533,45
security/smack/smackfs.c,17,15,0,2,0,0,MANUAL,84,49
sound/soc/sh/rcar/ssi.c,17,10,0,5,2,0,MANUAL,123,98
drivers/gpio/gpio-rcar.c,16,7,0,6,3,0,MANUAL,33,25
drivers/gpu/drm/rcar-du/rcar_du_drv.c,16,10,0,4,2,0,MANUAL,151,31
drivers/media/v4l2-core/v4l2-ioctl.c,16,5,0,5,6,0,MANUAL,108,16
drivers/pci/controller/pcie-mediatek.c,16,8,0,5,3,0,MANUAL,139,81
drivers/pci/endpoint/functions/pci-epf-test.c,16,6,0,4,6,0,MANUAL,217,78
drivers/pci/hotplug/pnv_php.c,16,11,0,5,0,0,MANUAL,64,26
drivers/usb/gadget/udc/dummy_hcd.c,16,13,0,3,0,0,MANUAL,52,36
drivers/xen/privcmd.c,16,12,0,3,1,0,MANUAL,74,11
kernel/bpf/stackmap.c,16,7,0,1,8,0,MANUAL,325,88
net/core/net_namespace.c,16,11,0,4,1,0,MANUAL,60,29
drivers/net/ethernet/mellanox/mlxsw/spectrum_router.c,15,7,0,3,5,0,MANUAL,20,19
drivers/pinctrl/bcm/pinctrl-bcm281xx.c,15,14,0,1,0,0,MANUAL,23,23
drivers/tee/optee/supp.c,15,14,0,0,1,0,MANUAL,79,57
include/media/v4l2-ctrls.h,15,5,0,7,3,0,MANUAL,156,3
net/batman-adv/bat_iv_ogm.c,15,13,0,2,0,0,MANUAL,80,21
Documentation/filesystems/fscrypt.rst,14,7,0,0,7,0,MANUAL,852,191
drivers/gpu/drm/exynos/exynos7_drm_decon.c,14,11,0,0,3,0,MANUAL,0,36
drivers/gpu/drm/rcar-du/rcar_du_crtc.c,14,5,0,3,6,0,MANUAL,253,140
drivers/gpu/drm/rcar-du/rcar_lvds.c,14,5,0,4,5,0,MANUAL,603,165
drivers/hwtracing/coresight/coresight-etb10.c,14,6,0,3,5,0,MANUAL,148,88
drivers/hwtracing/coresight/coresight-tmc-etr.c,14,8,0,4,2,0,MANUAL,556,50
drivers/net/virtio_net.c,14,8,0,4,2,0,MANUAL,54,20
fs/ext4/xattr.c,14,13,0,1,0,0,MANUAL,28,36
fs/nfs/dir.c,14,9,0,3,2,0,MANUAL,91,23
fs/super.c,14,4,0,7,3,0,MANUAL,367,81
mm/khugepaged.c,14,0,0,13,1,0,MANUAL,30,18
mm/ksm.c,14,11,0,3,0,0,MANUAL,17,17
net/netlink/af_netlink.c,14,13,0,1,0,0,MANUAL,158,38
sound/soc/sh/rcar/dma.c,14,11,0,2,1,0,MANUAL,107,55
sound/soc/sh/rcar/rsnd.h,14,5,0,5,4,0,MANUAL,56,29
sound/usb/mixer_quirks.c,14,13,0,1,0,0,MANUAL,341,17
MAINTAINERS,13,1,0,11,1,0,MANUAL,70,7
drivers/gpu/drm/rcar-du/rcar_du_kms.c,13,6,0,6,1,0,MANUAL,123,88
drivers/media/v4l2-core/v4l2-mem2mem.c,13,7,0,3,3,0,MANUAL,151,60
drivers/soc/renesas/rcar-sysc.c,13,12,0,1,0,0,MANUAL,46,47
drivers/usb/serial/option.c,13,11,0,2,0,0,MANUAL,162,22
drivers/watchdog/renesas_wdt.c,13,8,0,2,3,0,MANUAL,42,23
fs/file.c,13,5,0,4,4,0,MANUAL,226,59
fs/fuse/cuse.c,13,9,0,1,3,0,MANUAL,60,56
include/asm-generic/tlb.h,13,7,0,2,4,0,MANUAL,390,47
net/batman-adv/types.h,13,9,0,3,1,0,MANUAL,53,27
net/netfilter/nf_conncount.c,13,11,0,1,1,0,MANUAL,181,72
net/sctp/socket.c,13,10,0,2,1,0,MANUAL,32,14
crypto/authencesn.c,12,11,0,0,1,0,MANUAL,42,51
drivers/bluetooth/hci_ldisc.c,12,11,0,1,0,0,MANUAL,57,13
drivers/media/i2c/tc358743.c,12,10,0,2,0,0,MANUAL,61,35
drivers/net/ethernet/atheros/atlx/atl1.c,12,6,0,5,1,0,MANUAL,56,22
drivers/net/macvlan.c,12,10,0,2,0,0,MANUAL,55,39
fs/afs/inode.c,12,2,0,5,5,0,MANUAL,18,15
fs/afs/super.c,12,5,0,1,6,0,MANUAL,249,211
fs/ext4/extents.c,12,7,0,4,1,0,MANUAL,42,10
fs/hugetlbfs/inode.c,12,6,0,2,4,0,MANUAL,207,167
fs/nfs/nfs4proc.c,12,4,0,5,3,0,MANUAL,43,23
fs/nfs/super.c,12,3,0,2,7,0,MANUAL,10,1410
include/linux/f2fs_fs.h,12,9,0,3,0,0,MANUAL,29,11
include/linux/fscrypt.h,12,7,0,0,5,0,MANUAL,660,18
net/batman-adv/fragmentation.c,12,11,0,1,0,0,MANUAL,73,7
net/ipv4/ip_gre.c,12,9,0,0,3,0,MANUAL,46,119
net/sched/sch_netem.c,12,8,0,4,0,0,MANUAL,98,18
net/sched/sch_qfq.c,12,10,0,2,0,0,MANUAL,32,16
scripts/recordmcount.h,12,5,0,5,2,0,MANUAL,92,6
security/apparmor/apparmorfs.c,12,9,0,3,0,0,MANUAL,37,13
crypto/Kconfig,11,5,0,5,1,0,MANUAL,113,18
drivers/gpu/drm/virtio/virtgpu_kms.c,11,2,0,4,5,0,MANUAL,29,45
drivers/hwtracing/coresight/coresight-etm-perf.c,11,4,0,2,5,0,MANUAL,161,66
drivers/net/ethernet/renesas/ravb.h,11,8,0,1,2,0,MANUAL,18,19
drivers/net/ppp/ppp_generic.c,11,7,0,4,0,0,MANUAL,76,15
drivers/net/usb/pegasus.c,11,8,0,3,0,0,MANUAL,44,6
drivers/net/usb/usbnet.c,11,9,0,1,1,0,MANUAL,42,14
drivers/pci/endpoint/pci-epf-core.c,11,3,0,4,4,0,MANUAL,25,26
drivers/scsi/scsi_lib.c,11,3,0,5,3,0,MANUAL,74,16
drivers/usb/core/quirks.c,11,9,0,2,0,0,MANUAL,39,2
drivers/usb/renesas_usbhs/common.c,11,2,0,8,1,0,MANUAL,102,9
fs/afs/cmservice.c,11,4,0,3,4,0,MANUAL,111,8
fs/afs/internal.h,11,3,0,4,4,0,MANUAL,66,7
fs/ext4/page-io.c,11,1,0,6,4,0,MANUAL,17,25
include/linux/bpf_verifier.h,11,4,0,4,3,0,MANUAL,282,11
mm/workingset.c,11,5,0,0,6,0,MANUAL,175,37
net/batman-adv/bat_v_elp.c,11,9,0,1,1,0,MANUAL,91,35
Documentation/admin-guide/kernel-parameters.txt,10,4,0,6,0,0,MANUAL,54,10
drivers/char/ipmi/ipmi_ssif.c,10,9,0,1,0,0,MANUAL,56,18
drivers/gpu/drm/drm_dp_mst_topology.c,10,0,0,7,3,0,MANUAL,76,15
drivers/media/v4l2-core/v4l2-compat-ioctl32.c,10,2,0,2,6,0,MANUAL,14,5
drivers/net/ethernet/mediatek/mtk_eth_soc.h,10,5,0,4,1,0,MANUAL,166,22
drivers/net/hamradio/6pack.c,10,9,0,0,1,0,MANUAL,19,20
drivers/scsi/sg.c,10,9,0,0,1,0,MANUAL,55,12
drivers/tty/serial/sh-sci.c,10,6,0,4,0,0,MANUAL,43,12
drivers/usb/host/xhci-mem.c,10,5,0,1,4,0,MANUAL,297,76
fs/afs/write.c,10,1,0,3,6,0,MANUAL,10,9
fs/cramfs/inode.c,10,6,0,0,4,0,MANUAL,49,31
fs/inode.c,10,4,0,2,4,0,MANUAL,145,26
fs/nsfs.c,10,9,0,1,0,0,MANUAL,45,29
include/crypto/skcipher.h,10,6,0,4,0,0,MANUAL,75,0
include/linux/rculist.h,10,8,0,2,0,0,MANUAL,39,17
include/trace/events/f2fs.h,10,5,0,4,1,0,MANUAL,291,8
kernel/cgroup/cgroup-v1.c,10,3,0,2,5,0,MANUAL,43,63
kernel/events/uprobes.c,10,8,0,2,0,0,MANUAL,22,11
mm/nommu.c,10,5,0,0,5,0,MANUAL,28,22
net/bluetooth/6lowpan.c,10,9,0,1,0,0,MANUAL,76,30
net/netfilter/nf_tables_api.c,10,4,0,4,2,0,MANUAL,38,17
net/sched/sch_api.c,10,8,0,0,2,0,MANUAL,32,34
net/sched/sch_hfsc.c,10,8,0,0,2,0,MANUAL,28,29
scripts/link-vmlinux.sh,10,1,0,1,8,0,MANUAL,132,29
arch/arm64/include/asm/pgtable.h,9,3,0,5,1,0,MANUAL,39,7
arch/arm64/mm/kasan_init.c,9,2,0,5,2,0,MANUAL,29,22
arch/arm64/mm/proc.S,9,2,0,5,2,0,MANUAL,84,32
drivers/clk/renesas/renesas-cpg-mssr.c,9,8,0,1,0,0,MANUAL,43,19
drivers/dma/xilinx/xilinx_dma.c,9,7,0,2,0,0,MANUAL,36,18
drivers/gpu/drm/amd/display/dc/bios/bios_parser2.c,9,8,0,1,0,0,MANUAL,12,6
drivers/hwtracing/coresight/coresight-funnel.c,9,2,0,2,5,0,MANUAL,132,32
drivers/net/ethernet/cadence/macb_main.c,9,8,0,1,0,0,MANUAL,21,6
drivers/net/ethernet/mellanox/mlx5/core/diag/fw_tracer.c,9,8,0,1,0,0,MANUAL,107,15
drivers/net/vrf.c,9,5,0,4,0,0,MANUAL,18,11
drivers/net/wireless/realtek/rtlwifi/pci.c,9,6,0,1,2,0,MANUAL,39,25
drivers/pci/controller/dwc/pcie-designware-ep.c,9,2,0,5,2,0,MANUAL,31,8
drivers/usb/gadget/function/f_tcm.c,9,7,0,2,0,0,MANUAL,33,41
drivers/usb/serial/ftdi_sio.c,9,8,0,1,0,0,MANUAL,44,48
fs/crypto/crypto.c,9,7,0,0,2,0,MANUAL,197,302
fs/ext4/dir.c,9,4,0,2,3,0,MANUAL,27,14
fs/hfsplus/bnode.c,9,5,0,3,1,0,MANUAL,60,3
fs/kernfs/dir.c,9,4,0,1,4,0,MANUAL,12,17
include/linux/bpf-cgroup.h,9,1,0,4,4,0,MANUAL,224,27
include/linux/compiler_types.h,9,2,0,2,5,0,MANUAL,20,79
include/linux/ftrace.h,9,3,0,4,2,0,MANUAL,77,6
include/linux/hugetlb.h,9,2,0,6,1,0,MANUAL,33,12
include/net/xdp.h,9,1,0,8,0,0,MANUAL,94,3
include/trace/events/afs.h,9,3,0,5,1,0,MANUAL,363,7
include/uapi/linux/userfaultfd.h,9,4,0,5,0,0,MANUAL,46,4
kernel/bpf/offload.c,9,8,0,1,0,0,MANUAL,91,50
kernel/rcu/tree_plugin.h,9,0,0,5,4,0,MANUAL,119,38
kernel/sched/pelt.c,9,4,0,1,4,0,MANUAL,38,27
mm/huge_memory.c,9,6,0,2,1,0,MANUAL,14,14
mm/kasan/quarantine.c,9,8,0,0,1,0,MANUAL,50,9
net/bluetooth/l2cap_sock.c,9,7,0,1,1,0,MANUAL,69,18
net/bluetooth/rfcomm/sock.c,9,7,0,2,0,0,MANUAL,33,15
net/ipv4/udp_offload.c,9,2,0,5,2,0,MANUAL,117,29
net/ipv6/af_inet6.c,9,6,0,1,2,0,MANUAL,30,25
net/netfilter/ipvs/ip_vs_ctl.c,9,6,0,3,0,0,MANUAL,15,12
net/sched/act_pedit.c,9,0,0,2,7,0,MANUAL,41,39
net/sched/sch_fq_codel.c,9,8,0,1,0,0,MANUAL,7,16
security/tomoyo/tomoyo.c,9,1,0,2,6,0,MANUAL,41,12
sound/soc/mediatek/common/mtk-afe-fe-dai.c,9,1,0,3,5,0,MANUAL,674,68
sound/soc/sh/rcar/ssiu.c,9,0,0,6,3,0,MANUAL,250,27
arch/arm64/include/asm/tlbflush.h,8,0,0,5,3,0,MANUAL,84,46
drivers/edac/ie31200_edac.c,8,6,0,2,0,0,MANUAL,22,21
drivers/gpu/drm/virtio/virtgpu_display.c,8,3,0,5,0,0,MANUAL,18,10
drivers/input/joystick/xpad.c,8,5,0,3,0,0,MANUAL,9,0
drivers/input/rmi4/rmi_f34.c,8,7,0,1,0,0,MANUAL,77,60
drivers/mfd/mt6397-core.c,8,0,0,3,5,0,MANUAL,506,198
drivers/net/ethernet/sun/niu.c,8,7,0,1,0,0,MANUAL,30,1
drivers/net/slip/slhc.c,8,5,0,3,0,0,MANUAL,31,18
drivers/phy/phy-core.c,8,6,0,1,1,0,MANUAL,34,11
drivers/scsi/sr.c,8,7,0,1,0,0,MANUAL,11,16
drivers/thunderbolt/property.c,8,6,0,2,0,0,MANUAL,30,9
fs/crypto/hooks.c,8,5,0,1,2,0,MANUAL,84,15
fs/f2fs/xattr.h,8,5,0,2,1,0,MANUAL,17,11
fs/hfs/bnode.c,8,3,0,4,1,0,MANUAL,99,0
fs/jffs2/fs.c,8,7,0,0,1,0,MANUAL,12,11
fs/proc/task_nommu.c,8,5,0,2,1,0,MANUAL,9,9
fs/romfs/super.c,8,7,0,0,1,0,MANUAL,28,18
include/asm-generic/vmlinux.lds.h,8,1,0,4,3,0,MANUAL,42,21
include/drm/drm_atomic.h,8,6,0,2,0,0,MANUAL,27,3
include/media/videobuf2-v4l2.h,8,5,0,3,0,0,MANUAL,35,2
include/net/tls.h,8,1,0,5,2,0,MANUAL,82,21
kernel/acct.c,8,7,0,1,0,0,MANUAL,88,57
kernel/trace/ring_buffer.c,8,7,0,1,0,0,MANUAL,10,8
net/ipv6/seg6_iptunnel.c,8,3,0,4,1,0,MANUAL,24,12
net/tls/tls_main.c,8,2,0,2,4,0,MANUAL,29,46
scripts/dtc/srcpos.c,8,6,0,1,1,0,MANUAL,141,30
scripts/dtc/treesource.c,8,6,0,1,1,0,MANUAL,170,115
Documentation/ABI/testing/configfs-usb-gadget-uvc,7,0,0,3,4,0,MANUAL,28,3
arch/arm64/kernel/entry.S,7,0,0,1,6,0,MANUAL,31,4
arch/arm64/kernel/process.c,7,2,0,3,2,0,MANUAL,80,1
drivers/base/power/domain.c,7,2,0,3,2,0,MANUAL,17,5
drivers/gpu/drm/panel/Kconfig,7,0,0,4,3,0,MANUAL,1197,67
drivers/gpu/drm/rcar-du/rcar_du_group.c,7,5,0,1,1,0,MANUAL,106,33
drivers/hid/hid-quirks.c,7,6,0,1,0,0,MANUAL,30,0
drivers/infiniband/core/iwcm.c,7,6,0,1,0,0,MANUAL,19,19
drivers/infiniband/core/umem.c,7,0,0,0,7,0,MANUAL,16,15
drivers/net/geneve.c,7,3,0,3,1,0,MANUAL,11,34
drivers/net/wireless/broadcom/brcm80211/brcmfmac/p2p.c,7,4,0,3,0,0,MANUAL,10,11
drivers/nvdimm/region_devs.c,7,5,0,2,0,0,MANUAL,32,13
drivers/power/supply/power_supply_sysfs.c,7,0,0,2,5,0,MANUAL,222,3
drivers/spi/spi-mem.c,7,3,0,3,1,0,MANUAL,255,27
drivers/tee/tee_core.c,7,6,0,1,0,0,MANUAL,7,6
drivers/tty/serial/8250/8250_dw.c,7,1,0,3,3,0,MANUAL,39,43
drivers/tty/vt/defkeymap.c_shipped,7,1,0,6,0,0,MANUAL,112,0
drivers/usb/host/xhci-mtk.c,7,0,0,4,3,0,MANUAL,146,16
drivers/usb/mtu3/mtu3_dr.c,7,1,0,3,3,0,MANUAL,402,102
drivers/usb/mtu3/mtu3_host.c,7,3,0,4,0,0,MANUAL,57,4
drivers/usb/typec/class.c,7,3,0,2,2,0,MANUAL,39,11
drivers/usb/typec/mux/pi3usb30532.c,7,5,0,2,0,0,MANUAL,27,19
fs/btrfs/super.c,7,6,0,1,0,0,MANUAL,13,74
fs/crypto/policy.c,7,1,0,2,4,0,MANUAL,653,104
fs/efivarfs/super.c,7,6,0,1,0,0,MANUAL,19,13
fs/fuse/control.c,7,4,0,0,3,0,MANUAL,42,12
fs/gfs2/super.c,7,2,0,1,4,0,MANUAL,14,338
fs/hfsplus/inode.c,7,6,0,1,0,0,MANUAL,39,5
fs/kernfs/inode.c,7,3,0,3,1,0,MANUAL,144,93
fs/ocfs2/quota_local.c,7,6,0,0,1,0,MANUAL,6,13
include/linux/spi/spi-mem.h,7,1,0,6,0,0,MANUAL,94,0
include/linux/tcp.h,7,3,0,4,0,0,MANUAL,23,8
include/net/flow_dissector.h,7,3,0,4,0,0,MANUAL,37,11
include/net/ip_tunnels.h,7,3,0,3,1,0,MANUAL,24,5
include/net/xfrm.h,7,5,0,1,1,0,MANUAL,39,11
include/uapi/linux/android/binder.h,7,5,0,2,0,0,MANUAL,113,1
kernel/Makefile,7,1,0,3,3,0,MANUAL,20,2
kernel/bpf/reuseport_array.c,7,6,0,0,1,0,MANUAL,23,23
kernel/kallsyms.c,7,2,0,3,2,0,MANUAL,50,7
kernel/locking/rwsem.c,7,1,0,4,2,0,MANUAL,14,5
kernel/rcu/tree.c,7,0,0,5,2,0,MANUAL,18,0
mm/kasan/report.c,7,2,0,1,4,0,MANUAL,109,208
net/core/netpoll.c,7,5,0,1,1,0,MANUAL,42,12
net/ipv4/tcp_cong.c,7,6,0,0,1,0,MANUAL,9,16
net/netfilter/nfnetlink_osf.c,7,5,0,0,2,0,MANUAL,32,28
net/openvswitch/datapath.c,7,6,0,0,1,0,MANUAL,44,6
net/rfkill/core.c,7,2,0,3,2,0,MANUAL,27,13
net/xdp/xdp_umem.c,7,0,0,1,6,0,MANUAL,72,35
scripts/dtc/dtx_diff,7,6,0,1,0,0,MANUAL,24,5
scripts/dtc/libfdt/fdt.c,7,4,0,1,2,0,MANUAL,157,72
Documentation/admin-guide/cgroup-v2.rst,6,1,0,5,0,0,MANUAL,78,0
arch/arm64/boot/dts/mediatek/mt7622.dtsi,6,4,0,1,1,0,MANUAL,54,1
arch/arm64/kernel/head.S,6,0,0,4,2,0,MANUAL,100,7
arch/arm64/kvm/hyp/entry.S,6,1,0,3,2,0,MANUAL,23,20
block/blk-merge.c,6,0,0,2,4,0,MANUAL,15,1
block/genhd.c,6,0,0,1,5,0,MANUAL,5,14
drivers/base/arch_topology.c,6,1,0,2,3,0,MANUAL,151,1
drivers/base/property.c,6,0,0,3,3,0,MANUAL,63,5
drivers/gpu/drm/rcar-du/rcar_du_vsp.c,6,5,0,1,0,0,MANUAL,7,40
drivers/infiniband/hw/usnic/usnic_uiom.c,6,0,0,0,6,0,MANUAL,12,11
drivers/media/platform/omap3isp/ispvideo.c,6,5,0,0,1,0,MANUAL,13,5
drivers/media/platform/qcom/venus/hfi_venus.c,6,5,0,1,0,0,MANUAL,21,2
drivers/media/platform/rcar-vin/rcar-csi2.c,6,1,0,4,1,0,MANUAL,39,8
drivers/media/platform/rcar-vin/rcar-dma.c,6,2,0,3,1,0,MANUAL,15,2
drivers/media/v4l2-core/v4l2-dev.c,6,5,0,0,1,0,MANUAL,27,13
drivers/misc/sgi-gru/grufault.c,6,5,0,0,1,0,MANUAL,9,9
drivers/net/ethernet/broadcom/tg3.c,6,5,0,1,0,0,MANUAL,60,5
drivers/net/ethernet/freescale/fec_main.c,6,5,0,1,0,0,MANUAL,56,21
drivers/rtc/rtc-rx8581.c,6,4,0,1,1,0,MANUAL,105,9
drivers/scsi/pm8001/pm8001_sas.c,6,1,0,3,2,0,MANUAL,11,1
drivers/scsi/ufs/ufshcd-pltfrm.c,6,2,0,3,1,0,MANUAL,109,8
drivers/thermal/rcar_thermal.c,6,4,0,1,1,0,MANUAL,14,1
drivers/usb/class/cdc-acm.c,6,3,0,3,0,0,MANUAL,28,13
drivers/usb/class/usbtmc.c,6,4,0,2,0,0,MANUAL,22,2
drivers/usb/typec/mux.c,6,1,0,0,5,0,MANUAL,237,58
drivers/vhost/vhost.c,6,2,0,4,0,0,MANUAL,9,0
drivers/xen/xenbus/xenbus_probe.c,6,4,0,1,1,0,MANUAL,35,10
fs/afs/vlclient.c,6,0,0,0,6,0,MANUAL,20,10
fs/jbd2/transaction.c,6,1,0,1,4,0,MANUAL,16,13
fs/jffs2/super.c,6,2,0,1,3,0,MANUAL,83,89
fs/nfs/client.c,6,3,0,2,1,0,MANUAL,42,4
fs/nfs/internal.h,6,0,0,4,2,0,MANUAL,33,16
fs/nfsd/nfs4state.c,6,4,0,1,1,0,MANUAL,48,5
include/drm/drm_dp_mst_helper.h,6,1,0,4,1,0,MANUAL,42,0
include/linux/libnvdimm.h,6,4,0,2,0,0,MANUAL,9,10
include/linux/pci-epc.h,6,2,0,1,3,0,MANUAL,70,25
include/linux/pci-epf.h,6,0,0,4,2,0,MANUAL,27,5
include/linux/pm_wakeup.h,6,2,0,2,2,0,MANUAL,14,20
kernel/bpf/disasm.c,6,5,0,0,1,0,MANUAL,23,26
kernel/bpf/map_in_map.c,6,3,0,3,0,0,MANUAL,18,20
kernel/power/wakelock.c,6,5,0,1,0,0,MANUAL,19,13
kernel/rcu/update.c,6,3,0,0,3,0,MANUAL,65,400
lib/Makefile,6,1,0,4,1,0,MANUAL,13,3
mm/kasan/kasan.h,6,1,0,2,3,0,MANUAL,74,5
net/bluetooth/smp.c,6,4,0,2,0,0,MANUAL,26,8
net/ceph/osdmap.c,6,5,0,1,0,0,MANUAL,73,74
net/core/sock_reuseport.c,6,3,0,2,1,0,MANUAL,21,29
net/ipv4/fib_trie.c,6,3,0,0,3,0,MANUAL,12,11
net/ipv4/inet_hashtables.c,6,2,0,4,0,0,MANUAL,38,3
net/ipv4/tcp_minisocks.c,6,4,0,0,2,0,MANUAL,11,18
net/ipv6/ip6_vti.c,6,5,0,1,0,0,MANUAL,19,7
net/netfilter/nft_connlimit.c,6,4,0,0,2,0,MANUAL,41,33
net/rose/af_rose.c,6,5,0,1,0,0,MANUAL,24,10
net/sched/sch_fq.c,6,3,0,3,0,0,MANUAL,12,8
net/sctp/sysctl.c,6,5,0,1,0,0,MANUAL,16,25
net/wireless/chan.c,6,1,0,5,0,0,MANUAL,159,0
security/apparmor/policy_unpack.c,6,4,0,2,0,0,MANUAL,83,3
security/selinux/ss/mls.c,6,4,0,0,2,0,MANUAL,91,113
security/smack/smack.h,6,4,0,1,1,0,MANUAL,39,5
security/tomoyo/common.h,6,3,0,1,2,0,MANUAL,20,2
sound/usb/quirks.c,6,4,0,2,0,0,MANUAL,36,14
Documentation/dev-tools/kasan.rst,5,0,0,0,5,0,MANUAL,138,94
arch/arm64/Makefile,5,0,0,2,3,0,MANUAL,50,7
arch/arm64/boot/dts/renesas/r8a77965.dtsi,5,4,0,0,1,0,MANUAL,5,5
arch/arm64/include/asm/alternative.h,5,0,0,0,5,0,MANUAL,9,9
arch/arm64/include/asm/memory.h,5,0,0,3,2,0,MANUAL,66,13
arch/arm64/kernel/cpufeature.c,5,1,0,0,4,0,MANUAL,6,5
arch/arm64/kernel/vdso.c,5,1,0,0,4,0,MANUAL,307,132
crypto/Makefile,5,1,0,4,0,0,MANUAL,7,2
crypto/chacha20poly1305.c,5,3,0,2,0,0,MANUAL,5,5
crypto/testmgr.c,5,0,0,5,0,0,MANUAL,88,0
drivers/acpi/property.c,5,4,0,1,0,0,MANUAL,28,5
drivers/atm/fore200e.c,5,3,0,2,0,0,MANUAL,7,28
drivers/char/ipmi/ipmi_watchdog.c,5,4,0,1,0,0,MANUAL,42,17
drivers/clk/renesas/r8a7795-cpg-mssr.c,5,1,0,4,0,0,MANUAL,13,12
drivers/clk/renesas/r8a7796-cpg-mssr.c,5,0,0,5,0,0,MANUAL,10,9
drivers/cpufreq/cpufreq-dt.c,5,0,0,4,1,0,MANUAL,6,1
drivers/devfreq/governor_userspace.c,5,3,0,2,0,0,MANUAL,6,6
drivers/gpu/drm/amd/amdgpu/amdgpu_amdkfd_gpuvm.c,5,2,0,3,0,0,MANUAL,10,7
drivers/gpu/drm/drm_file.c,5,0,0,5,0,0,MANUAL,23,6
drivers/gpu/drm/rcar-du/rcar_du_crtc.h,5,2,0,2,1,0,MANUAL,7,5
drivers/gpu/drm/virtio/virtgpu_plane.c,5,0,0,1,4,0,MANUAL,52,13
drivers/hid/wacom_sys.c,5,4,0,1,0,0,MANUAL,17,5
drivers/infiniband/hw/qib/qib_fs.c,5,4,0,1,0,0,MANUAL,18,9
drivers/input/evdev.c,5,4,0,1,0,0,MANUAL,8,27
drivers/iommu/ipmmu-vmsa.c,5,1,0,1,3,0,MANUAL,46,10
drivers/media/i2c/adv7842.c,5,4,0,1,0,0,MANUAL,6,5
drivers/net/can/rcar/rcar_can.c,5,4,0,0,1,0,MANUAL,10,20
drivers/net/ethernet/agere/et131x.c,5,4,0,1,0,0,MANUAL,36,0
drivers/net/ethernet/stmicro/stmmac/dwxgmac2_dma.c,5,2,0,2,1,0,MANUAL,22,9
drivers/net/ppp/pptp.c,5,3,0,2,0,0,MANUAL,11,12
drivers/nvdimm/pmem.c,5,0,0,4,1,0,MANUAL,9,6
drivers/nvme/host/core.c,5,1,0,1,3,0,MANUAL,19,12
drivers/pci/endpoint/pci-ep-cfs.c,5,3,0,0,2,0,MANUAL,7,22
drivers/pci/quirks.c,5,4,0,1,0,0,MANUAL,24,0
drivers/pinctrl/mvebu/pinctrl-armada-37xx.c,5,4,0,1,0,0,MANUAL,21,14
drivers/pinctrl/pinctrl-single.c,5,4,0,1,0,0,MANUAL,21,10
drivers/power/supply/wm97xx_battery.c,5,2,0,2,1,0,MANUAL,19,26
drivers/rtc/nvmem.c,5,0,0,0,5,0,MANUAL,10,19
drivers/scsi/ufs/ufs_quirks.h,5,4,0,1,0,0,MANUAL,35,43
drivers/soc/ti/knav_dma.c,5,3,0,2,0,0,MANUAL,7,7
drivers/usb/chipidea/udc.c,5,3,0,1,1,0,MANUAL,40,36
drivers/usb/core/message.c,5,2,0,2,1,0,MANUAL,70,11
drivers/usb/roles/class.c,5,1,0,2,2,0,MANUAL,41,5
drivers/vfio/vfio_iommu_type1.c,5,0,0,2,3,0,MANUAL,10,7
fs/afs/rxrpc.c,5,2,0,2,1,0,MANUAL,19,3
fs/aio.c,5,3,0,2,0,0,MANUAL,9,11
fs/anon_inodes.c,5,4,0,1,0,0,MANUAL,126,45
fs/btrfs/transaction.c,5,3,0,2,0,0,MANUAL,10,7
fs/btrfs/tree-log.c,5,4,0,0,1,0,MANUAL,38,19
fs/ceph/file.c,5,3,0,1,1,0,MANUAL,18,3
fs/cifs/smbdirect.c,5,2,0,2,1,0,MANUAL,21,10
fs/f2fs/hash.c,5,3,0,1,1,0,MANUAL,51,22
fs/gfs2/file.c,5,2,0,1,2,0,MANUAL,18,10
fs/gfs2/ops_fstype.c,5,2,0,0,3,0,MANUAL,374,121
fs/nfs/inode.c,5,4,0,0,1,0,MANUAL,13,1
fs/nfsd/blocklayout.c,5,2,0,2,1,0,MANUAL,7,5
fs/proc/proc_sysctl.c,5,3,0,1,1,0,MANUAL,59,23
include/linux/coresight.h,5,1,0,2,2,0,MANUAL,36,15
include/linux/fwnode.h,5,0,0,4,1,0,MANUAL,50,0
include/linux/genhd.h,5,0,0,1,4,0,MANUAL,17,3
include/linux/pm_opp.h,5,1,0,4,0,0,MANUAL,16,0
include/linux/printk.h,5,1,0,3,1,0,MANUAL,60,2
include/linux/sched/sysctl.h,5,0,0,1,4,0,MANUAL,38,9
include/linux/slab.h,5,3,0,0,2,0,MANUAL,59,12
include/linux/trace_events.h,5,3,0,2,0,0,MANUAL,10,4
include/linux/userfaultfd_k.h,5,0,0,5,0,0,MANUAL,66,1
include/net/udp.h,5,3,0,1,1,0,MANUAL,42,11
include/net/udp_tunnel.h,5,4,0,1,0,0,MANUAL,140,2
include/trace/events/mmflags.h,5,3,0,1,1,0,MANUAL,11,2
include/trace/events/xdp.h,5,2,0,1,2,0,MANUAL,97,78
include/uapi/linux/sched/types.h,5,3,0,2,0,0,MANUAL,57,13
kernel/irq_work.c,5,0,0,0,5,0,MANUAL,10,9
net/Kconfig,5,0,0,4,1,0,MANUAL,23,2
net/ipv4/ip_tunnel.c,5,1,0,1,3,0,MANUAL,18,4
net/llc/llc_s_ac.c,5,4,0,1,0,0,MANUAL,27,22
net/netfilter/nft_set_hash.c,5,3,0,2,0,0,MANUAL,23,2
net/openvswitch/conntrack.c,5,4,0,1,0,0,MANUAL,9,17
net/sched/sch_htb.c,5,4,0,1,0,0,MANUAL,9,8
net/sunrpc/cache.c,5,4,0,1,0,0,MANUAL,6,10
net/wireless/util.c,5,2,0,3,0,0,MANUAL,47,6
security/Kconfig,5,2,0,1,2,0,MANUAL,35,12
security/apparmor/policy.c,5,4,0,0,1,0,MANUAL,68,5
security/selinux/Kconfig,5,4,0,1,0,0,MANUAL,19,18
sound/usb/mixer.c,5,4,0,1,0,0,MANUAL,38,2
tools/testing/selftests/net/forwarding/tc_actions.sh,5,4,0,0,1,0,MANUAL,18,8
virt/kvm/kvm_main.c,5,4,0,0,1,0,MANUAL,5,5
arch/arm64/boot/dts/mediatek/mt8173.dtsi,4,2,0,2,0,0,MANUAL,144,4
arch/arm64/crypto/Makefile,4,0,0,2,2,0,MANUAL,12,3
arch/arm64/include/asm/cputype.h,4,2,0,2,0,0,MANUAL,10,0
arch/arm64/include/asm/processor.h,4,0,0,3,1,0,MANUAL,11,6
arch/arm64/include/asm/uaccess.h,4,0,0,1,3,0,MANUAL,14,10
arch/arm64/kernel/traps.c,4,1,0,1,2,0,MANUAL,101,5
crypto/aes_generic.c,4,1,0,1,2,0,MANUAL,5,4
drivers/ata/ahci.c,4,2,0,2,0,0,MANUAL,16,0
drivers/base/node.c,4,1,0,0,3,0,MANUAL,23,8
drivers/block/zram/zram_drv.h,4,1,0,1,2,0,MANUAL,42,13
drivers/bluetooth/btusb.c,4,2,0,2,0,0,MANUAL,12,5
drivers/cdrom/cdrom.c,4,3,0,1,0,0,MANUAL,49,26
drivers/clk/renesas/r8a77965-cpg-mssr.c,4,0,0,4,0,0,MANUAL,8,8
drivers/clocksource/timer-vf-pit.c,4,3,0,1,0,0,MANUAL,11,11
drivers/cpufreq/scmi-cpufreq.c,4,0,0,2,2,0,MANUAL,35,1
drivers/crypto/ccp/psp-dev.c,4,0,0,0,4,0,MANUAL,14,2
drivers/crypto/qat/qat_common/adf_ctl_drv.c,4,0,0,0,4,0,MANUAL,14,26
drivers/dma/stm32-dmamux.c,4,3,0,1,0,0,MANUAL,12,6
drivers/gpu/drm/drm_atomic.c,4,1,0,0,3,0,MANUAL,138,0
drivers/gpu/drm/exynos/exynos_drm_vidi.c,4,3,0,1,0,0,MANUAL,13,1
drivers/gpu/drm/mediatek/mtk_disp_color.c,4,0,0,0,4,0,MANUAL,3616,68
drivers/gpu/drm/mediatek/mtk_disp_ovl.c,4,0,0,0,4,0,MANUAL,3773,186
drivers/gpu/drm/mediatek/mtk_drm_ddp_comp.c,4,0,0,0,4,0,MANUAL,1214,200
drivers/gpu/drm/rcar-du/rcar_du_drv.h,4,2,0,2,0,0,MANUAL,13,6
drivers/gpu/drm/vc4/vc4_gem.c,4,3,0,1,0,0,MANUAL,11,8
drivers/gpu/drm/virtio/virtgpu_drv.c,4,0,0,1,3,0,MANUAL,100,5
drivers/gpu/drm/virtio/virtgpu_fence.c,4,0,0,1,3,0,MANUAL,33,21
drivers/gpu/drm/virtio/virtgpu_gem.c,4,0,0,1,3,0,MANUAL,14,23
drivers/hid/hid-multitouch.c,4,3,0,1,0,0,MANUAL,15,1
drivers/hwmon/gpio-fan.c,4,3,0,1,0,0,MANUAL,15,2
drivers/hwtracing/coresight/coresight-etm4x.h,4,0,0,4,0,0,MANUAL,64,0
drivers/iio/dac/ad5686.c,4,3,0,1,0,0,MANUAL,10,4
drivers/iio/humidity/dht11.c,4,3,0,1,0,0,MANUAL,4,4
drivers/iommu/Makefile,4,0,0,4,0,0,MANUAL,15,0
drivers/media/dvb-core/dvb_vb2.c,4,3,0,1,0,0,MANUAL,5,5
drivers/media/platform/Kconfig,4,0,0,1,3,0,MANUAL,61,7
drivers/media/platform/mtk-jpeg/mtk_jpeg_core.h,4,0,0,0,4,0,MANUAL,144,26
drivers/media/platform/mtk-vcodec/vdec_drv_if.c,4,0,0,1,3,0,MANUAL,166,45
drivers/media/platform/mtk-vcodec/venc_drv_base.h,4,0,0,3,1,0,MANUAL,16,19
drivers/media/platform/mtk-vcodec/venc_drv_if.c,4,0,0,0,4,0,MANUAL,143,46
drivers/media/v4l2-core/v4l2-async.c,4,2,0,1,1,0,MANUAL,75,8
drivers/mmc/host/renesas_sdhi_internal_dmac.c,4,2,0,1,1,0,MANUAL,8,4
drivers/net/ethernet/rocker/rocker_ofdpa.c,4,0,0,1,3,0,MANUAL,5,5
drivers/net/ethernet/stmicro/stmmac/hwif.c,4,0,0,4,0,0,MANUAL,4,4
drivers/net/gtp.c,4,3,0,1,0,0,MANUAL,20,17
drivers/ntb/hw/mscc/ntb_hw_switchtec.c,4,3,0,1,0,0,MANUAL,11,3
drivers/nvme/host/fc.c,4,2,0,2,0,0,MANUAL,12,6
drivers/of/fdt.c,4,0,0,2,2,0,MANUAL,184,25
drivers/pci/controller/pcie-rockchip-ep.c,4,1,0,1,2,0,MANUAL,27,9
drivers/pinctrl/pinctrl-mcp23s08.c,4,1,0,3,0,0,MANUAL,6,0
drivers/scsi/ufs/unipro.h,4,3,0,1,0,0,MANUAL,23,7
drivers/spi/spi.c,4,1,0,0,3,0,MANUAL,31,2
drivers/staging/axis-fifo/axis-fifo.c,4,2,0,2,0,0,MANUAL,70,188
drivers/staging/rtl8723bs/core/rtw_security.c,4,3,0,1,0,0,MANUAL,15,33
drivers/tty/serial/8250/8250_pci.c,4,3,0,1,0,0,MANUAL,53,0
drivers/usb/dwc3/gadget.c,4,2,0,2,0,0,MANUAL,49,0
drivers/usb/gadget/function/uvc_queue.h,4,3,0,1,0,0,MANUAL,7,3
drivers/vfio/vfio_iommu_spapr_tce.c,4,0,0,0,4,0,MANUAL,4,4
fs/afs/file.c,4,2,0,2,0,0,MANUAL,4,4
fs/afs/server.c,4,0,0,2,2,0,MANUAL,9,1
fs/btrfs/inode.c,4,1,0,2,1,0,MANUAL,20,18
fs/btrfs/ioctl.c,4,3,0,1,0,0,MANUAL,8,3
fs/ext4/move_extent.c,4,3,0,0,1,0,MANUAL,12,13
fs/fuse/xattr.c,4,0,0,4,0,0,MANUAL,38,38
fs/nfs/pnfs.c,4,3,0,0,1,0,MANUAL,12,5
fs/nfsd/nfs4proc.c,4,3,0,1,0,0,MANUAL,16,21
fs/nfsd/nfsctl.c,4,2,0,1,1,0,MANUAL,26,7
fs/pipe.c,4,2,0,1,1,0,MANUAL,74,5
fs/proc/stat.c,4,0,0,0,4,0,MANUAL,4,4
fs/ubifs/super.c,4,1,0,2,1,0,MANUAL,14,1
include/crypto/blake2s.h,4,3,0,0,1,0,MANUAL,31,26
include/drm/drm_panel.h,4,0,0,4,0,0,MANUAL,37,0
include/linux/bio.h,4,0,0,1,3,0,MANUAL,12,0
include/linux/bpf_types.h,4,2,0,1,1,0,MANUAL,91,23
include/linux/delayacct.h,4,3,0,1,0,0,MANUAL,23,0
include/linux/dma-iommu.h,4,0,0,1,3,0,MANUAL,30,0
include/linux/hrtimer.h,4,0,0,2,2,0,MANUAL,6,17
include/linux/huge_mm.h,4,1,0,1,2,0,MANUAL,6,6
include/linux/init.h,4,2,0,0,2,0,MANUAL,26,6
include/linux/input.h,4,2,0,2,0,0,MANUAL,14,0
include/linux/kasan.h,4,0,0,1,3,0,MANUAL,77,26
include/linux/list.h,4,0,0,4,0,0,MANUAL,34,10
include/linux/mount.h,4,2,0,1,1,0,MANUAL,10,1
include/linux/overflow.h,4,2,0,0,2,0,MANUAL,60,41
include/linux/page-flags-layout.h,4,0,0,2,2,0,MANUAL,17,2
include/linux/phy/phy.h,4,0,0,1,3,0,MANUAL,13,3
include/linux/property.h,4,0,0,4,0,0,MANUAL,53,0
include/linux/rcupdate.h,4,3,0,1,0,0,MANUAL,39,1
include/linux/rwsem.h,4,0,0,1,3,0,MANUAL,45,1
include/linux/syscalls.h,4,1,0,3,0,0,MANUAL,11,0
include/linux/uaccess.h,4,0,0,2,2,0,MANUAL,78,2
include/linux/uio.h,4,1,0,2,1,0,MANUAL,33,15
include/net/ndisc.h,4,3,0,1,0,0,MANUAL,42,0
include/net/route.h,4,3,0,0,1,0,MANUAL,39,4
include/uapi/linux/btf.h,4,1,0,1,2,0,MANUAL,64,6
include/uapi/linux/virtio_gpu.h,4,1,0,3,0,0,MANUAL,27,1
kernel/pid.c,4,1,0,3,0,0,MANUAL,72,1
kernel/trace/Kconfig,4,1,0,3,0,0,MANUAL,42,1
kernel/trace/trace_uprobe.c,4,2,0,2,0,0,MANUAL,8,4
kernel/umh.c,4,1,0,0,3,0,MANUAL,5,117
mm/maccess.c,4,0,0,2,2,0,MANUAL,26,3
mm/msync.c,4,3,0,1,0,0,MANUAL,6,4
mm/page_io.c,4,0,0,3,1,0,MANUAL,24,3
mm/pagewalk.c,4,0,0,0,4,0,MANUAL,8,3
net/bluetooth/af_bluetooth.c,4,0,0,4,0,0,MANUAL,55,0
net/bluetooth/sco.c,4,3,0,1,0,0,MANUAL,16,10
net/bpf/test_run.c,4,1,0,0,3,0,MANUAL,751,44
net/bpfilter/bpfilter_kern.c,4,0,0,1,3,0,MANUAL,54,40
net/ceph/debugfs.c,4,3,0,1,0,0,MANUAL,10,4
net/compat.c,4,0,0,0,4,0,MANUAL,2,109
net/core/netprio_cgroup.c,4,3,0,1,0,0,MANUAL,4,4
net/ipv4/devinet.c,4,3,0,1,0,0,MANUAL,5,7
net/ipv4/icmp.c,4,3,0,1,0,0,MANUAL,8,4
net/ipv4/tcp_bbr.c,4,1,0,1,2,0,MANUAL,7,6
net/ipv4/tcp_timer.c,4,2,0,1,1,0,MANUAL,10,6
net/ipv4/tcp_ulp.c,4,3,0,1,0,0,MANUAL,14,57
net/ipv6/ah6.c,4,3,0,1,0,0,MANUAL,31,19
net/ipv6/ip6_input.c,4,3,0,0,1,0,MANUAL,26,28
net/ipv6/seg6_hmac.c,4,2,0,2,0,0,MANUAL,7,1
net/mpls/af_mpls.c,4,3,0,1,0,0,MANUAL,5,6
net/netfilter/nft_ct.c,4,3,0,1,0,0,MANUAL,7,7
net/nfc/nci/core.c,4,2,0,2,0,0,MANUAL,21,4
net/sunrpc/rpc_pipe.c,4,3,0,0,1,0,MANUAL,26,8
net/sunrpc/sysctl.c,4,1,0,2,1,0,MANUAL,13,14
scripts/dtc/fstree.c,4,3,0,0,1,0,MANUAL,6,20
security/apparmor/match.c,4,3,0,1,0,0,MANUAL,42,16
security/selinux/include/objsec.h,4,3,0,1,0,0,MANUAL,50,16
sound/soc/intel/boards/bytcr_rt5640.c,4,3,0,1,0,0,MANUAL,34,3
sound/usb/format.c,4,3,0,1,0,0,MANUAL,17,2
sound/usb/validate.c,4,3,0,1,0,0,MANUAL,14,2
tools/perf/util/python.c,4,2,0,2,0,0,MANUAL,11,2
Documentation/devicetree/bindings/mailbox/mtk-gce.txt,3,0,0,1,2,0,MANUAL,9,5
"Documentation/devicetree/bindings/timer/mediatek,mtk-timer.txt",3,2,0,1,0,0,MANUAL,8,3
arch/arm64/boot/dts/amlogic/meson-gxbb.dtsi,3,2,0,1,0,0,MANUAL,9,0
arch/arm64/boot/dts/amlogic/meson-gxl.dtsi,3,2,0,1,0,0,MANUAL,9,0
arch/arm64/include/asm/atomic_lse.h,3,0,0,2,1,0,MANUAL,104,23
arch/arm64/include/asm/mmu_context.h,3,1,0,1,1,0,MANUAL,3,3
arch/arm64/include/asm/syscall_wrapper.h,3,0,0,1,2,0,MANUAL,12,3
arch/arm64/include/asm/tlb.h,3,2,0,0,1,0,MANUAL,17,21
arch/arm64/kernel/cpu_errata.c,3,0,0,1,2,0,MANUAL,53,4
arch/arm64/kernel/debug-monitors.c,3,1,0,1,1,0,MANUAL,60,25
arch/arm64/kernel/efi-rt-wrapper.S,3,1,0,2,0,0,MANUAL,20,1
arch/arm64/kernel/irq.c,3,0,0,2,1,0,MANUAL,3,0
arch/arm64/kernel/signal32.c,3,1,0,0,2,0,MANUAL,27,48
arch/arm64/kernel/vdso/Makefile,3,0,0,2,1,0,MANUAL,39,15
arch/arm64/lib/Makefile,3,0,0,1,2,0,MANUAL,16,3
arch/arm64/mm/cache.S,3,0,0,1,2,0,MANUAL,75,2
block/blk-iolatency.c,3,1,0,1,1,0,MANUAL,5,3
crypto/seqiv.c,3,2,0,1,0,0,MANUAL,5,3
drivers/Kconfig,3,2,0,1,0,0,MANUAL,20,0
drivers/base/dd.c,3,0,0,2,1,0,MANUAL,10,0
drivers/base/regmap/regmap-irq.c,3,0,0,3,0,0,MANUAL,9,0
drivers/block/zram/Kconfig,3,0,0,1,2,0,MANUAL,73,3
drivers/block/zram/zcomp.c,3,0,0,1,2,0,MANUAL,341,131
drivers/char/tpm/tpm_tis_core.c,3,2,0,0,1,0,MANUAL,6,2
drivers/clk/bcm/clk-bcm2835.c,3,0,0,3,0,0,MANUAL,3,3
drivers/clk/renesas/rcar-gen3-cpg.h,3,1,0,2,0,0,MANUAL,32,6
drivers/cpufreq/s5pv210-cpufreq.c,3,2,0,1,0,0,MANUAL,4,2
drivers/cpuidle/governors/menu.c,3,1,0,0,2,0,MANUAL,10,6
drivers/dma/ti/edma.c,3,2,0,1,0,0,MANUAL,3,4
drivers/firmware/efi/cper.c,3,2,0,1,0,0,MANUAL,62,1
drivers/gpio/gpio-bcm-kona.c,3,1,0,1,1,0,MANUAL,5,3
drivers/gpu/drm/amd/amdgpu/amdgpu_ttm.c,3,0,0,2,1,0,MANUAL,4,4
drivers/gpu/drm/amd/amdkfd/kfd_chardev.c,3,2,0,1,0,0,MANUAL,7,3
drivers/gpu/drm/mediatek/mtk_drm_crtc.c,3,0,0,0,3,0,MANUAL,10011,432
drivers/gpu/drm/mediatek/mtk_drm_ddp_comp.h,3,0,0,0,3,0,MANUAL,447,63
drivers/gpu/drm/rcar-du/rcar_du_encoder.c,3,0,0,2,1,0,MANUAL,17,12
drivers/hid/wacom_wac.c,3,2,0,1,0,0,MANUAL,15,0
drivers/hwtracing/coresight/coresight-tpiu.c,3,1,0,0,2,0,MANUAL,10,5
drivers/i2c/busses/Makefile,3,0,0,2,1,0,MANUAL,5,1
drivers/iio/adc/spear_adc.c,3,2,0,1,0,0,MANUAL,5,4
drivers/infiniband/core/umem_odp.c,3,0,0,0,3,0,MANUAL,5,5
drivers/infiniband/hw/hfi1/user_pages.c,3,0,0,0,3,0,MANUAL,6,6
drivers/media/dvb-frontends/dib7000p.c,3,1,0,2,0,0,MANUAL,14,2
drivers/media/platform/mtk-vcodec/vdec_drv_base.h,3,0,0,1,2,0,MANUAL,13,14
drivers/media/rc/streamzap.c,3,1,0,2,0,0,MANUAL,44,32
drivers/media/usb/uvc/uvc_video.c,3,2,0,1,0,0,MANUAL,15,6
drivers/media/v4l2-core/videobuf-dma-sg.c,3,1,0,1,1,0,MANUAL,6,6
drivers/mfd/Makefile,3,0,0,1,2,0,MANUAL,43,1
drivers/misc/mei/mei-trace.h,3,0,0,0,3,0,MANUAL,9,9
drivers/mmc/host/renesas_sdhi_core.c,3,0,0,3,0,0,MANUAL,8,0
drivers/mmc/host/sdhci.c,3,0,0,2,1,0,MANUAL,1,5
drivers/mtd/mtdsuper.c,3,1,0,1,1,0,MANUAL,80,94
drivers/mtd/nand/raw/sunxi_nand.c,3,0,0,1,2,0,MANUAL,5,3
drivers/net/bonding/bond_main.c,3,2,0,1,0,0,MANUAL,15,8
drivers/net/can/spi/mcp251x.c,3,1,0,2,0,0,MANUAL,21,4
drivers/net/can/usb/ems_usb.c,3,2,0,1,0,0,MANUAL,13,2
drivers/net/ethernet/amd/xgbe/xgbe-mdio.c,3,2,0,1,0,0,MANUAL,10,0
drivers/net/ethernet/cavium/liquidio/lio_main.c,3,1,0,2,0,0,MANUAL,17,17
drivers/net/ethernet/intel/i40e/i40e.h,3,2,0,1,0,0,MANUAL,2,1
drivers/net/ethernet/intel/i40e/i40e_main.c,3,2,0,1,0,0,MANUAL,2,2
drivers/net/ethernet/mellanox/mlx5/core/en_main.c,3,0,0,0,3,0,MANUAL,6,13
drivers/net/ethernet/microchip/lan743x_main.c,3,2,0,0,1,0,MANUAL,3,4
drivers/net/ethernet/stmicro/stmmac/dwmac4_core.c,3,1,0,1,1,0,MANUAL,34,21
drivers/net/ethernet/stmicro/stmmac/dwmac4_lib.c,3,0,0,2,1,0,MANUAL,7,17
drivers/net/ethernet/stmicro/stmmac/dwxgmac2.h,3,1,0,2,0,0,MANUAL,15,1
drivers/net/ethernet/stmicro/stmmac/stmmac.h,3,1,0,2,0,0,MANUAL,4,3
drivers/net/ethernet/stmicro/stmmac/stmmac_pci.c,3,0,0,1,2,0,MANUAL,2,8
drivers/net/loopback.c,3,2,0,0,1,0,MANUAL,19,17
drivers/net/tap.c,3,0,0,3,0,0,MANUAL,13,10
drivers/net/tun.c,3,1,0,2,0,0,MANUAL,3,3
drivers/net/usb/asix_devices.c,3,2,0,1,0,0,MANUAL,9,3
drivers/net/wireless/intel/iwlwifi/fw/dbg.c,3,0,0,2,1,0,MANUAL,64,29
drivers/nvdimm/nd.h,3,2,0,1,0,0,MANUAL,9,9
drivers/nvme/host/nvme.h,3,0,0,1,2,0,MANUAL,8,2
drivers/of/property.c,3,1,0,2,0,0,MANUAL,387,0
drivers/pci/pci.h,3,0,0,3,0,0,MANUAL,8,0
drivers/pci/pcie/aer.c,3,1,0,2,0,0,MANUAL,18,2
drivers/power/supply/bq27xxx_battery_i2c.c,3,2,0,1,0,0,MANUAL,12,1
drivers/pwm/core.c,3,1,0,0,2,0,MANUAL,41,5
drivers/rtc/class.c,3,1,0,2,0,0,MANUAL,11,1
drivers/scsi/lpfc/lpfc_scsi.c,3,2,0,1,0,0,MANUAL,10,4
drivers/soc/renesas/renesas-soc.c,3,1,0,2,0,0,MANUAL,44,7
drivers/spi/Makefile,3,0,0,2,1,0,MANUAL,3,1
drivers/spi/spi-fsl-lpspi.c,3,1,0,2,0,0,MANUAL,5,2
drivers/spi/spi-imx.c,3,1,0,1,1,0,MANUAL,11,4
drivers/spi/spi-ti-qspi.c,3,2,0,1,0,0,MANUAL,7,5
drivers/tty/serial/qcom_geni_serial.c,3,0,0,0,3,0,MANUAL,0,15
drivers/usb/dwc3/dwc3-qcom.c,3,1,0,1,1,0,MANUAL,2,6
drivers/usb/gadget/function/f_ncm.c,3,1,0,1,1,0,MANUAL,4,3
drivers/usb/gadget/function/u_serial.h,3,2,0,1,0,0,MANUAL,2,6
drivers/usb/gadget/function/u_uvc.h,3,2,0,1,0,0,MANUAL,6,2
drivers/usb/musb/omap2430.c,3,2,0,1,0,0,MANUAL,7,3
drivers/usb/serial/omninet.c,3,1,0,2,0,0,MANUAL,5,4
drivers/video/fbdev/gbefb.c,3,2,0,1,0,0,MANUAL,3,2
drivers/xen/events/events_base.c,3,0,0,1,2,0,MANUAL,18,7
drivers/xen/xenbus/xenbus_probe_backend.c,3,2,0,0,1,0,MANUAL,40,1
fs/afs/callback.c,3,0,0,0,3,0,MANUAL,7,4
fs/afs/mntpt.c,3,2,0,0,1,0,MANUAL,81,73
fs/afs/security.c,3,2,0,1,0,0,MANUAL,3,3
fs/afs/volume.c,3,1,0,1,1,0,MANUAL,3,3
fs/buffer.c,3,1,0,2,0,0,MANUAL,4,1
fs/crypto/fscrypt_private.h,3,0,0,0,3,0,MANUAL,583,70
fs/ext4/Kconfig,3,1,0,0,2,0,MANUAL,16,4
fs/ext4/ialloc.c,3,2,0,0,1,0,MANUAL,8,2
fs/filesystems.c,3,2,0,1,0,0,MANUAL,13,5
fs/hfsplus/super.c,3,2,0,1,0,0,MANUAL,25,6
fs/hfsplus/unicode.c,3,2,0,1,0,0,MANUAL,31,0
fs/internal.h,3,0,0,3,0,0,MANUAL,10,3
fs/jbd2/journal.c,3,1,0,2,0,0,MANUAL,14,1
fs/minix/inode.c,3,2,0,0,1,0,MANUAL,36,22
fs/nfs/write.c,3,2,0,0,1,0,MANUAL,7,4
fs/nfsd/nfs2acl.c,3,0,0,2,1,0,MANUAL,13,5
fs/nfsd/nfs3acl.c,3,0,0,2,1,0,MANUAL,12,5
fs/openpromfs/inode.c,3,1,0,2,0,0,MANUAL,15,5
fs/proc/generic.c,3,0,0,2,1,0,MANUAL,9,3
fs/proc/inode.c,3,0,0,0,3,0,MANUAL,16,11
fs/ubifs/ioctl.c,3,1,0,0,2,0,MANUAL,26,2
fs/ubifs/ubifs.h,3,2,0,0,1,0,MANUAL,2,3
include/drm/drm_bridge.h,3,1,0,2,0,0,MANUAL,114,0
include/linux/atmdev.h,3,2,0,1,0,0,MANUAL,7,9
include/linux/compiler-gcc.h,3,2,0,0,1,0,MANUAL,17,47
include/linux/compiler.h,3,0,0,1,2,0,MANUAL,9,1
include/linux/iova.h,3,0,0,2,1,0,MANUAL,16,0
include/linux/irqdomain.h,3,0,0,3,0,0,MANUAL,7,0
include/linux/math64.h,3,1,0,2,0,0,MANUAL,14,19
include/linux/memblock.h,3,0,0,3,0,0,MANUAL,3,0
include/linux/mfd/mt6397/core.h,3,1,0,1,1,0,MANUAL,18,0
include/linux/mm_inline.h,3,1,0,0,2,0,MANUAL,250,59
include/linux/mmu_notifier.h,3,0,0,2,1,0,MANUAL,9,0
include/linux/nvmem-provider.h,3,2,0,1,0,0,MANUAL,24,9
include/linux/phy.h,3,0,0,2,1,0,MANUAL,10,0
include/linux/regulator/driver.h,3,0,0,2,1,0,MANUAL,3,0
include/linux/usb/role.h,3,2,0,0,1,0,MANUAL,38,0
include/linux/util_macros.h,3,2,0,1,0,0,MANUAL,40,16
include/net/flow.h,3,2,0,1,0,0,MANUAL,4,1
include/net/genetlink.h,3,0,0,0,3,0,MANUAL,8,3
include/net/ip_fib.h,3,0,0,0,3,0,MANUAL,12,12
include/net/xdp_sock.h,3,0,0,1,2,0,MANUAL,148,9
include/scsi/scsi_host.h,3,0,0,3,0,0,MANUAL,15,0
include/soc/mediatek/smi.h,3,0,0,1,2,0,MANUAL,50,28
include/uapi/drm/virtgpu_drm.h,3,2,0,1,0,0,MANUAL,10,3
include/uapi/linux/fs.h,3,1,0,2,0,0,MANUAL,5,49
include/xen/xenbus.h,3,2,0,1,0,0,MANUAL,3,0
init/do_mounts.c,3,0,0,2,1,0,MANUAL,31,0
kernel/cgroup/cgroup-internal.h,3,1,0,2,0,0,MANUAL,2,2
kernel/dma/mapping.c,3,0,0,0,3,0,MANUAL,8,5
kernel/gcov/gcov.h,3,2,0,1,0,0,MANUAL,5,0
kernel/locking/qspinlock_stat.h,3,0,0,0,3,0,MANUAL,15,0
kernel/locking/rtmutex.c,3,0,0,0,3,0,MANUAL,3,3
kernel/rcu/tree.h,3,0,0,2,1,0,MANUAL,4,0
kernel/rcu/tree_exp.h,3,0,0,0,3,0,MANUAL,60,22
kernel/sched/cpupri.c,3,0,0,1,2,0,MANUAL,116,45
kernel/sched/pelt.h,3,2,0,1,0,0,MANUAL,111,3
kernel/stacktrace.c,3,0,0,1,2,0,MANUAL,155,15
kernel/trace/Makefile,3,1,0,2,0,0,MANUAL,6,0
kernel/trace/trace.h,3,1,0,1,1,0,MANUAL,2,2
kernel/trace/trace_kprobe.c,3,1,0,2,0,0,MANUAL,8,5
lib/test_kasan.c,3,0,0,0,3,0,MANUAL,70,24
mm/Makefile,3,0,0,2,1,0,MANUAL,28,3
mm/mincore.c,3,2,0,1,0,0,MANUAL,5,3
mm/mmu_notifier.c,3,0,0,0,3,0,MANUAL,3,3
net/8021q/vlan.h,3,2,0,1,0,0,MANUAL,2,1
net/bluetooth/hidp/core.c,3,2,0,1,0,0,MANUAL,14,2
net/bluetooth/mgmt.c,3,2,0,1,0,0,MANUAL,9,6
net/can/raw.c,3,2,0,1,0,0,MANUAL,10,1
net/core/lwt_bpf.c,3,1,0,2,0,0,MANUAL,67,9
net/ipv4/Kconfig,3,0,0,2,1,0,MANUAL,3,3
net/ipv4/Makefile,3,0,0,2,1,0,MANUAL,8,1
net/ipv4/fib_frontend.c,3,1,0,0,2,0,MANUAL,3,2
net/ipv4/ip_input.c,3,1,0,0,2,0,MANUAL,49,59
net/ipv4/ip_vti.c,3,2,0,0,1,0,MANUAL,15,21
net/ipv6/ila/ila_common.c,3,0,0,3,0,0,MANUAL,3,3
net/ipv6/ip6_gre.c,3,2,0,1,0,0,MANUAL,13,5
net/ipv6/seg6_local.c,3,2,0,0,1,0,MANUAL,8,3
net/ipv6/udp_offload.c,3,0,0,2,1,0,MANUAL,9,7
net/l2tp/l2tp_core.c,3,1,0,1,1,0,MANUAL,7,2
net/netfilter/nfnetlink_log.c,3,2,0,1,0,0,MANUAL,7,11
net/rds/tcp_listen.c,3,2,0,1,0,0,MANUAL,1,9
net/rxrpc/key.c,3,0,0,2,1,0,MANUAL,8,1
net/sched/sch_generic.c,3,0,0,1,2,0,MANUAL,7,15
net/sctp/transport.c,3,2,0,1,0,0,MANUAL,11,4
samples/hw_breakpoint/data_breakpoint.c,3,2,0,1,0,0,MANUAL,8,3
scripts/Makefile.modpost,3,0,0,0,3,0,MANUAL,34,4
scripts/adjust_autoksyms.sh,3,1,0,2,0,0,MANUAL,4,34
scripts/dtc/libfdt/fdt_strerror.c,3,2,0,0,1,0,MANUAL,5,47
scripts/gcc-plugins/Kconfig,3,1,0,1,1,0,MANUAL,6,37
scripts/kconfig/nconf.c,3,2,0,1,0,0,MANUAL,5,0
security/apparmor/include/task.h,3,2,0,0,1,0,MANUAL,4,14
sound/pci/hda/hda_intel.c,3,2,0,1,0,0,MANUAL,19,2
sound/soc/sh/rcar/ctu.c,3,1,0,2,0,0,MANUAL,22,1
sound/usb/clock.c,3,0,0,1,2,0,MANUAL,36,2
tools/include/uapi/linux/sched.h,3,2,0,1,0,0,MANUAL,29,1
tools/lib/bpf/Makefile,3,0,0,1,2,0,MANUAL,30,5
tools/objtool/check.c,3,0,0,1,2,0,MANUAL,20,7
tools/testing/selftests/net/psock_tpacket.c,3,2,0,1,0,0,MANUAL,2,2
Documentation/admin-guide/mm/userfaultfd.rst,2,0,0,0,2,0,MANUAL,81,33
Documentation/core-api/timekeeping.rst,2,1,0,1,0,0,MANUAL,8,4
Documentation/dev-tools/gcov.rst,2,1,0,1,0,0,MANUAL,14,4
"Documentation/devicetree/bindings/interrupt-controller/mediatek,sysirq.txt",2,1,0,1,0,0,MANUAL,5,2
Documentation/devicetree/bindings/serial/mtk-uart.txt,2,1,0,1,0,0,MANUAL,3,1
Documentation/devicetree/bindings/soc/mediatek/scpsys.txt,2,1,0,1,0,0,MANUAL,3,2
Documentation/dontdiff,2,1,0,1,0,0,MANUAL,2,0
Documentation/process/coding-style.rst,2,1,0,0,1,0,MANUAL,14,9
arch/arm64/Kconfig.platforms,2,0,0,1,1,0,MANUAL,887,0
arch/arm64/boot/dts/qcom/sdm845.dtsi,2,0,0,2,0,0,MANUAL,6,0
arch/arm64/boot/dts/renesas/r8a77995.dtsi,2,1,0,0,1,0,MANUAL,2,2
arch/arm64/boot/dts/rockchip/rk3399.dtsi,2,0,0,0,2,0,MANUAL,10,10
arch/arm64/include/asm/atomic_ll_sc.h,2,0,0,1,1,0,MANUAL,77,28
arch/arm64/include/asm/kvm_hyp.h,2,0,0,2,0,0,MANUAL,2,2
arch/arm64/include/asm/pgtable-prot.h,2,0,0,2,0,0,MANUAL,6,5
arch/arm64/include/asm/thread_info.h,2,1,0,1,0,0,MANUAL,4,0
arch/arm64/include/asm/topology.h,2,0,0,2,0,0,MANUAL,11,0
arch/arm64/include/asm/unistd.h,2,1,0,0,1,0,MANUAL,6,1
arch/arm64/kernel/Makefile,2,0,0,0,2,0,MANUAL,7,1
arch/arm64/kernel/kuser32.S,2,1,0,1,0,0,MANUAL,6,60
arch/arm64/kernel/probes/uprobes.c,2,1,0,0,1,0,MANUAL,3,4
arch/arm64/kernel/ptrace.c,2,1,0,0,1,0,MANUAL,2,2
arch/arm64/kvm/hyp/Makefile,2,0,0,0,2,0,MANUAL,9,1
arch/arm64/mm/hugetlbpage.c,2,1,0,1,0,0,MANUAL,3,4
arch/arm64/mm/init.c,2,0,0,2,0,0,MANUAL,3,0
block/blk-mq-tag.c,2,0,0,1,1,0,MANUAL,5,36
block/blk-rq-qos.c,2,0,0,0,2,0,MANUAL,11,1
block/blk-rq-qos.h,2,0,0,1,1,0,MANUAL,8,0
block/mq-deadline.c,2,0,0,2,0,0,MANUAL,3,3
drivers/base/power/runtime.c,2,1,0,1,0,0,MANUAL,13,10
drivers/block/floppy.c,2,1,0,0,1,0,MANUAL,2,2
drivers/block/nbd.c,2,0,0,2,0,0,MANUAL,3,2
drivers/bus/fsl-mc/fsl-mc-bus.c,2,1,0,1,0,0,MANUAL,4,6
drivers/clk/imx/clk-busy.c,2,0,0,2,0,0,MANUAL,2,2
drivers/clk/renesas/Kconfig,2,1,0,1,0,0,MANUAL,20,0
drivers/clk/renesas/clk-div6.c,2,1,0,0,1,0,MANUAL,2,2
drivers/clk/renesas/r8a77990-cpg-mssr.c,2,0,0,2,0,0,MANUAL,3,3
drivers/clk/socfpga/clk-periph-s10.c,2,0,0,2,0,0,MANUAL,2,2
drivers/clocksource/sh_cmt.c,2,1,0,1,0,0,MANUAL,17,11
drivers/cpufreq/cpufreq_conservative.c,2,1,0,1,0,0,MANUAL,12,0
drivers/cpuidle/Kconfig,2,0,0,1,1,0,MANUAL,25,2
drivers/devfreq/governor_simpleondemand.c,2,0,0,1,1,0,MANUAL,19,6
drivers/dma-buf/dma-fence.c,2,0,0,0,2,0,MANUAL,12,32
drivers/firmware/arm_scmi/perf.c,2,0,0,1,1,0,MANUAL,28,0
drivers/fpga/dfl-afu-dma-region.c,2,0,0,0,2,0,MANUAL,2,2
drivers/gpio/gpiolib.c,2,0,0,0,2,0,MANUAL,15,4
drivers/gpu/drm/amd/amdgpu/amdgpu_mn.c,2,0,0,0,2,0,MANUAL,3,3
drivers/gpu/drm/amd/display/dc/core/dc_stream.c,2,1,0,1,0,0,MANUAL,9,4
drivers/gpu/drm/drm_panel.c,2,0,0,2,0,0,MANUAL,22,0
drivers/gpu/drm/i915/gvt/opregion.c,2,1,0,0,1,0,MANUAL,3,3
drivers/gpu/drm/i915/i915_gem.c,2,0,0,0,2,0,MANUAL,2,2
drivers/gpu/drm/mediatek/mtk_drm_drv.h,2,0,0,0,2,0,MANUAL,239,22
drivers/gpu/drm/mediatek/mtk_drm_gem.h,2,0,0,0,2,0,MANUAL,63,20
drivers/gpu/drm/panel/panel-sitronix-st7789v.c,2,0,0,1,1,0,MANUAL,1,1
drivers/gpu/drm/radeon/radeon_mn.c,2,0,0,0,2,0,MANUAL,3,3
drivers/gpu/drm/radeon/si_dpm.c,2,1,0,1,0,0,MANUAL,8,1
drivers/gpu/drm/rcar-du/rcar_dw_hdmi.c,2,0,0,1,1,0,MANUAL,15,0
drivers/gpu/drm/ttm/ttm_bo_vm.c,2,0,0,1,1,0,MANUAL,11,5
drivers/gpu/drm/virtio/virtgpu_debugfs.c,2,0,0,2,0,0,MANUAL,26,1
drivers/gpu/drm/virtio/virtgpu_object.c,2,0,0,1,1,0,MANUAL,108,28
drivers/gpu/drm/virtio/virtgpu_prime.c,2,0,0,0,2,0,MANUAL,20,17
drivers/hv/hv_util.c,2,1,0,1,0,0,MANUAL,9,0
drivers/hwtracing/coresight/coresight-etm-perf.h,2,1,0,1,0,0,MANUAL,30,0
drivers/hwtracing/coresight/coresight-priv.h,2,0,0,2,0,0,MANUAL,9,1
drivers/hwtracing/coresight/coresight-replicator.c,2,0,0,0,2,0,MANUAL,4,2
drivers/hwtracing/coresight/coresight-stm.c,2,0,0,0,2,0,MANUAL,2,2
drivers/i2c/busses/i2c-sis630.c,2,1,0,1,0,0,MANUAL,11,1
drivers/iio/adc/Kconfig,2,0,0,2,0,0,MANUAL,43,0
drivers/infiniband/core/rw.c,2,1,0,0,1,0,MANUAL,19,4
drivers/infiniband/core/user_mad.c,2,1,0,1,0,0,MANUAL,6,2
drivers/infiniband/hw/mlx4/mr.c,2,0,0,2,0,0,MANUAL,2,2
drivers/infiniband/hw/qib/qib_user_pages.c,2,0,0,0,2,0,MANUAL,4,4
drivers/input/mouse/synaptics.c,2,1,0,1,0,0,MANUAL,5,0
drivers/iommu/mtk_iommu.h,2,0,0,0,2,0,MANUAL,86,25
drivers/irqchip/irq-gic-v2m.c,2,0,0,1,1,0,MANUAL,10,5
drivers/md/bcache/super.c,2,0,0,1,1,0,MANUAL,8,1
drivers/media/common/videobuf2/videobuf2-dma-contig.c,2,0,0,0,2,0,MANUAL,6,1
drivers/media/i2c/ov5645.c,2,1,0,0,1,0,MANUAL,0,28
drivers/media/pci/ivtv/ivtv-driver.h,2,1,0,1,0,0,MANUAL,2,1
drivers/media/platform/mtk-mdp/mtk_mdp_comp.h,2,0,0,2,0,0,MANUAL,0,2
drivers/media/platform/mtk-vcodec/mtk_vcodec_enc.h,2,0,0,0,2,0,MANUAL,29,27
drivers/media/platform/mtk-vcodec/vdec_drv_if.h,2,0,0,0,2,0,MANUAL,63,55
drivers/media/platform/qcom/venus/core.c,2,0,0,1,1,0,MANUAL,5,5
drivers/media/usb/dvb-usb-v2/lmedm04.c,2,0,0,1,1,0,MANUAL,11,1
drivers/media/v4l2-core/v4l2-subdev.c,2,0,0,1,1,0,MANUAL,7,3
drivers/memory/Kconfig,2,0,0,2,0,0,MANUAL,11,1
drivers/mfd/vexpress-sysreg.c,2,0,0,1,1,0,MANUAL,5,1
drivers/misc/Kconfig,2,0,0,2,0,0,MANUAL,34,0
drivers/misc/vmw_vmci/vmci_host.c,2,1,0,0,1,0,MANUAL,5,4
drivers/mmc/core/mmc_ops.h,2,0,0,2,0,0,MANUAL,3,2
drivers/mmc/host/Makefile,2,0,0,1,1,0,MANUAL,18,2
drivers/mmc/host/renesas_sdhi.h,2,0,0,2,0,0,MANUAL,2,0
drivers/mmc/host/rtsx_pci_sdmmc.c,2,1,0,1,0,0,MANUAL,41,0
drivers/mmc/host/sdhci-pci-core.c,2,1,0,1,0,0,MANUAL,7,2
drivers/mtd/nand/raw/mtk_ecc.c,2,0,0,2,0,0,MANUAL,11,2
drivers/mtd/spi-nor/Kconfig,2,1,0,0,1,0,MANUAL,8,8
drivers/net/ethernet/broadcom/bgmac-platform.c,2,1,0,1,0,0,MANUAL,4,1
drivers/net/ethernet/broadcom/bnxt/bnxt.c,2,1,0,1,0,0,MANUAL,5,7
drivers/net/ethernet/huawei/hinic/hinic_main.c,2,0,0,2,0,0,MANUAL,2,0
drivers/net/ethernet/intel/i40e/i40e_txrx.c,2,1,0,1,0,0,MANUAL,1,4
drivers/net/ethernet/marvell/mv643xx_eth.c,2,1,0,1,0,0,MANUAL,3,3
drivers/net/ethernet/mellanox/mlxfw/mlxfw_fsm.c,2,0,0,0,2,0,MANUAL,0,2
drivers/net/ethernet/mellanox/mlxsw/spectrum_span.c,2,0,0,1,1,0,MANUAL,3,2
drivers/net/ethernet/netronome/nfp/bpf/main.c,2,1,0,1,0,0,MANUAL,2,2
drivers/net/ethernet/stmicro/stmmac/dwmac4.h,2,0,0,1,1,0,MANUAL,2,2
drivers/net/ethernet/stmicro/stmmac/dwxgmac2_core.c,2,0,0,2,0,0,MANUAL,18,1
drivers/net/phy/mdio_bus.c,2,0,0,2,0,0,MANUAL,14,2
drivers/net/usb/ch9200.c,2,1,0,1,0,0,MANUAL,5,2
drivers/net/wireless/ath/ath10k/mac.c,2,0,0,1,1,0,MANUAL,10,2
drivers/net/wireless/realtek/rtlwifi/wifi.h,2,1,0,0,1,0,MANUAL,0,9
drivers/nvdimm/of_pmem.c,2,1,0,0,1,0,MANUAL,1,2
drivers/nvme/host/multipath.c,2,0,0,0,2,0,MANUAL,11,4
drivers/nvmem/Kconfig,2,1,0,1,0,0,MANUAL,31,0
drivers/nvmem/mtk-efuse.c,2,1,0,0,1,0,MANUAL,1,14
drivers/of/of_reserved_mem.c,2,0,0,1,1,0,MANUAL,8,12
drivers/pci/controller/Kconfig,2,1,0,0,1,0,MANUAL,19,1
drivers/pci/controller/dwc/pcie-designware-plat.c,2,0,0,1,1,0,MANUAL,13,4
drivers/pci/pci-sysfs.c,2,1,0,1,0,0,MANUAL,26,0
drivers/pci/setup-bus.c,2,1,0,0,1,0,MANUAL,43,8
drivers/phy/ti/phy-ti-pipe3.c,2,1,0,1,0,0,MANUAL,13,0
drivers/pinctrl/pinctrl-pic32.c,2,1,0,1,0,0,MANUAL,4,16
drivers/platform/x86/acer-wmi.c,2,1,0,1,0,0,MANUAL,4,0
drivers/power/supply/sbs-battery.c,2,1,0,1,0,0,MANUAL,18,18
drivers/ptp/ptp_clock.c,2,1,0,1,0,0,MANUAL,8,0
drivers/pwm/pwm-berlin.c,2,0,0,0,2,0,MANUAL,2,2
drivers/regulator/of_regulator.c,2,1,0,1,0,0,MANUAL,13,1
drivers/rtc/Kconfig,2,0,0,2,0,0,MANUAL,13,2
drivers/scsi/cxlflash/ocxl_hw.c,2,1,0,1,0,0,MANUAL,4,19
drivers/scsi/lpfc/lpfc_hbadisc.c,2,1,0,1,0,0,MANUAL,12,5
drivers/scsi/qedf/qedf_main.c,2,0,0,2,0,0,MANUAL,2,1
drivers/scsi/qla2xxx/qla_gs.c,2,0,0,1,1,0,MANUAL,20,17
drivers/scsi/qla2xxx/qla_mbx.c,2,1,0,1,0,0,MANUAL,2,0
drivers/scsi/qla4xxx/ql4_os.c,2,1,0,1,0,0,MANUAL,4,0
drivers/scsi/storvsc_drv.c,2,1,0,1,0,0,MANUAL,4,2
drivers/scsi/ufs/ufshcd-pltfrm.h,2,1,0,1,0,0,MANUAL,23,11
drivers/soc/qcom/Kconfig,2,0,0,2,0,0,MANUAL,2,2
drivers/soc/renesas/Kconfig,2,0,0,1,1,0,MANUAL,24,3
drivers/soc/renesas/r8a7795-sysc.c,2,1,0,1,0,0,MANUAL,27,5
drivers/soc/renesas/r8a7796-sysc.c,2,0,0,0,2,0,MANUAL,21,1
drivers/soc/renesas/r8a77965-sysc.c,2,1,0,1,0,0,MANUAL,3,0
drivers/soc/renesas/r8a77970-sysc.c,2,1,0,1,0,0,MANUAL,3,0
drivers/soc/renesas/r8a77980-sysc.c,2,1,0,1,0,0,MANUAL,3,0
drivers/soc/renesas/r8a77990-sysc.c,2,1,0,1,0,0,MANUAL,3,0
drivers/spi/Kconfig,2,0,0,2,0,0,MANUAL,16,0
drivers/spi/spi-sun6i.c,2,0,0,2,0,0,MANUAL,9,1
drivers/spi/spi-topcliff-pch.c,2,1,0,1,0,0,MANUAL,3,3
drivers/staging/android/Kconfig,2,0,0,0,2,0,MANUAL,153,1
drivers/staging/rtl8723bs/core/rtw_mlme.c,2,1,0,0,1,0,MANUAL,9,4
drivers/staging/rtl8723bs/core/rtw_mlme_ext.c,2,0,0,2,0,0,MANUAL,4,1
drivers/thermal/Makefile,2,0,0,1,1,0,MANUAL,2,0
drivers/thermal/thermal_sysfs.c,2,1,0,1,0,0,MANUAL,26,3
drivers/tty/serial/Makefile,2,0,0,2,0,0,MANUAL,2,0
drivers/uio/uio_hv_generic.c,2,1,0,1,0,0,MANUAL,17,4
drivers/usb/common/ulpi.c,2,0,0,1,1,0,MANUAL,6,4
drivers/usb/dwc3/core.c,2,0,0,2,0,0,MANUAL,8,3
drivers/usb/gadget/function/uvc_configfs.h,2,1,0,0,1,0,MANUAL,121,3
drivers/usb/gadget/function/uvc_video.h,2,1,0,0,1,0,MANUAL,5,6
drivers/usb/host/ehci-sh.c,2,1,0,1,0,0,MANUAL,7,2
drivers/usb/host/xhci-hub.c,2,1,0,0,1,0,MANUAL,1,13
drivers/usb/host/xhci-mtk-sch.c,2,0,0,2,0,0,MANUAL,7,0
drivers/usb/misc/iowarrior.c,2,1,0,0,1,0,MANUAL,0,6
drivers/usb/mtu3/Makefile,2,1,0,1,0,0,MANUAL,16,0
drivers/usb/musb/Kconfig,2,0,0,1,1,0,MANUAL,8,1
drivers/usb/renesas_usbhs/rcar3.c,2,0,0,0,2,0,MANUAL,0,11
drivers/usb/storage/uas.c,2,0,0,1,1,0,MANUAL,6,1
drivers/usb/typec/Kconfig,2,0,0,1,1,0,MANUAL,21,0
drivers/usb/typec/ucsi/ucsi.c,2,1,0,1,0,0,MANUAL,7,1
drivers/vfio/pci/vfio_pci.c,2,0,0,0,2,0,MANUAL,4,4
drivers/vfio/platform/vfio_platform_common.c,2,0,0,2,0,0,MANUAL,10,0
drivers/video/fbdev/core/fbcon.c,2,1,0,1,0,0,MANUAL,15,3
drivers/video/fbdev/core/fbcon_rotate.c,2,0,0,1,1,0,MANUAL,4,1
drivers/video/fbdev/ssd1307fb.c,2,0,0,2,0,0,MANUAL,3,1
drivers/virtio/virtio_balloon.c,2,1,0,1,0,0,MANUAL,4,9
drivers/virtio/virtio_input.c,2,0,0,2,0,0,MANUAL,10,0
drivers/watchdog/watchdog_dev.c,2,0,0,2,0,0,MANUAL,6,0
drivers/xen/xenbus/xenbus_probe_frontend.c,2,1,0,0,1,0,MANUAL,2,4
fs/afs/afs.h,2,1,0,1,0,0,MANUAL,6,5
fs/btrfs/ctree.h,2,0,0,0,2,0,MANUAL,0,4
fs/btrfs/disk-io.c,2,1,0,0,1,0,MANUAL,3,3
fs/btrfs/export.c,2,0,0,1,1,0,MANUAL,7,1
fs/btrfs/extent_io.c,2,0,0,2,0,0,MANUAL,5,2
fs/btrfs/scrub.c,2,0,0,2,0,0,MANUAL,5,0
fs/ceph/dir.c,2,1,0,1,0,0,MANUAL,4,2
fs/cifs/connect.c,2,1,0,0,1,0,MANUAL,5,1
fs/cifs/file.c,2,1,0,1,0,0,MANUAL,2,2
fs/cifs/misc.c,2,1,0,1,0,0,MANUAL,9,1
fs/cifs/readdir.c,2,1,0,1,0,0,MANUAL,5,2
fs/gfs2/glops.c,2,1,0,1,0,0,MANUAL,4,0
fs/gfs2/super.h,2,0,0,1,1,0,MANUAL,1,2
fs/kernfs/mount.c,2,0,0,1,1,0,MANUAL,6,4
fs/nfs/direct.c,2,1,0,1,0,0,MANUAL,10,3
fs/nfs/nfs4file.c,2,0,0,2,0,0,MANUAL,20,3
fs/nfsd/nfs4idmap.c,2,0,0,2,0,0,MANUAL,4,0
fs/nfsd/nfs4xdr.c,2,1,0,1,0,0,MANUAL,12,2
fs/ocfs2/aops.c,2,0,0,1,1,0,MANUAL,2,3
fs/ocfs2/namei.c,2,1,0,1,0,0,MANUAL,4,2
fs/overlayfs/overlayfs.h,2,0,0,1,1,0,MANUAL,5,0
fs/proc/array.c,2,0,0,1,1,0,MANUAL,2,2
fs/proc/namespaces.c,2,0,0,1,1,0,MANUAL,3,3
fs/ubifs/Kconfig,2,0,0,1,1,0,MANUAL,2,11
fs/ubifs/journal.c,2,1,0,1,0,0,MANUAL,2,2
include/asm-generic/qspinlock.h,2,1,0,1,0,0,MANUAL,9,7
include/drm/drm_dp_helper.h,2,0,0,1,1,0,MANUAL,9,0
include/drm/drm_prime.h,2,0,0,2,0,0,MANUAL,2,0
include/linux/arch_topology.h,2,1,0,1,0,0,MANUAL,9,0
include/linux/backlight.h,2,0,0,2,0,0,MANUAL,7,0
include/linux/bsg.h,2,0,0,0,2,0,MANUAL,1,1
include/linux/btf.h,2,0,0,2,0,0,MANUAL,176,0
include/linux/capability.h,2,1,0,1,0,0,MANUAL,14,0
include/linux/compiler-clang.h,2,0,0,0,2,0,MANUAL,45,4
include/linux/cpufreq.h,2,0,0,0,2,0,MANUAL,17,0
include/linux/delay.h,2,1,0,1,0,0,MANUAL,8,0
include/linux/dynamic_debug.h,2,0,0,2,0,0,MANUAL,109,0
include/linux/ethtool.h,2,0,0,1,1,0,MANUAL,6,0
include/linux/fdtable.h,2,0,0,2,0,0,MANUAL,5,1
include/linux/iomap.h,2,0,0,2,0,0,MANUAL,4,0
include/linux/irq_work.h,2,0,0,0,2,0,MANUAL,7,3
include/linux/kthread.h,2,0,0,1,1,0,MANUAL,2,1
include/linux/leds.h,2,1,0,0,1,0,MANUAL,36,3
include/linux/nfs.h,2,1,0,1,0,0,MANUAL,20,0
include/linux/nfs_fs.h,2,1,0,1,0,0,MANUAL,11,0
include/linux/nvmem-consumer.h,2,0,0,2,0,0,MANUAL,8,0
include/linux/padata.h,2,0,0,2,0,0,MANUAL,2,4
include/linux/percpu-rwsem.h,2,0,0,0,2,0,MANUAL,2,2
include/linux/pid.h,2,0,0,2,0,0,MANUAL,5,0
include/linux/proc_fs.h,2,0,0,2,0,0,MANUAL,16,0
include/linux/rculist_nulls.h,2,1,0,1,0,0,MANUAL,59,0
include/linux/rcutiny.h,2,0,0,2,0,0,MANUAL,10,0
include/linux/sched/mm.h,2,0,0,1,1,0,MANUAL,40,8
include/linux/sched/task.h,2,0,0,2,0,0,MANUAL,7,0
include/linux/scmi_protocol.h,2,0,0,2,0,0,MANUAL,4,0
include/linux/seqlock.h,2,1,0,1,0,0,MANUAL,2,2
include/linux/stacktrace.h,2,0,0,2,0,0,MANUAL,27,0
include/linux/sysctl.h,2,0,0,1,1,0,MANUAL,17,14
include/linux/tick.h,2,0,0,2,0,0,MANUAL,3,0
include/linux/time32.h,2,0,0,1,1,0,MANUAL,4,3
include/linux/time64.h,2,1,0,0,1,0,MANUAL,1,9
include/linux/udp.h,2,0,0,1,1,0,MANUAL,25,1
include/linux/umh.h,2,1,0,0,1,0,MANUAL,0,11
include/linux/usb/typec.h,2,0,0,2,0,0,MANUAL,2,0
include/linux/vmstat.h,2,1,0,1,0,0,MANUAL,4,4
include/linux/xattr.h,2,1,0,0,1,0,MANUAL,7,3
include/media/v4l2-dev.h,2,0,0,0,2,0,MANUAL,4,2
include/media/v4l2-mem2mem.h,2,1,0,1,0,0,MANUAL,25,2
include/net/bluetooth/hci_core.h,2,0,0,2,0,0,MANUAL,3,1
include/net/netlink.h,2,0,0,1,1,0,MANUAL,44,3
include/net/pkt_sched.h,2,1,0,1,0,0,MANUAL,24,1
include/net/protocol.h,2,0,0,2,0,0,MANUAL,4,0
include/net/request_sock.h,2,1,0,1,0,0,MANUAL,8,1
include/scsi/scsi_cmnd.h,2,0,0,2,0,0,MANUAL,6,0
include/sound/core.h,2,0,0,2,0,0,MANUAL,4,0
include/sound/info.h,2,0,0,2,0,0,MANUAL,6,2
include/trace/bpf_probe.h,2,1,0,0,1,0,MANUAL,25,2
include/uapi/linux/capability.h,2,1,0,0,1,0,MANUAL,39,1
include/uapi/linux/dma-buf.h,2,0,0,1,1,0,MANUAL,13,1
include/uapi/linux/taskstats.h,2,0,0,1,1,0,MANUAL,5,1
kernel/audit.c,2,1,0,1,0,0,MANUAL,4,0
kernel/bpf/Makefile,2,1,0,0,1,0,MANUAL,20,11
kernel/bpf/map_in_map.h,2,1,0,0,1,0,MANUAL,2,7
kernel/delayacct.c,2,1,0,1,0,0,MANUAL,15,0
kernel/extable.c,2,1,0,1,0,0,MANUAL,5,2
kernel/gcov/Kconfig,2,0,0,0,2,0,MANUAL,2,1
kernel/gcov/gcc_4_7.c,2,1,0,1,0,0,MANUAL,15,1
kernel/power/snapshot.c,2,0,0,0,2,0,MANUAL,11,11
kernel/rcu/rcu.h,2,0,0,1,1,0,MANUAL,9,1
kernel/workqueue_internal.h,2,1,0,1,0,0,MANUAL,5,1
lib/Kconfig,2,0,0,2,0,0,MANUAL,10,0
lib/Kconfig.kasan,2,0,0,0,2,0,MANUAL,96,23
lib/test_bpf.c,2,1,0,1,0,0,MANUAL,3,9
lib/ubsan.c,2,0,0,0,2,0,MANUAL,18,0
lib/vsprintf.c,2,0,0,1,1,0,MANUAL,30,11
mm/page_counter.c,2,0,0,0,2,0,MANUAL,2,10
mm/page_ext.c,2,1,0,1,0,0,MANUAL,11,1
mm/page_poison.c,2,0,0,1,1,0,MANUAL,6,0
net/9p/trans_fd.c,2,0,0,2,0,0,MANUAL,5,4
net/batman-adv/originator.c,2,1,0,1,0,0,MANUAL,2,2
net/bluetooth/hci_sysfs.c,2,0,0,0,2,0,MANUAL,6,9
net/bridge/br_input.c,2,0,0,2,0,0,MANUAL,3,3
net/bridge/br_private.h,2,1,0,1,0,0,MANUAL,2,0
net/can/af_can.c,2,1,0,1,0,0,MANUAL,3,1
net/ceph/ceph_common.c,2,0,0,2,0,0,MANUAL,33,21
net/ceph/osd_client.c,2,0,0,2,0,0,MANUAL,9,2
net/core/drop_monitor.c,2,0,0,0,2,0,MANUAL,1,3
net/ipv4/bpfilter/sockopt.c,2,0,0,1,1,0,MANUAL,49,10
net/ipv4/syncookies.c,2,1,0,0,1,0,MANUAL,3,2
net/ipv4/xfrm4_output.c,2,0,0,0,2,0,MANUAL,37,0
net/ipv6/esp6.c,2,1,0,1,0,0,MANUAL,4,3
net/ipv6/exthdrs.c,2,0,0,2,0,0,MANUAL,6,0
net/ipv6/seg6.c,2,1,0,1,0,0,MANUAL,13,3
net/ipv6/xfrm6_policy.c,2,0,0,1,1,0,MANUAL,4,1
net/mac80211/mesh.c,2,1,0,0,1,0,MANUAL,6,0
net/mac80211/status.c,2,0,0,2,0,0,MANUAL,4,0
net/netfilter/ipset/ip_set_hash_ipmark.c,2,1,0,0,1,0,MANUAL,5,1
net/netfilter/ipset/ip_set_hash_ipport.c,2,1,0,1,0,0,MANUAL,4,1
net/netfilter/ipset/ip_set_hash_ipportip.c,2,1,0,1,0,0,MANUAL,4,1
net/netfilter/nfnetlink_cthelper.c,2,1,0,1,0,0,MANUAL,5,5
net/netfilter/nfnetlink_queue.c,2,1,0,1,0,0,MANUAL,5,1
net/netfilter/nft_nat.c,2,1,0,0,1,0,MANUAL,3,3
net/netfilter/nft_osf.c,2,1,0,1,0,0,MANUAL,5,1
net/netfilter/nft_socket.c,2,1,0,1,0,0,MANUAL,2,1
net/openvswitch/vport-netdev.c,2,1,0,1,0,0,MANUAL,8,1
net/rds/ib.c,2,1,0,1,0,0,MANUAL,18,2
net/rxrpc/call_object.c,2,0,0,0,2,0,MANUAL,8,14
net/sched/act_api.c,2,0,0,1,1,0,MANUAL,1,6
net/sched/act_bpf.c,2,0,0,2,0,0,MANUAL,3,0
net/sched/cls_fw.c,2,1,0,1,0,0,MANUAL,17,3
net/sunrpc/auth_gss/auth_gss.c,2,1,0,1,0,0,MANUAL,3,0
net/sunrpc/xprtrdma/svc_rdma.c,2,0,0,0,2,0,MANUAL,3,4
net/sunrpc/xprtrdma/svc_rdma_transport.c,2,0,0,1,1,0,MANUAL,1,6
net/sunrpc/xprtsock.c,2,1,0,1,0,0,MANUAL,3,6
net/tls/tls_device.c,2,0,0,2,0,0,MANUAL,18,0
net/wireless/core.h,2,1,0,1,0,0,MANUAL,12,0
net/wireless/trace.h,2,1,0,1,0,0,MANUAL,55,0
scripts/Kbuild.include,2,0,0,0,2,0,MANUAL,5,5
scripts/Makefile.dtbinst,2,0,0,0,2,0,MANUAL,6,2
scripts/Makefile.kasan,2,0,0,1,1,0,MANUAL,29,24
scripts/dtc/libfdt/fdt_addresses.c,2,1,0,0,1,0,MANUAL,69,64
scripts/dtc/update-dtc-source.sh,2,1,0,0,1,0,MANUAL,5,4
scripts/mkcompile_h,2,0,0,0,2,0,MANUAL,12,3
security/Makefile,2,0,0,2,0,0,MANUAL,6,0
security/apparmor/include/lib.h,2,1,0,1,0,0,MANUAL,4,0
security/apparmor/include/net.h,2,1,0,1,0,0,MANUAL,10,0
security/apparmor/net.c,2,1,0,0,1,0,MANUAL,70,2
security/integrity/ima/ima_policy.c,2,1,0,1,0,0,MANUAL,2,2
security/keys/process_keys.c,2,1,0,0,1,0,MANUAL,1,1
security/selinux/ss/sidtab.c,2,0,0,0,2,0,MANUAL,393,214
security/tomoyo/securityfs_if.c,2,1,0,0,1,0,MANUAL,11,4
sound/core/init.c,2,0,0,2,0,0,MANUAL,20,0
sound/core/pcm_memory.c,2,1,0,1,0,0,MANUAL,5,1
sound/pci/intel8x0.c,2,1,0,0,1,0,MANUAL,2,2
sound/soc/qcom/qdsp6/q6asm-dai.c,2,0,0,2,0,0,MANUAL,4,3
sound/soc/sh/rcar/cmd.c,2,0,0,1,1,0,MANUAL,6,5
sound/soc/sh/rcar/dvc.c,2,1,0,1,0,0,MANUAL,2,1
sound/soc/sh/rcar/mix.c,2,1,0,1,0,0,MANUAL,2,1
sound/soc/sh/rcar/src.c,2,1,0,0,1,0,MANUAL,12,12
sound/soc/soc-ops.c,2,1,0,1,0,0,MANUAL,32,1
tools/bpf/bpftool/map.c,2,0,0,1,1,0,MANUAL,36,21
tools/lib/bpf/libbpf.c,2,0,0,2,0,0,MANUAL,1199,0
tools/perf/builtin-trace.c,2,0,0,1,1,0,MANUAL,3,2
Documentation/ABI/stable/sysfs-bus-nvmem,1,0,0,1,0,0,MANUAL,2,0
Documentation/ABI/testing/sysfs-class-power,1,0,0,0,1,0,MANUAL,2,1
Documentation/ABI/testing/sysfs-driver-ufs,1,0,0,1,0,0,MANUAL,1,1
Documentation/ABI/testing/sysfs-fs-f2fs,1,0,0,0,1,0,MANUAL,227,87
Documentation/devicetree/bindings/arm/coresight.txt,1,0,0,1,0,0,MANUAL,9,0
"Documentation/devicetree/bindings/sound/renesas,rsnd.txt",1,0,0,0,1,0,MANUAL,5,1
Documentation/devicetree/bindings/spi/spi-mt65xx.txt,1,0,0,1,0,0,MANUAL,2,0
Documentation/filesystems/index.rst,1,0,0,0,1,0,MANUAL,1,0
arch/arm64/boot/dts/mediatek/Makefile,1,0,0,1,0,0,MANUAL,11,7
arch/arm64/boot/dts/renesas/Makefile,1,0,0,0,1,0,MANUAL,21,0
arch/arm64/boot/dts/rockchip/rk3328.dtsi,1,0,0,1,0,0,MANUAL,1,0
arch/arm64/configs/defconfig,1,0,0,0,1,0,MANUAL,0,714
arch/arm64/crypto/Kconfig,1,0,0,1,0,0,MANUAL,9,2
arch/arm64/crypto/ghash-ce-glue.c,1,0,0,0,1,0,MANUAL,16,0
arch/arm64/crypto/sha1-ce-glue.c,1,0,0,1,0,0,MANUAL,8,0
arch/arm64/crypto/sha2-ce-glue.c,1,0,0,1,0,0,MANUAL,8,0
arch/arm64/include/asm/Kbuild,1,0,0,0,1,0,MANUAL,0,1
arch/arm64/include/asm/asm-uaccess.h,1,0,0,0,1,0,MANUAL,3,4
arch/arm64/include/asm/atomic.h,1,0,0,0,1,0,MANUAL,24,0
arch/arm64/include/asm/brk-imm.h,1,0,0,0,1,0,MANUAL,4,0
arch/arm64/include/asm/cache.h,1,0,0,1,0,0,MANUAL,5,1
arch/arm64/include/asm/cpufeature.h,1,0,0,0,1,0,MANUAL,13,0
arch/arm64/include/asm/debug-monitors.h,1,0,0,1,0,0,MANUAL,12,6
arch/arm64/include/asm/device.h,1,0,0,1,0,0,MANUAL,9,0
arch/arm64/include/asm/io.h,1,0,0,1,0,0,MANUAL,1,1
arch/arm64/include/asm/kasan.h,1,0,0,0,1,0,MANUAL,6,2
arch/arm64/include/asm/kernel-pgtable.h,1,0,0,0,1,0,MANUAL,1,1
arch/arm64/include/asm/kvm_mmu.h,1,0,0,1,0,0,MANUAL,1,1
arch/arm64/include/asm/page.h,1,0,0,0,1,0,MANUAL,4,0
arch/arm64/include/asm/pgalloc.h,1,0,0,0,1,0,MANUAL,11,1
arch/arm64/include/asm/pgtable-hwdef.h,1,0,0,1,0,0,MANUAL,1,0
arch/arm64/include/asm/proc-fns.h,1,0,0,0,1,0,MANUAL,2,0
arch/arm64/include/asm/smp.h,1,0,0,1,0,0,MANUAL,6,0
arch/arm64/include/asm/spinlock.h,1,0,0,1,0,0,MANUAL,9,0
arch/arm64/include/asm/stacktrace.h,1,0,0,0,1,0,MANUAL,4,0
arch/arm64/include/asm/stage2_pgtable.h,1,0,0,1,0,0,MANUAL,1,1
arch/arm64/include/asm/system_misc.h,1,0,0,0,1,0,MANUAL,1,0
arch/arm64/include/asm/unistd32.h,1,0,0,1,0,0,MANUAL,8,0
arch/arm64/include/asm/vdso.h,1,0,0,1,0,0,MANUAL,8,4
arch/arm64/include/asm/vmap_stack.h,1,0,0,1,0,0,MANUAL,1,1
arch/arm64/kernel/acpi.c,1,0,0,1,0,0,MANUAL,1,1
arch/arm64/kernel/alternative.c,1,0,0,0,1,0,MANUAL,1,1
arch/arm64/kernel/cpu-reset.S,1,0,0,1,0,0,MANUAL,2,2
arch/arm64/kernel/cpu-reset.h,1,0,0,0,1,0,MANUAL,1,1
arch/arm64/kernel/cpuidle.c,1,0,0,1,0,0,MANUAL,1,0
arch/arm64/kernel/fpsimd.c,1,0,0,1,0,0,MANUAL,1,2
arch/arm64/kernel/hibernate.c,1,0,0,0,1,0,MANUAL,1,1
arch/arm64/kernel/kaslr.c,1,0,0,1,0,0,MANUAL,1,1
arch/arm64/kernel/psci.c,1,0,0,0,1,0,MANUAL,2,1
arch/arm64/kernel/smp_spin_table.c,1,0,0,0,1,0,MANUAL,1,1
arch/arm64/kernel/suspend.c,1,0,0,1,0,0,MANUAL,1,1
arch/arm64/kernel/topology.c,1,0,0,1,0,0,MANUAL,16,0
arch/arm64/lib/copy_page.S,1,0,0,1,0,0,MANUAL,19,19
arch/arm64/lib/memcmp.S,1,0,0,0,1,0,MANUAL,115,242
arch/arm64/mm/flush.c,1,0,0,0,1,0,MANUAL,1,0
arch/arm64/mm/pageattr.c,1,0,0,0,1,0,MANUAL,1,1
arch/h8300/include/asm/pgtable.h,1,0,0,0,1,0,MANUAL,0,1
arch/h8300/kernel/process.c,1,0,0,0,1,0,MANUAL,1,1
arch/h8300/kernel/setup.c,1,0,0,0,1,0,MANUAL,1,1
arch/h8300/kernel/signal.c,1,0,0,0,1,0,MANUAL,1,1
arch/h8300/mm/fault.c,1,0,0,0,1,0,MANUAL,1,1
arch/h8300/mm/init.c,1,0,0,0,1,0,MANUAL,1,1
arch/h8300/mm/memory.c,1,0,0,0,1,0,MANUAL,1,1
block/Kconfig.iosched,1,0,0,1,0,0,MANUAL,14,0
block/blk-mq-tag.h,1,0,0,0,1,0,MANUAL,15,0
block/blk-mq-virtio.c,1,0,0,1,0,0,MANUAL,3,0
block/blk.h,1,0,0,0,1,0,MANUAL,2,3
block/bounce.c,1,0,0,0,1,0,MANUAL,5,7
crypto/scatterwalk.c,1,0,0,1,0,0,MANUAL,98,0
crypto/skcipher.c,1,0,0,0,1,0,MANUAL,24,0
crypto/tcrypt.c,1,0,0,1,0,0,MANUAL,11,0
drivers/acpi/hed.c,1,0,0,1,0,0,MANUAL,6,1
drivers/acpi/scan.c,1,0,0,1,0,0,MANUAL,1,1
drivers/acpi/sleep.c,1,0,0,1,0,0,MANUAL,8,0
drivers/android/Makefile,1,0,0,1,0,0,MANUAL,2,0
drivers/base/firmware_loader/Kconfig,1,0,0,1,0,0,MANUAL,12,0
drivers/base/firmware_loader/firmware.h,1,0,0,1,0,0,MANUAL,3,0
drivers/base/power/Makefile,1,0,0,1,0,0,MANUAL,2,1
drivers/block/aoe/aoedev.c,1,0,0,1,0,0,MANUAL,1,0
drivers/block/mtip32xx/mtip32xx.c,1,0,0,0,1,0,MANUAL,1,1
drivers/block/ps3disk.c,1,0,0,1,0,0,MANUAL,1,1
drivers/block/ps3vram.c,1,0,0,1,0,0,MANUAL,1,1
drivers/block/xen-blkfront.c,1,0,0,1,0,0,MANUAL,1,1
drivers/block/z2ram.c,1,0,0,1,0,0,MANUAL,1,1
drivers/bluetooth/btrtl.c,1,0,0,1,0,0,MANUAL,2,0
drivers/bluetooth/hci_uart.h,1,0,0,1,0,0,MANUAL,1,0
drivers/bus/fsl-mc/mc-sys.c,1,0,0,1,0,0,MANUAL,1,1
drivers/char/Makefile,1,0,0,1,0,0,MANUAL,1,0
drivers/char/agp/frontend.c,1,0,0,0,1,0,MANUAL,1,1
drivers/char/agp/generic.c,1,0,0,0,1,0,MANUAL,1,1
drivers/char/applicom.c,1,0,0,1,0,0,MANUAL,4,1
drivers/char/bsr.c,1,0,0,0,1,0,MANUAL,1,1
drivers/char/mspec.c,1,0,0,0,1,0,MANUAL,1,1
drivers/char/tpm/Kconfig,1,0,0,0,1,0,MANUAL,0,1
drivers/clk/Makefile,1,0,0,0,1,0,MANUAL,5,0
drivers/clk/at91/clk-generated.c,1,0,0,1,0,0,MANUAL,1,1
drivers/clk/at91/clk-h32mx.c,1,0,0,1,0,0,MANUAL,1,1
drivers/clk/at91/clk-master.c,1,0,0,1,0,0,MANUAL,1,1
drivers/clk/axs10x/i2s_pll_clock.c,1,0,0,1,0,0,MANUAL,1,1
drivers/clk/clk-axi-clkgen.c,1,0,0,1,0,0,MANUAL,1,1
drivers/clk/clk-fixed-factor.c,1,0,0,0,1,0,MANUAL,1,1
drivers/clk/clk-fixed-rate.c,1,0,0,1,0,0,MANUAL,1,1
drivers/clk/clk-gate.c,1,0,0,1,0,0,MANUAL,1,1
drivers/clk/clk-mux.c,1,0,0,1,0,0,MANUAL,1,1
drivers/clk/clk-si570.c,1,0,0,1,0,0,MANUAL,1,1
drivers/clk/clk-versaclock5.c,1,0,0,1,0,0,MANUAL,1,1
drivers/clk/imx/clk-cpu.c,1,0,0,1,0,0,MANUAL,1,1
drivers/clk/imx/clk-fixup-div.c,1,0,0,1,0,0,MANUAL,1,1
drivers/clk/imx/clk-fixup-mux.c,1,0,0,1,0,0,MANUAL,1,1
drivers/clk/imx/clk-gate-exclusive.c,1,0,0,1,0,0,MANUAL,1,1
drivers/clk/imx/clk-gate2.c,1,0,0,1,0,0,MANUAL,1,1
drivers/clk/imx/clk-pfd.c,1,0,0,1,0,0,MANUAL,1,1
drivers/clk/imx/clk-pllv1.c,1,0,0,1,0,0,MANUAL,1,1
drivers/clk/imx/clk-pllv2.c,1,0,0,1,0,0,MANUAL,1,1
drivers/clk/imx/clk-pllv3.c,1,0,0,1,0,0,MANUAL,1,1
drivers/clk/meson/axg-audio.c,1,0,0,0,1,0,MANUAL,1,1
drivers/clk/meson/gxbb.c,1,0,0,1,0,0,MANUAL,1,1
drivers/clk/mvebu/clk-cpu.c,1,0,0,1,0,0,MANUAL,1,1
drivers/clk/renesas/rcar-usb2-clock-sel.c,1,0,0,1,0,0,MANUAL,1,1
drivers/clk/samsung/clk-cpu.c,1,0,0,1,0,0,MANUAL,1,1
drivers/clk/samsung/clk-s3c2410-dclk.c,1,0,0,1,0,0,MANUAL,1,1
drivers/clk/socfpga/clk-gate-s10.c,1,0,0,1,0,0,MANUAL,1,1
drivers/clk/socfpga/clk-gate.c,1,0,0,1,0,0,MANUAL,1,1
drivers/clk/socfpga/clk-pll-a10.c,1,0,0,1,0,0,MANUAL,1,1
drivers/clk/socfpga/clk-pll-s10.c,1,0,0,1,0,0,MANUAL,1,1
drivers/clk/socfpga/clk-pll.c,1,0,0,1,0,0,MANUAL,1,1
drivers/clk/ti/clk-7xx.c,1,0,0,0,1,0,MANUAL,0,1
drivers/clk/ti/divider.c,1,0,0,1,0,0,MANUAL,1,1
drivers/clk/versatile/clk-vexpress-osc.c,1,0,0,1,0,0,MANUAL,1,1
drivers/cpufreq/Kconfig.arm,1,0,0,1,0,0,MANUAL,10,0
drivers/cpufreq/cpufreq-dt-platdev.c,1,0,0,1,0,0,MANUAL,1,0
drivers/cpuidle/Kconfig.arm,1,0,0,1,0,0,MANUAL,24,0
drivers/cpuidle/Makefile,1,0,0,1,0,0,MANUAL,3,0
drivers/crypto/atmel-aes.c,1,0,0,1,0,0,MANUAL,1,1
drivers/crypto/ccp/ccp-crypto-aes.c,1,0,0,0,1,0,MANUAL,5,2
drivers/crypto/virtio/Kconfig,1,0,0,0,1,0,MANUAL,0,1
drivers/devfreq/Kconfig,1,0,0,1,0,0,MANUAL,31,0
drivers/devfreq/Makefile,1,0,0,1,0,0,MANUAL,44,0
drivers/dma-buf/Kconfig,1,0,0,0,1,0,MANUAL,0,1
drivers/dma-buf/sync_file.c,1,0,0,1,0,0,MANUAL,23,2
drivers/dma/qcom/bam_dma.c,1,0,0,1,0,0,MANUAL,6,2
drivers/extcon/extcon-axp288.c,1,0,0,0,1,0,MANUAL,1,0
drivers/firmware/efi/arm-runtime.c,1,0,0,1,0,0,MANUAL,1,1
drivers/firmware/efi/cper-arm.c,1,0,0,1,0,0,MANUAL,9,5
drivers/firmware/efi/efi.c,1,0,0,0,1,0,MANUAL,1,1
drivers/firmware/efi/libstub/Makefile,1,0,0,1,0,0,MANUAL,2,1
drivers/fpga/dfl.c,1,0,0,1,0,0,MANUAL,1,1
drivers/gpio/gpiolib-acpi.c,1,0,0,1,0,0,MANUAL,1,0
drivers/gpu/drm/amd/amdgpu/amdgpu_debugfs.c,1,0,0,1,0,0,MANUAL,1,1
drivers/gpu/drm/amd/amdkfd/kfd_mqd_manager_v9.c,1,0,0,1,0,0,MANUAL,4,0
drivers/gpu/drm/amd/amdkfd/kfd_process_queue_manager.c,1,0,0,1,0,0,MANUAL,1,1
drivers/gpu/drm/amd/display/dc/basics/vector.c,1,0,0,0,1,0,MANUAL,1,1
drivers/gpu/drm/bridge/cdns-dsi.c,1,0,0,1,0,0,MANUAL,1,1
drivers/gpu/drm/drm_bridge.c,1,0,0,1,0,0,MANUAL,110,0
drivers/gpu/drm/drm_fourcc.c,1,0,0,1,0,0,MANUAL,8,0
drivers/gpu/drm/drm_ioctl.c,1,0,0,0,1,0,MANUAL,3,3
drivers/gpu/drm/drm_vm.c,1,0,0,1,0,0,MANUAL,1,1
drivers/gpu/drm/etnaviv/etnaviv_buffer.c,1,0,0,1,0,0,MANUAL,2,1
drivers/gpu/drm/etnaviv/etnaviv_dump.c,1,0,0,1,0,0,MANUAL,2,2
drivers/gpu/drm/i915/i915_mm.c,1,0,0,0,1,0,MANUAL,1,1
drivers/gpu/drm/mediatek/Makefile,1,0,0,0,1,0,MANUAL,121,5
drivers/gpu/drm/mediatek/mtk_cec.c,1,0,0,0,1,0,MANUAL,3,13
drivers/gpu/drm/mediatek/mtk_dpi_regs.h,1,0,0,0,1,0,MANUAL,3,12
drivers/gpu/drm/mediatek/mtk_drm_crtc.h,1,0,0,0,1,0,MANUAL,916,16
drivers/gpu/drm/mediatek/mtk_drm_plane.h,1,0,0,0,1,0,MANUAL,205,31
drivers/gpu/drm/msm/Kconfig,1,0,0,0,1,0,MANUAL,1,1
drivers/gpu/drm/nouveau/dispnv50/wndw.c,1,0,0,1,0,0,MANUAL,1,1
drivers/gpu/drm/nouveau/nouveau_backlight.c,1,0,0,1,0,0,MANUAL,1,1
drivers/gpu/drm/nouveau/nouveau_gem.c,1,0,0,1,0,0,MANUAL,1,1
drivers/gpu/drm/panel/Makefile,1,0,0,0,1,0,MANUAL,125,8
drivers/gpu/drm/rcar-du/rcar_du_kms.h,1,0,0,1,0,0,MANUAL,1,0
drivers/gpu/drm/tegra/hub.c,1,0,0,1,0,0,MANUAL,2,2
drivers/gpu/drm/vc4/vc4_bo.c,1,0,0,1,0,0,MANUAL,3,0
drivers/gpu/drm/virtio/Makefile,1,0,0,0,1,0,MANUAL,2,2
drivers/gpu/drm/vmwgfx/vmwgfx_msg.c,1,0,0,1,0,0,MANUAL,1,2
drivers/hid/Kconfig,1,0,0,1,0,0,MANUAL,11,0
drivers/hid/hid-ntrig.c,1,0,0,1,0,0,MANUAL,3,0
drivers/hid/hid-sensor-hub.c,1,0,0,1,0,0,MANUAL,14,7
drivers/hv/hyperv_vmbus.h,1,0,0,1,0,0,MANUAL,2,0
drivers/hwmon/pmbus/pmbus.c,1,0,0,1,0,0,MANUAL,2,0
drivers/hwmon/pwm-fan.c,1,0,0,0,1,0,MANUAL,1,1
drivers/hwtracing/coresight/Kconfig,1,0,0,1,0,0,MANUAL,1,0
drivers/hwtracing/intel_th/pci.c,1,0,0,1,0,0,MANUAL,15,0
drivers/i2c/busses/Kconfig,1,0,0,1,0,0,MANUAL,10,0
drivers/i2c/busses/i2c-designware-platdrv.c,1,0,0,1,0,0,MANUAL,1,0
drivers/iio/adc/Makefile,1,0,0,1,0,0,MANUAL,4,0
drivers/iio/dac/ad5360.c,1,0,0,1,0,0,MANUAL,1,1
drivers/iio/dac/ad5421.c,1,0,0,1,0,0,MANUAL,1,1
drivers/iio/dac/ad5686.h,1,0,0,1,0,0,MANUAL,1,0
drivers/iio/gyro/adis16260.c,1,0,0,1,0,0,MANUAL,3,0
drivers/iio/magnetometer/ak8975.c,1,0,0,1,0,0,MANUAL,1,1
drivers/infiniband/Kconfig,1,0,0,0,1,0,MANUAL,0,1
drivers/infiniband/core/rdma_core.c,1,0,0,0,1,0,MANUAL,2,2
drivers/infiniband/hw/bnxt_re/qplib_sp.c,1,0,0,1,0,0,MANUAL,1,1
drivers/infiniband/hw/mlx5/main.c,1,0,0,0,1,0,MANUAL,1,1
drivers/infiniband/hw/qib/qib_file_ops.c,1,0,0,1,0,0,MANUAL,1,1
drivers/infiniband/sw/rdmavt/mmap.c,1,0,0,0,1,0,MANUAL,1,1
drivers/infiniband/sw/rxe/rxe_cq.c,1,0,0,1,0,0,MANUAL,1,4
drivers/infiniband/sw/rxe/rxe_mmap.c,1,0,0,0,1,0,MANUAL,1,1
drivers/input/touchscreen/usbtouchscreen.c,1,0,0,1,0,0,MANUAL,5,0
drivers/iommu/of_iommu.c,1,0,0,1,0,0,MANUAL,3,1
drivers/irqchip/qcom-irq-combiner.c,1,0,0,1,0,0,MANUAL,1,1
drivers/leds/Makefile,1,0,0,0,1,0,MANUAL,7,0
drivers/macintosh/macio-adb.c,1,0,0,1,0,0,MANUAL,1,1
drivers/macintosh/mediabay.c,1,0,0,1,0,0,MANUAL,1,1
drivers/macintosh/via-pmu.c,1,0,0,1,0,0,MANUAL,1,1
drivers/md/dm-core.h,1,0,0,1,0,0,MANUAL,0,4
drivers/md/dm-rq.c,1,0,0,1,0,0,MANUAL,10,3
drivers/md/persistent-data/dm-transaction-manager.h,1,0,0,1,0,0,MANUAL,8,2
drivers/media/Kconfig,1,0,0,1,0,0,MANUAL,13,0
drivers/media/Makefile,1,0,0,0,1,0,MANUAL,2,1
drivers/media/common/videobuf2/videobuf2-vmalloc.c,1,0,0,0,1,0,MANUAL,2,1
drivers/media/i2c/Kconfig,1,0,0,1,0,0,MANUAL,11,0
drivers/media/i2c/Makefile,1,0,0,1,0,0,MANUAL,1,0
drivers/media/pci/bt8xx/bt878.c,1,0,0,1,0,0,MANUAL,1,1
drivers/media/pci/bt8xx/btcx-risc.c,1,0,0,1,0,0,MANUAL,1,1
drivers/media/pci/bt8xx/bttv-risc.c,1,0,0,1,0,0,MANUAL,1,1
drivers/media/platform/mtk-jpeg/Makefile,1,0,0,0,1,0,MANUAL,27,2
drivers/media/platform/mtk-vcodec/Makefile,1,0,0,0,1,0,MANUAL,75,16
drivers/media/platform/mtk-vcodec/mtk_vcodec_dec_pm.h,1,0,0,0,1,0,MANUAL,0,28
drivers/media/platform/mtk-vcodec/mtk_vcodec_enc_pm.c,1,0,0,0,1,0,MANUAL,0,139
drivers/media/platform/mtk-vcodec/mtk_vcodec_enc_pm.h,1,0,0,0,1,0,MANUAL,0,26
drivers/media/platform/mtk-vcodec/mtk_vcodec_intr.c,1,0,0,0,1,0,MANUAL,0,53
drivers/media/platform/mtk-vcodec/mtk_vcodec_intr.h,1,0,0,0,1,0,MANUAL,0,26
drivers/media/platform/mtk-vpu/mtk_vpu.h,1,0,0,1,0,0,MANUAL,1,1
drivers/media/platform/qcom/venus/core.h,1,0,0,1,0,0,MANUAL,2,0
drivers/media/platform/qcom/venus/hfi_parser.c,1,0,0,1,0,0,MANUAL,2,0
drivers/media/platform/rcar-vin/rcar-v4l2.c,1,0,0,1,0,0,MANUAL,4,0
drivers/media/platform/sti/c8sectpfe/c8sectpfe-core.c,1,0,0,1,0,0,MANUAL,1,2
drivers/media/rc/bpf-lirc.c,1,0,0,1,0,0,MANUAL,9,1
drivers/media/v4l2-core/videobuf-vmalloc.c,1,0,0,1,0,0,MANUAL,1,1
drivers/memory/Makefile,1,0,0,1,0,0,MANUAL,3,0
drivers/memstick/core/ms_block.c,1,0,0,0,1,0,MANUAL,1,1
drivers/mfd/intel_soc_pmic_chtdc_ti.c,1,0,0,1,0,0,MANUAL,1,2
drivers/misc/Makefile,1,0,0,1,0,0,MANUAL,15,0
drivers/misc/lkdtm/Makefile,1,0,0,1,0,0,MANUAL,1,0
drivers/mmc/host/renesas_sdhi_sys_dmac.c,1,0,0,1,0,0,MANUAL,1,1
drivers/mmc/host/sdhci.h,1,0,0,1,0,0,MANUAL,16,0
drivers/mmc/host/tmio_mmc_core.c,1,0,0,1,0,0,MANUAL,1,1
drivers/mtd/Kconfig,1,0,0,1,0,0,MANUAL,8,0
drivers/mtd/Makefile,1,0,0,1,0,0,MANUAL,1,0
drivers/mtd/spi-nor/Makefile,1,0,0,0,1,0,MANUAL,1,1
drivers/net/Kconfig,1,0,0,1,0,0,MANUAL,43,0
drivers/net/can/dev/dev.c,1,0,0,0,1,0,MANUAL,0,1
drivers/net/can/m_can/m_can.c,1,0,0,1,0,0,MANUAL,1,1
drivers/net/ethernet/amazon/ena/ena_ethtool.c,1,0,0,1,0,0,MANUAL,4,1
drivers/net/ethernet/amd/7990.c,1,0,0,1,0,0,MANUAL,1,1
drivers/net/ethernet/amd/hplance.c,1,0,0,1,0,0,MANUAL,1,1
drivers/net/ethernet/amd/mvme147.c,1,0,0,1,0,0,MANUAL,1,1
drivers/net/ethernet/amd/sun3lance.c,1,0,0,1,0,0,MANUAL,1,1
drivers/net/ethernet/amd/sunlance.c,1,0,0,1,0,0,MANUAL,1,1
drivers/net/ethernet/apple/bmac.c,1,0,0,1,0,0,MANUAL,1,1
drivers/net/ethernet/apple/mace.c,1,0,0,1,0,0,MANUAL,1,1
drivers/net/ethernet/cadence/macb.h,1,0,0,1,0,0,MANUAL,2,0
drivers/net/ethernet/freescale/fs_enet/fs_enet-main.c,1,0,0,1,0,0,MANUAL,1,1
drivers/net/ethernet/freescale/fs_enet/mac-fcc.c,1,0,0,1,0,0,MANUAL,1,1
drivers/net/ethernet/freescale/fs_enet/mii-fec.c,1,0,0,1,0,0,MANUAL,1,1
drivers/net/ethernet/hisilicon/hns3/hns3pf/hclge_tm.c,1,0,0,0,1,0,MANUAL,1,1
drivers/net/ethernet/i825xx/82596.c,1,0,0,1,0,0,MANUAL,1,1
drivers/net/ethernet/intel/fm10k/fm10k.h,1,0,0,1,0,0,MANUAL,2,1
drivers/net/ethernet/intel/i40e/i40e_client.c,1,0,0,1,0,0,MANUAL,2,2
drivers/net/ethernet/intel/ixgbe/ixgbe_main.c,1,0,0,1,0,0,MANUAL,1,1
drivers/net/ethernet/korina.c,1,0,0,1,0,0,MANUAL,1,1
drivers/net/ethernet/marvell/pxa168_eth.c,1,0,0,1,0,0,MANUAL,1,1
drivers/net/ethernet/mediatek/Makefile,1,0,0,1,0,0,MANUAL,2,1
drivers/net/ethernet/mellanox/mlx5/core/en/xdp.c,1,0,0,0,1,0,MANUAL,1,1
drivers/net/ethernet/mellanox/mlx5/core/en_dcbnl.c,1,0,0,1,0,0,MANUAL,3,2
drivers/net/ethernet/mellanox/mlx5/core/en_tc.c,1,0,0,1,0,0,MANUAL,1,0
drivers/net/ethernet/mellanox/mlxsw/spectrum_flower.c,1,0,0,1,0,0,MANUAL,4,2
drivers/net/ethernet/natsemi/jazzsonic.c,1,0,0,1,0,0,MANUAL,1,1
drivers/net/ethernet/natsemi/macsonic.c,1,0,0,1,0,0,MANUAL,1,1
drivers/net/ethernet/natsemi/xtsonic.c,1,0,0,1,0,0,MANUAL,1,1
drivers/net/ethernet/netronome/nfp/bpf/main.h,1,0,0,1,0,0,MANUAL,1,1
drivers/net/ethernet/netronome/nfp/bpf/verifier.c,1,0,0,0,1,0,MANUAL,7,1
drivers/net/ethernet/qualcomm/rmnet/rmnet_config.h,1,0,0,1,0,0,MANUAL,1,0
drivers/net/ethernet/sgi/ioc3-eth.c,1,0,0,0,1,0,MANUAL,1,1
drivers/net/ethernet/stmicro/stmmac/Kconfig,1,0,0,1,0,0,MANUAL,8,0
drivers/net/ethernet/stmicro/stmmac/Makefile,1,0,0,1,0,0,MANUAL,1,0
drivers/net/ethernet/stmicro/stmmac/dwmac-rk.c,1,0,0,1,0,0,MANUAL,1,3
drivers/net/ethernet/stmicro/stmmac/dwmac4_dma.c,1,0,0,1,0,0,MANUAL,1,0
drivers/net/ethernet/sun/sunbmac.c,1,0,0,1,0,0,MANUAL,1,1
drivers/net/ethernet/sun/sunhme.c,1,0,0,0,1,0,MANUAL,1,1
drivers/net/ethernet/sun/sunqe.c,1,0,0,1,0,0,MANUAL,1,1
drivers/net/phy/dp83867.c,1,0,0,1,0,0,MANUAL,6,0
drivers/net/wan/lapbether.c,1,0,0,0,1,0,MANUAL,3,3
drivers/net/wireless/Kconfig,1,0,0,1,0,0,MANUAL,7,0
drivers/net/wireless/ath/wil6210/cfg80211.c,1,0,0,0,1,0,MANUAL,1,1
drivers/net/wireless/broadcom/brcm80211/brcmfmac/chip.c,1,0,0,1,0,0,MANUAL,15,0
drivers/net/wireless/broadcom/brcm80211/brcmfmac/fweh.c,1,0,0,1,0,0,MANUAL,5,0
drivers/net/wireless/broadcom/brcm80211/brcmsmac/phy/phy_n.c,1,0,0,1,0,0,MANUAL,3,0
drivers/net/wireless/intel/iwlwifi/mvm/rx.c,1,0,0,1,0,0,MANUAL,1,1
drivers/net/wireless/intel/iwlwifi/mvm/scan.c,1,0,0,1,0,0,MANUAL,1,1
drivers/net/wireless/intel/iwlwifi/mvm/utils.c,1,0,0,0,1,0,MANUAL,1,1
drivers/net/wireless/intersil/p54/txrx.c,1,0,0,1,0,0,MANUAL,9,4
drivers/net/wireless/marvell/mwl8k.c,1,0,0,1,0,0,MANUAL,4,0
drivers/net/wireless/realtek/rtlwifi/rtl8192se/sw.c,1,0,0,1,0,0,MANUAL,4,3
drivers/net/wireless/realtek/rtlwifi/usb.c,1,0,0,1,0,0,MANUAL,1,1
drivers/nfc/nxp-nci/i2c.c,1,0,0,0,1,0,MANUAL,1,1
drivers/nvdimm/blk.c,1,0,0,1,0,0,MANUAL,1,1
drivers/nvdimm/btt.c,1,0,0,1,0,0,MANUAL,1,1
drivers/nvdimm/core.c,1,0,0,1,0,0,MANUAL,1,9
drivers/nvdimm/dimm_devs.c,1,0,0,1,0,0,MANUAL,1,9
drivers/nvme/target/fc.c,1,0,0,0,1,0,MANUAL,0,14
drivers/nvmem/meson-efuse.c,1,0,0,1,0,0,MANUAL,1,9
drivers/of/device.c,1,0,0,1,0,0,MANUAL,4,3
drivers/opp/core.c,1,0,0,1,0,0,MANUAL,77,0
drivers/pci/controller/Makefile,1,0,0,1,0,0,MANUAL,2,1
drivers/pci/controller/dwc/pci-dra7xx.c,1,0,0,1,0,0,MANUAL,13,0
drivers/pci/controller/dwc/pcie-designware.h,1,0,0,1,0,0,MANUAL,1,0
drivers/pci/controller/pcie-rockchip.h,1,0,0,1,0,0,MANUAL,4,0
drivers/pci/msi.c,1,0,0,0,1,0,MANUAL,9,10
drivers/pcmcia/omap_cf.c,1,0,0,1,0,0,MANUAL,7,1
drivers/phy/marvell/phy-mvebu-cp110-comphy.c,1,0,0,1,0,0,MANUAL,2,1
drivers/phy/qualcomm/phy-qcom-qmp.c,1,0,0,1,0,0,MANUAL,2,1
drivers/pinctrl/bcm/Makefile,1,0,0,1,0,0,MANUAL,1,0
drivers/pinctrl/mediatek/Makefile,1,0,0,1,0,0,MANUAL,20,0
drivers/platform/x86/asus-nb-wmi.c,1,0,0,1,0,0,MANUAL,1,0
drivers/power/Kconfig,1,0,0,1,0,0,MANUAL,216,0
drivers/power/Makefile,1,0,0,1,0,0,MANUAL,3,0
drivers/power/reset/Kconfig,1,0,0,0,1,0,MANUAL,11,0
drivers/power/supply/bq24190_charger.c,1,0,0,1,0,0,MANUAL,3,1
drivers/pps/clients/pps-gpio.c,1,0,0,1,0,0,MANUAL,2,2
drivers/pwm/pwm-clps711x.c,1,0,0,0,1,0,MANUAL,3,1
drivers/pwm/pwm-sun4i.c,1,0,0,0,1,0,MANUAL,1,1
drivers/regulator/fixed.c,1,0,0,1,0,0,MANUAL,3,2
drivers/rpmsg/Kconfig,1,0,0,0,1,0,MANUAL,10,0
drivers/rpmsg/Makefile,1,0,0,0,1,0,MANUAL,1,0
drivers/rtc/Makefile,1,0,0,1,0,0,MANUAL,1,0
drivers/rtc/rtc-core.h,1,0,0,1,0,0,MANUAL,4,0
drivers/s390/block/dasd_genhd.c,1,0,0,1,0,0,MANUAL,1,1
drivers/s390/block/scm_blk.c,1,0,0,1,0,0,MANUAL,1,1
drivers/sbus/char/flash.c,1,0,0,0,1,0,MANUAL,1,1
drivers/sbus/char/uctrl.c,1,0,0,0,1,0,MANUAL,1,1
drivers/scsi/53c700.c,1,0,0,1,0,0,MANUAL,1,1
drivers/scsi/a2091.c,1,0,0,0,1,0,MANUAL,1,1
drivers/scsi/a3000.c,1,0,0,0,1,0,MANUAL,1,1
drivers/scsi/arm/cumana_2.c,1,0,0,1,0,0,MANUAL,1,1
drivers/scsi/arm/eesox.c,1,0,0,1,0,0,MANUAL,1,1
drivers/scsi/arm/powertec.c,1,0,0,1,0,0,MANUAL,1,1
drivers/scsi/be2iscsi/be_mgmt.c,1,0,0,1,0,0,MANUAL,1,0
drivers/scsi/cxgbi/libcxgbi.c,1,0,0,1,0,0,MANUAL,1,1
drivers/scsi/dpt_i2o.c,1,0,0,1,0,0,MANUAL,1,1
drivers/scsi/gvp11.c,1,0,0,0,1,0,MANUAL,1,1
drivers/scsi/iscsi_tcp.c,1,0,0,0,1,0,MANUAL,9,2
drivers/scsi/lasi700.c,1,0,0,0,1,0,MANUAL,1,1
drivers/scsi/lpfc/lpfc_debugfs.h,1,0,0,1,0,0,MANUAL,3,0
drivers/scsi/mac53c94.c,1,0,0,1,0,0,MANUAL,1,1
drivers/scsi/mesh.c,1,0,0,1,0,0,MANUAL,1,1
drivers/scsi/mvme147.c,1,0,0,0,1,0,MANUAL,1,1
drivers/scsi/mvsas/mv_init.c,1,0,0,1,0,0,MANUAL,1,1
drivers/scsi/qla2xxx/qla_init.c,1,0,0,1,0,0,MANUAL,17,2
drivers/scsi/qla2xxx/qla_isr.c,1,0,0,1,0,0,MANUAL,17,2
drivers/scsi/qlogicpti.c,1,0,0,1,0,0,MANUAL,1,1
drivers/scsi/sni_53c710.c,1,0,0,0,1,0,MANUAL,1,1
drivers/scsi/ufs/Makefile,1,0,0,0,1,0,MANUAL,31,0
drivers/scsi/zorro_esp.c,1,0,0,1,0,0,MANUAL,1,1
drivers/soc/Kconfig,1,0,0,1,0,0,MANUAL,36,0
drivers/soc/Makefile,1,0,0,1,0,0,MANUAL,41,0
drivers/soc/fsl/qe/qe.c,1,0,0,0,1,0,MANUAL,1,1
drivers/soc/renesas/rcar-rst.c,1,0,0,1,0,0,MANUAL,6,1
drivers/soc/renesas/rcar-sysc.h,1,0,0,0,1,0,MANUAL,9,2
drivers/soc/rockchip/Makefile,1,0,0,1,0,0,MANUAL,1,0
drivers/soc/tegra/Kconfig,1,0,0,1,0,0,MANUAL,1,0
drivers/spi/spi-meson-spicc.c,1,0,0,0,1,0,MANUAL,0,2
drivers/spmi/Makefile,1,0,0,1,0,0,MANUAL,1,0
drivers/staging/Kconfig,1,0,0,0,1,0,MANUAL,0,2
drivers/staging/Makefile,1,0,0,0,1,0,MANUAL,0,1
drivers/staging/android/Makefile,1,0,0,0,1,0,MANUAL,18,1
drivers/staging/greybus/tools/README.loopback,1,0,0,0,1,0,MANUAL,0,198
drivers/staging/greybus/tools/loopback_test.c,1,0,0,0,1,0,MANUAL,0,999
drivers/staging/iio/adc/ad7280a.c,1,0,0,1,0,0,MANUAL,3,1
drivers/staging/media/imx/imx-media-dev.c,1,0,0,0,1,0,MANUAL,1,1
drivers/staging/media/imx/imx-media-fim.c,1,0,0,1,0,0,MANUAL,1,1
drivers/target/target_core_transport.c,1,0,0,1,0,0,MANUAL,1,0
drivers/tee/Kconfig,1,0,0,0,1,0,MANUAL,3,0
drivers/tee/optee/call.c,1,0,0,1,0,0,MANUAL,2,2
drivers/tee/tee_shm.c,1,0,0,1,0,0,MANUAL,1,0
drivers/tty/serial/dz.c,1,0,0,1,0,0,MANUAL,21,0
drivers/tty/sysrq.c,1,0,0,1,0,0,MANUAL,3,10
drivers/usb/core/config.c,1,0,0,1,0,0,MANUAL,9,0
drivers/usb/core/urb.c,1,0,0,1,0,0,MANUAL,1,1
drivers/usb/host/xhci-dbgcap.c,1,0,0,1,0,0,MANUAL,8,1
drivers/usb/misc/uss720.c,1,0,0,1,0,0,MANUAL,1,1
drivers/usb/mtu3/mtu3_qmu.h,1,0,0,1,0,0,MANUAL,2,1
drivers/usb/musb/Makefile,1,0,0,1,0,0,MANUAL,1,0
drivers/usb/storage/Makefile,1,0,0,1,0,0,MANUAL,1,0
drivers/usb/typec/Makefile,1,0,0,0,1,0,MANUAL,2,0
drivers/usb/typec/bus.h,1,0,0,1,0,0,MANUAL,15,0
drivers/vfio/Kconfig,1,0,0,0,1,0,MANUAL,0,1
drivers/vfio/pci/vfio_pci_rdwr.c,1,0,0,1,0,0,MANUAL,1,0
drivers/vhost/vhost.h,1,0,0,1,0,0,MANUAL,1,0
drivers/video/console/Kconfig,1,0,0,1,0,0,MANUAL,1,1
drivers/video/console/newport_con.c,1,0,0,0,1,0,MANUAL,1,1
drivers/video/fbdev/acornfb.c,1,0,0,0,1,0,MANUAL,1,1
drivers/video/fbdev/atafb.c,1,0,0,0,1,0,MANUAL,1,1
drivers/video/fbdev/aty/atyfb_base.c,1,0,0,1,0,0,MANUAL,6,2
drivers/video/fbdev/cirrusfb.c,1,0,0,0,1,0,MANUAL,1,1
drivers/video/fbdev/controlfb.c,1,0,0,0,1,0,MANUAL,1,1
drivers/video/fbdev/cyber2000fb.c,1,0,0,0,1,0,MANUAL,1,1
drivers/video/fbdev/hitfb.c,1,0,0,0,1,0,MANUAL,1,1
drivers/video/fbdev/neofb.c,1,0,0,0,1,0,MANUAL,1,1
drivers/video/fbdev/platinumfb.c,1,0,0,0,1,0,MANUAL,1,1
drivers/video/fbdev/pvr2fb.c,1,0,0,1,0,0,MANUAL,1,1
drivers/video/fbdev/q40fb.c,1,0,0,0,1,0,MANUAL,1,1
drivers/video/fbdev/savage/savagefb_driver.c,1,0,0,0,1,0,MANUAL,1,1
drivers/video/fbdev/valkyriefb.c,1,0,0,0,1,0,MANUAL,1,1
drivers/watchdog/da9052_wdt.c,1,0,0,1,0,0,MANUAL,1,0
drivers/xen/balloon.c,1,0,0,0,1,0,MANUAL,1,1
drivers/xen/grant-table.c,1,0,0,0,1,0,MANUAL,1,1
drivers/xen/xen-scsiback.c,1,0,0,1,0,0,MANUAL,1,0
fs/9p/vfs_super.c,1,0,0,0,1,0,MANUAL,1,1
fs/afs/Makefile,1,0,0,1,0,0,MANUAL,2,1
fs/afs/proc.c,1,0,0,0,1,0,MANUAL,1,1
fs/afs/xattr.c,1,0,0,0,1,0,MANUAL,1,1
fs/binfmt_elf.c,1,0,0,0,1,0,MANUAL,5,1
fs/btrfs/relocation.c,1,0,0,1,0,0,MANUAL,12,2
fs/crypto/Kconfig,1,0,0,0,1,0,MANUAL,24,9
fs/crypto/bio.c,1,0,0,0,1,0,MANUAL,136,96
fs/ext4/ext4_jbd2.h,1,0,0,0,1,0,MANUAL,1,1
fs/f2fs/Makefile,1,0,0,1,0,0,MANUAL,2,0
fs/fat/namei_msdos.c,1,0,0,1,0,0,MANUAL,6,1
fs/fat/namei_vfat.c,1,0,0,1,0,0,MANUAL,6,1
fs/file_table.c,1,0,0,0,1,0,MANUAL,2,2
fs/fuse/Makefile,1,0,0,1,0,0,MANUAL,4,1
fs/gfs2/incore.h,1,0,0,1,0,0,MANUAL,4,4
fs/hfsplus/hfsplus_fs.h,1,0,0,1,0,0,MANUAL,42,0
fs/jbd2/commit.c,1,0,0,1,0,0,MANUAL,2,2
fs/kernfs/kernfs-internal.h,1,0,0,1,0,0,MANUAL,7,3
fs/nfsd/lockd.c,1,0,0,1,0,0,MANUAL,15,0
fs/nfsd/nfs3xdr.c,1,0,0,1,0,0,MANUAL,1,1
fs/nfsd/nfsfh.h,1,0,0,1,0,0,MANUAL,2,5
fs/nfsd/state.h,1,0,0,1,0,0,MANUAL,12,5
fs/nfsd/vfs.c,1,0,0,0,1,0,MANUAL,4,0
fs/notify/fanotify/Kconfig,1,0,0,0,1,0,MANUAL,0,1
fs/notify/fanotify/fanotify_user.c,1,0,0,0,1,0,MANUAL,1,1
fs/notify/inotify/Kconfig,1,0,0,0,1,0,MANUAL,0,1
fs/ntfs/malloc.h,1,0,0,1,0,0,MANUAL,1,1
fs/ocfs2/journal.h,1,0,0,1,0,0,MANUAL,1,0
fs/overlayfs/ovl_entry.h,1,0,0,1,0,0,MANUAL,1,0
fs/pnode.h,1,0,0,1,0,0,MANUAL,1,0
fs/proc/nommu.c,1,0,0,0,1,0,MANUAL,1,1
fs/proc/proc_net.c,1,0,0,1,0,0,MANUAL,19,0
fs/sysfs/file.c,1,0,0,1,0,0,MANUAL,2,0
fs/ubifs/sb.c,1,0,0,0,1,0,MANUAL,1,1
fs/utimes.c,1,0,0,0,1,0,MANUAL,1,1
fs/xfs/kmem.c,1,0,0,0,1,0,MANUAL,1,1
include/acpi/actypes.h,1,0,0,0,1,0,MANUAL,1,1
include/crypto/aes.h,1,0,0,0,1,0,MANUAL,4,4
include/crypto/internal/blake2s.h,1,0,0,0,1,0,MANUAL,113,3
include/drm/drm_fourcc.h,1,0,0,1,0,0,MANUAL,22,0
include/dt-bindings/memory/mt2701-larb-port.h,1,0,0,0,1,0,MANUAL,1,9
include/dt-bindings/memory/mt8173-larb-port.h,1,0,0,0,1,0,MANUAL,1,9
include/linux/binfmts.h,1,0,0,1,0,0,MANUAL,1,0
include/linux/bitops.h,1,0,0,1,0,0,MANUAL,7,0
include/linux/bits.h,1,0,0,0,1,0,MANUAL,10,1
include/linux/blk-cgroup.h,1,0,0,1,0,0,MANUAL,2,0
include/linux/bpfilter.h,1,0,0,0,1,0,MANUAL,12,3
include/linux/build_bug.h,1,0,0,1,0,0,MANUAL,19,0
include/linux/can/core.h,1,0,0,1,0,0,MANUAL,1,0
include/linux/cdrom.h,1,0,0,1,0,0,MANUAL,1,0
include/linux/compaction.h,1,0,0,1,0,0,MANUAL,1,1
include/linux/compiler-intel.h,1,0,0,0,1,0,MANUAL,0,5
include/linux/const.h,1,0,0,1,0,0,MANUAL,1,4
include/linux/coresight-pmu.h,1,0,0,0,1,0,MANUAL,2,0
include/linux/crash_dump.h,1,0,0,1,0,0,MANUAL,1,1
include/linux/dax.h,1,0,0,0,1,0,MANUAL,1,1
include/linux/device-mapper.h,1,0,0,1,0,0,MANUAL,3,2
include/linux/export.h,1,0,0,1,0,0,MANUAL,1,1
include/linux/fb.h,1,0,0,1,0,0,MANUAL,6,0
include/linux/fsnotify.h,1,0,0,0,1,0,MANUAL,9,0
include/linux/gpio/driver.h,1,0,0,1,0,0,MANUAL,8,0
include/linux/highmem.h,1,0,0,0,1,0,MANUAL,5,0
include/linux/hyperv.h,1,0,0,1,0,0,MANUAL,1,0
include/linux/io-mapping.h,1,0,0,1,0,0,MANUAL,1,1
include/linux/kasan-checks.h,1,0,0,0,1,0,MANUAL,1,1
include/linux/kcov.h,1,0,0,1,0,0,MANUAL,23,0
include/linux/key.h,1,0,0,1,0,0,MANUAL,3,0
include/linux/latencytop.h,1,0,0,1,0,0,MANUAL,2,2
include/linux/lz4.h,1,0,0,0,1,0,MANUAL,10,642
include/linux/memremap.h,1,0,0,0,1,0,MANUAL,1,1
include/linux/msi.h,1,0,0,0,1,0,MANUAL,1,1
include/linux/namei.h,1,0,0,0,1,0,MANUAL,3,0
include/linux/netpoll.h,1,0,0,1,0,0,MANUAL,1,9
include/linux/nfs_fs_sb.h,1,0,0,1,0,0,MANUAL,10,0
include/linux/nodemask.h,1,0,0,0,1,0,MANUAL,1,0
include/linux/of_irq.h,1,0,0,1,0,0,MANUAL,1,0
include/linux/page_ext.h,1,0,0,1,0,0,MANUAL,1,1
include/linux/phy_led_triggers.h,1,0,0,1,0,0,MANUAL,1,1
include/linux/platform_data/spi-mt65xx.h,1,0,0,1,0,0,MANUAL,7,0
include/linux/raid/pq.h,1,0,0,0,1,0,MANUAL,0,1
include/linux/regmap.h,1,0,0,1,0,0,MANUAL,1,0
include/linux/sched/loadavg.h,1,0,0,1,0,0,MANUAL,20,4
include/linux/set_memory.h,1,0,0,1,0,0,MANUAL,11,0
include/linux/shmem_fs.h,1,0,0,1,0,0,MANUAL,8,11
include/linux/slab_def.h,1,0,0,1,0,0,MANUAL,13,0
include/linux/soc/mediatek/infracfg.h,1,0,0,1,0,0,MANUAL,28,0
include/linux/spinlock_types.h,1,0,0,0,1,0,MANUAL,3,0
include/linux/stat.h,1,0,0,1,0,0,MANUAL,2,1
include/linux/swapops.h,1,0,0,0,1,0,MANUAL,6,0
include/linux/tracepoint-defs.h,1,0,0,1,0,0,MANUAL,1,0
include/linux/usb/typec_mux.h,1,0,0,0,1,0,MANUAL,30,35
include/linux/virtio_net.h,1,0,0,0,1,0,MANUAL,3,11
include/linux/virtio_vsock.h,1,0,0,1,0,0,MANUAL,2,1
include/linux/writeback.h,1,0,0,1,0,0,MANUAL,11,17
include/linux/ww_mutex.h,1,0,0,1,0,0,MANUAL,1,1
include/media/v4l2-common.h,1,0,0,1,0,0,MANUAL,25,0
include/net/act_api.h,1,0,0,1,0,0,MANUAL,1,0
include/net/bluetooth/bluetooth.h,1,0,0,1,0,0,MANUAL,2,0
include/net/checksum.h,1,0,0,1,0,0,MANUAL,1,1
include/net/compat.h,1,0,0,0,1,0,MANUAL,0,1
include/net/inet_common.h,1,0,0,1,0,0,MANUAL,7,1
include/net/ip6_fib.h,1,0,0,1,0,0,MANUAL,7,0
include/net/neighbour.h,1,0,0,0,1,0,MANUAL,3,2
include/net/netfilter/nf_conntrack_timeout.h,1,0,0,1,0,0,MANUAL,1,0
include/net/netfilter/nf_queue.h,1,0,0,1,0,0,MANUAL,1,0
include/net/netns/ipv6.h,1,0,0,1,0,0,MANUAL,2,2
include/net/netns/netfilter.h,1,0,0,1,0,0,MANUAL,0,2
include/net/page_pool.h,1,0,0,1,0,0,MANUAL,19,0
include/net/seg6.h,1,0,0,1,0,0,MANUAL,1,1
include/net/sock_reuseport.h,1,0,0,0,1,0,MANUAL,0,2
include/net/strparser.h,1,0,0,1,0,0,MANUAL,15,1
include/net/tc_act/tc_pedit.h,1,0,0,0,1,0,MANUAL,0,1
include/trace/events/fib.h,1,0,0,0,1,0,MANUAL,5,2
include/trace/events/kmem.h,1,0,0,1,0,0,MANUAL,123,0
include/trace/events/writeback.h,1,0,0,1,0,0,MANUAL,1,1
include/uapi/asm-generic/socket.h,1,0,0,1,0,0,MANUAL,2,0
include/uapi/asm-generic/unistd.h,1,0,0,0,1,0,MANUAL,9,1
include/uapi/linux/audit.h,1,0,0,1,0,0,MANUAL,1,0
include/uapi/linux/prctl.h,1,0,0,1,0,0,MANUAL,8,0
include/uapi/linux/stat.h,1,0,0,1,0,0,MANUAL,1,1
include/uapi/linux/virtio_ids.h,1,0,0,1,0,0,MANUAL,4,0
include/uapi/linux/vm_sockets.h,1,0,0,1,0,0,MANUAL,4,0
include/xen/arm/page.h,1,0,0,1,0,0,MANUAL,1,1
ipc/namespace.c,1,0,0,0,1,0,MANUAL,1,1
ipc/util.c,1,0,0,1,0,0,MANUAL,1,1
kernel/.gitignore,1,0,0,0,1,0,MANUAL,1,0
kernel/auditsc.c,1,0,0,1,0,0,MANUAL,1,1
kernel/bounds.c,1,0,0,1,0,0,MANUAL,7,0
kernel/bpf/disasm.h,1,0,0,0,1,0,MANUAL,1,9
kernel/capability.c,1,0,0,1,0,0,MANUAL,19,0
kernel/cgroup/freezer.c,1,0,0,0,1,0,MANUAL,248,399
kernel/dma/Makefile,1,0,0,0,1,0,MANUAL,1,1
kernel/dma/coherent.c,1,0,0,0,1,0,MANUAL,9,2
kernel/dma/direct.c,1,0,0,0,1,0,MANUAL,4,0
kernel/gcov/Makefile,1,0,0,1,0,0,MANUAL,3,2
kernel/groups.c,1,0,0,0,1,0,MANUAL,1,1
kernel/hung_task.c,1,0,0,1,0,0,MANUAL,1,1
kernel/kexec_core.c,1,0,0,1,0,0,MANUAL,1,1
kernel/livepatch/patch.c,1,0,0,1,0,0,MANUAL,2,1
kernel/locking/osq_lock.c,1,0,0,0,1,0,MANUAL,10,13
kernel/params.c,1,0,0,0,1,0,MANUAL,5,1
kernel/rcu/Kconfig,1,0,0,1,0,0,MANUAL,9,0
kernel/sched/debug.c,1,0,0,1,0,0,MANUAL,3,0
kernel/sched/stats.h,1,0,0,1,0,0,MANUAL,86,0
kernel/sched/stop_task.c,1,0,0,0,1,0,MANUAL,2,1
kernel/time/ntp.c,1,0,0,0,1,0,MANUAL,1,1
kernel/time/posix-cpu-timers.c,1,0,0,1,0,0,MANUAL,9,0
kernel/trace/trace_probe.h,1,0,0,1,0,0,MANUAL,23,0
lib/crypto/Makefile,1,0,0,1,0,0,MANUAL,28,3
lib/crypto/blake2s.c,1,0,0,0,1,0,MANUAL,39,31
lib/lz4/lz4_compress.c,1,0,0,0,1,0,MANUAL,0,940
lib/lz4/lz4_decompress.c,1,0,0,0,1,0,MANUAL,0,508
lib/lz4/lz4defs.h,1,0,0,0,1,0,MANUAL,0,227
lib/lz4/lz4hc_compress.c,1,0,0,0,1,0,MANUAL,0,769
lib/nlattr.c,1,0,0,0,1,0,MANUAL,2,3
mm/init-mm.c,1,0,0,1,0,0,MANUAL,1,1
mm/kasan/Makefile,1,0,0,0,1,0,MANUAL,17,4
mm/memory-failure.c,1,0,0,1,0,0,MANUAL,3,4
mm/mm_init.c,1,0,0,0,1,0,MANUAL,6,2
mm/page_owner.c,1,0,0,1,0,0,MANUAL,1,0
mm/process_vm_access.c,1,0,0,1,0,0,MANUAL,2,2
mm/sparse-vmemmap.c,1,0,0,1,0,0,MANUAL,1,1
mm/sparse.c,1,0,0,0,1,0,MANUAL,1,1
mm/vmacache.c,1,0,0,0,1,0,MANUAL,1,1
net/9p/trans_virtio.c,1,0,0,0,1,0,MANUAL,1,1
net/batman-adv/bat_v.c,1,0,0,0,1,0,MANUAL,0,2
net/batman-adv/gateway_client.c,1,0,0,1,0,0,MANUAL,5,0
net/bpfilter/Kconfig,1,0,0,1,0,0,MANUAL,1,0
net/bridge/br_device.c,1,0,0,1,0,0,MANUAL,1,1
net/core/net-traces.c,1,0,0,1,0,0,MANUAL,0,2
net/dccp/proto.c,1,0,0,1,0,0,MANUAL,1,1
net/ethernet/eth.c,1,0,0,0,1,0,MANUAL,3,2
net/ipv4/fib_lookup.h,1,0,0,1,0,0,MANUAL,4,2
net/ipv4/ipip.c,1,0,0,0,1,0,MANUAL,9,21
net/ipv4/xfrm4_policy.c,1,0,0,1,0,0,MANUAL,3,2
net/ipv6/addrconf_core.c,1,0,0,1,0,0,MANUAL,1,1
net/ipv6/ipv6_sockglue.c,1,0,0,0,1,0,MANUAL,1,1
net/ipv6/netfilter/ip6t_eui64.c,1,0,0,0,1,0,MANUAL,1,2
net/kcm/kcmsock.c,1,0,0,0,1,0,MANUAL,5,1
net/mac80211/mlme.c,1,0,0,1,0,0,MANUAL,1,1
net/mpls/mpls_iptunnel.c,1,0,0,0,1,0,MANUAL,15,6
net/netfilter/Kconfig,1,0,0,1,0,0,MANUAL,23,0
net/netfilter/nf_conntrack_proto_generic.c,1,0,0,1,0,0,MANUAL,1,0
net/netfilter/nf_synproxy_core.c,1,0,0,1,0,0,MANUAL,2,0
net/netfilter/nft_masq.c,1,0,0,0,1,0,MANUAL,1,1
net/netfilter/nft_redir.c,1,0,0,0,1,0,MANUAL,1,1
net/netlink/genetlink.c,1,0,0,0,1,0,MANUAL,0,35
net/psample/psample.c,1,0,0,0,1,0,MANUAL,1,2
net/rds/ib_rdma.c,1,0,0,1,0,0,MANUAL,1,1
net/sched/cls_bpf.c,1,0,0,1,0,0,MANUAL,2,0
net/sched/sch_cbs.c,1,0,0,0,1,0,MANUAL,1,1
net/sched/sch_codel.c,1,0,0,1,0,0,MANUAL,1,4
net/sched/sch_fifo.c,1,0,0,1,0,0,MANUAL,3,0
net/sctp/diag.c,1,0,0,1,0,0,MANUAL,7,0
net/tipc/msg.c,1,0,0,1,0,0,MANUAL,13,1
net/tipc/net.c,1,0,0,1,0,0,MANUAL,2,0
net/tls/Kconfig,1,0,0,1,0,0,MANUAL,1,0
net/unix/Makefile,1,0,0,1,0,0,MANUAL,1,0
net/vmw_vsock/virtio_transport_common.c,1,0,0,0,1,0,MANUAL,4,0
net/wireless/sme.c,1,0,0,0,1,0,MANUAL,9,2
net/xdp/Makefile,1,0,0,1,0,0,MANUAL,3,1
net/xdp/xdp_umem.h,1,0,0,0,1,0,MANUAL,2,11
net/xfrm/xfrm_output.c,1,0,0,1,0,0,MANUAL,1,1
samples/bpf/xdp_redirect_map_user.c,1,0,0,1,0,0,MANUAL,1,9
samples/bpf/xdp_redirect_user.c,1,0,0,1,0,0,MANUAL,1,9
scripts/Makefile,1,0,0,0,1,0,MANUAL,2,0
scripts/Makefile.ubsan,1,0,0,0,1,0,MANUAL,1,1
scripts/dtc/.gitignore,1,0,0,0,1,0,MANUAL,1,0
scripts/dtc/Makefile,1,0,0,0,1,0,MANUAL,23,4
scripts/dtc/version_gen.h,1,0,0,0,1,0,MANUAL,1,1
scripts/mod/Makefile,1,0,0,0,1,0,MANUAL,1,0
scripts/recordmcount.c,1,0,0,0,1,0,MANUAL,2,1
security/apparmor/include/match.h,1,0,0,1,0,0,MANUAL,1,0
security/integrity/evm/evm_crypto.c,1,0,0,1,0,0,MANUAL,1,1
security/integrity/evm/evm_posix_acl.c,1,0,0,0,1,0,MANUAL,0,1
security/integrity/ima/ima_appraise.c,1,0,0,1,0,0,MANUAL,1,1
security/integrity/ima/ima_crypto.c,1,0,0,1,0,0,MANUAL,1,1
security/integrity/ima/ima_fs.c,1,0,0,1,0,0,MANUAL,1,1
security/integrity/ima/ima_init.c,1,0,0,1,0,0,MANUAL,1,1
security/integrity/ima/ima_queue.c,1,0,0,0,1,0,MANUAL,0,1
security/keys/gc.c,1,0,0,0,1,0,MANUAL,0,1
security/keys/internal.h,1,0,0,0,1,0,MANUAL,0,2
security/keys/key.c,1,0,0,1,0,0,MANUAL,1,1
security/keys/keyctl.c,1,0,0,0,1,0,MANUAL,0,1
security/keys/keyring.c,1,0,0,1,0,0,MANUAL,1,1
security/keys/permission.c,1,0,0,1,0,0,MANUAL,1,1
security/keys/proc.c,1,0,0,0,1,0,MANUAL,0,1
security/keys/user_defined.c,1,0,0,1,0,0,MANUAL,1,1
security/loadpin/loadpin.c,1,0,0,1,0,0,MANUAL,7,1
security/selinux/Makefile,1,0,0,0,1,0,MANUAL,1,1
security/selinux/ss/sidtab.h,1,0,0,0,1,0,MANUAL,83,28
sound/core/control.c,1,0,0,1,0,0,MANUAL,4,0
sound/isa/wavefront/wavefront_synth.c,1,0,0,0,1,0,MANUAL,2,2
sound/soc/intel/boards/Kconfig,1,0,0,1,0,0,MANUAL,1,1
sound/soc/sh/rcar/gen.c,1,0,0,0,1,0,MANUAL,24,3
sound/usb/helper.c,1,0,0,1,0,0,MANUAL,1,0
sound/usb/pcm.h,1,0,0,1,0,0,MANUAL,2,2
sound/usb/quirks.h,1,0,0,0,1,0,MANUAL,2,0
tools/arch/x86/include/asm/cpufeatures.h,1,0,0,1,0,0,MANUAL,1,1
tools/bpf/bpftool/Documentation/bpftool-map.rst,1,0,0,1,0,0,MANUAL,6,0
tools/bpf/bpftool/xlated_dumper.c,1,0,0,1,0,0,MANUAL,3,0
tools/build/feature/Makefile,1,0,0,1,0,0,MANUAL,2,2
tools/include/linux/coresight-pmu.h,1,0,0,0,1,0,MANUAL,2,0
tools/perf/tests/switch-tracking.c,1,0,0,1,0,0,MANUAL,1,1
tools/perf/trace/beauty/mmap.c,1,0,0,0,1,0,MANUAL,1,0
tools/perf/util/session.c,1,0,0,1,0,0,MANUAL,1,1
tools/perf/util/symbol.c,1,0,0,1,0,0,MANUAL,2,2
tools/perf/util/util.h,1,0,0,0,1,0,MANUAL,0,1
tools/testing/selftests/Makefile,1,0,0,1,0,0,MANUAL,1,1
tools/testing/selftests/kselftest_harness.h,1,0,0,1,0,0,MANUAL,37,5
virt/kvm/async_pf.c,1,0,0,1,0,0,MANUAL,2,2
drivers/scsi/ufs/ufshcd.c,179,31,20,54,74,0,MIXED,2304,656
net/core/filter.c,160,109,2,29,20,0,MIXED,4131,899
kernel/sched/fair.c,141,14,31,49,47,0,MIXED,2701,290
scripts/checkpatch.pl,129,97,7,9,16,0,MIXED,1499,400
fs/f2fs/super.c,123,61,2,28,32,0,MIXED,1164,484
fs/f2fs/segment.c,116,58,11,20,27,0,MIXED,553,261
fs/f2fs/f2fs.h,113,52,1,29,31,0,MIXED,973,314
security/selinux/hooks.c,108,77,1,18,12,0,MIXED,913,1031
fs/f2fs/data.c,105,40,2,27,36,0,MIXED,1802,374
drivers/android/binder.c,103,34,11,16,42,0,MIXED,1041,309
kernel/sched/core.c,103,11,15,42,35,0,MIXED,2135,179
fs/f2fs/file.c,85,34,3,27,21,0,MIXED,1248,284
drivers/mmc/host/mtk-sd.c,79,17,20,17,25,0,MIXED,1635,220
mm/page_alloc.c,77,6,16,23,32,0,MIXED,400,131
fs/fuse/file.c,76,17,1,15,43,0,MIXED,1050,702
kernel/cgroup/cgroup.c,68,38,9,13,8,0,MIXED,536,132
drivers/usb/gadget/function/uvc_configfs.c,64,45,4,9,6,0,MIXED,762,594
kernel/bpf/core.c,64,47,1,8,8,0,MIXED,773,352
kernel/sysctl.c,64,38,1,15,10,0,MIXED,514,143
security/selinux/ss/services.c,63,7,2,9,45,0,MIXED,212,173
security/smack/smack_lsm.c,63,43,1,14,5,0,MIXED,189,272
mm/zsmalloc.c,60,4,51,2,3,0,MIXED,181,352
fs/namei.c,55,2,8,7,38,0,MIXED,225,62
mm/slub.c,55,11,11,17,16,0,MIXED,264,79
fs/afs/fsclient.c,53,4,3,14,32,0,MIXED,177,86
kernel/bpf/hashtab.c,52,17,3,11,21,0,MIXED,777,88
scripts/dtc/checks.c,52,11,33,2,6,0,MIXED,510,135
kernel/events/core.c,51,23,13,11,4,0,MIXED,370,162
fs/ext4/inode.c,50,20,5,14,11,0,MIXED,192,54
drivers/media/platform/mtk-vcodec/mtk_vcodec_enc.c,49,0,18,6,25,0,MIXED,2311,413
fs/f2fs/gc.c,49,23,2,15,9,0,MIXED,497,108
fs/userfaultfd.c,49,30,1,13,5,0,MIXED,207,105
fs/fuse/dir.c,48,20,5,15,8,0,MIXED,408,420
drivers/soc/mediatek/mtk-pmic-wrap.c,47,0,20,16,11,0,MIXED,1689,46
drivers/clk/clk.c,46,6,21,15,4,0,MIXED,836,40
drivers/block/zram/zram_drv.c,45,12,12,8,13,0,MIXED,1178,287
fs/fuse/dev.c,45,21,1,4,19,0,MIXED,420,400
mm/vmscan.c,45,1,4,22,18,0,MIXED,3217,174
drivers/media/platform/mtk-jpeg/mtk_jpeg_core.c,43,0,3,9,31,0,MIXED,1184,219
drivers/media/platform/mtk-vcodec/mtk_vcodec_dec.c,43,0,19,2,22,0,MIXED,2081,518
kernel/sched/sched.h,43,7,15,13,8,0,MIXED,511,147
drivers/iommu/io-pgtable-arm.c,42,0,7,10,25,0,MIXED,621,137
scripts/dtc/libfdt/libfdt.h,42,37,3,2,0,0,MIXED,404,91
kernel/fork.c,41,11,10,13,7,0,MIXED,207,33
drivers/media/platform/mtk-vcodec/vdec/vdec_vp9_if.c,39,0,31,2,6,0,MIXED,80,95
include/net/cfg80211.h,38,11,2,23,2,0,MIXED,229,8
drivers/spi/spi-mt65xx.c,37,6,13,12,6,0,MIXED,318,32
net/ipv6/addrconf.c,37,14,18,5,0,0,MIXED,331,49
drivers/android/binder_alloc.c,36,23,3,4,6,0,MIXED,358,94
drivers/usb/gadget/udc/core.c,36,6,11,9,10,0,MIXED,383,72
fs/f2fs/namei.c,36,16,2,8,10,0,MIXED,172,89
include/linux/fs.h,36,4,5,17,10,0,MIXED,166,25
include/linux/netdevice.h,36,11,8,13,4,0,MIXED,218,70
drivers/gpu/drm/panel/panel-simple.c,35,1,5,15,14,0,MIXED,28,459
drivers/usb/gadget/function/f_uvc.c,35,9,16,3,7,0,MIXED,199,90
drivers/iommu/iommu.c,34,3,7,12,12,0,MIXED,216,39
drivers/usb/gadget/function/u_ether.c,34,0,26,4,4,0,MIXED,611,173
fs/ext4/ext4.h,34,7,1,15,11,0,MIXED,176,30
include/linux/sched.h,34,1,12,14,7,0,MIXED,371,35
kernel/locking/lockdep.c,34,1,14,15,4,0,MIXED,1419,8
kernel/trace/bpf_trace.c,34,13,1,12,8,0,MIXED,969,71
net/ipv4/tcp_input.c,34,21,1,8,4,0,MIXED,304,82
drivers/media/rc/imon.c,33,29,2,1,1,0,MIXED,156,94
drivers/phy/mediatek/phy-mtk-tphy.c,33,0,20,8,5,0,MIXED,1270,15
fs/ext4/super.c,33,7,2,15,9,0,MIXED,273,29
kernel/bpf/arraymap.c,33,20,3,5,5,0,MIXED,625,65
net/core/dev.c,33,16,8,7,2,0,MIXED,729,121
kernel/trace/ftrace.c,32,17,2,9,4,0,MIXED,612,71
net/ipv4/tcp.c,32,13,6,9,4,0,MIXED,106,77
net/ipv4/udp.c,32,18,2,8,4,0,MIXED,239,39
drivers/i2c/busses/i2c-mt65xx.c,31,17,1,5,8,0,MIXED,243,95
drivers/media/common/videobuf2/videobuf2-core.c,31,9,2,9,11,0,MIXED,286,119
drivers/scsi/ufs/ufshcd.h,31,3,3,14,11,0,MIXED,358,32
drivers/usb/mtu3/mtu3_gadget.c,31,11,13,4,3,0,MIXED,173,67
kernel/sched/cpufreq_schedutil.c,31,0,9,6,16,0,MIXED,797,74
drivers/iommu/mtk_iommu.c,30,1,2,8,19,0,MIXED,432,42
drivers/mmc/core/block.c,30,1,15,5,9,0,MIXED,605,51
drivers/usb/gadget/configfs.c,30,4,22,2,2,0,MIXED,369,37
drivers/usb/gadget/function/f_rndis.c,30,0,28,2,0,0,MIXED,159,50
include/linux/bpf.h,30,5,1,8,16,0,MIXED,1290,118
drivers/usb/gadget/function/f_fs.c,29,4,17,2,6,0,MIXED,153,18
mm/filemap.c,29,8,4,6,11,0,MIXED,182,106
arch/arm64/boot/dts/mediatek/mt8173-evb.dts,28,19,7,0,2,0,MIXED,21,102
drivers/base/core.c,28,12,1,10,5,0,MIXED,500,33
fs/namespace.c,28,12,2,8,6,0,MIXED,331,144
kernel/printk/printk.c,28,4,5,9,10,0,MIXED,435,11
kernel/sched/rt.c,28,9,6,5,8,0,MIXED,218,40
block/blk-core.c,27,1,1,7,18,0,MIXED,135,24
drivers/iommu/io-pgtable-arm-v7s.c,27,2,9,6,10,0,MIXED,526,53
drivers/usb/mtu3/mtu3_core.c,27,12,5,2,8,0,MIXED,214,110
fs/f2fs/sysfs.c,27,5,1,12,9,0,MIXED,355,63
include/net/sock.h,27,13,5,6,3,0,MIXED,182,54
mm/memory.c,27,15,3,5,4,0,MIXED,127,289
mm/swapfile.c,27,10,7,6,4,0,MIXED,106,38
security/security.c,27,6,1,8,12,0,MIXED,787,101
Makefile,26,1,1,10,14,0,MIXED,261,45
drivers/media/platform/mtk-vcodec/venc/venc_h264_if.c,26,0,14,6,6,0,MIXED,58,61
drivers/usb/gadget/function/rndis.c,26,0,24,1,1,0,MIXED,149,36
include/linux/mm.h,26,6,2,9,9,0,MIXED,213,93
mm/mmap.c,26,5,12,8,1,0,MIXED,47,32
mm/vmalloc.c,26,9,2,8,7,0,MIXED,173,89
net/ipv4/tcp_output.c,26,12,2,9,3,0,MIXED,259,63
net/wireless/nl80211.c,26,10,3,7,6,0,MIXED,246,23
drivers/mmc/core/core.c,25,2,17,5,1,0,MIXED,925,18
fs/ext4/namei.c,25,6,2,7,10,0,MIXED,152,21
include/linux/security.h,25,12,2,9,2,0,MIXED,130,57
include/linux/usb/gadget.h,25,4,13,8,0,0,MIXED,151,6
kernel/cgroup/cpuset.c,25,0,14,5,6,0,MIXED,82,16
kernel/sched/topology.c,25,6,4,6,9,0,MIXED,383,31
mm/shmem.c,25,6,2,10,7,0,MIXED,326,306
fs/f2fs/inline.c,24,17,2,4,1,0,MIXED,130,50
init/Kconfig,24,7,5,7,5,0,MIXED,297,17
kernel/trace/trace.c,24,9,8,4,3,0,MIXED,113,14
drivers/iommu/dma-iommu.c,23,0,9,7,7,0,MIXED,482,23
drivers/media/platform/mtk-vcodec/vdec/vdec_vp8_if.c,23,0,17,2,4,0,MIXED,94,102
drivers/usb/core/hub.c,23,12,4,6,1,0,MIXED,94,23
drivers/usb/mtu3/mtu3_gadget_ep0.c,23,5,14,1,3,0,MIXED,111,42
drivers/usb/mtu3/mtu3_plat.c,23,2,4,12,5,0,MIXED,205,42
kernel/bpf/btf.c,23,11,1,7,4,0,MIXED,4519,1388
kernel/sched/deadline.c,23,2,17,2,2,0,MIXED,50,58
mm/memcontrol.c,23,1,5,10,7,0,MIXED,182,103
scripts/dtc/libfdt/fdt_rw.c,23,18,4,0,1,0,MIXED,75,80
fs/f2fs/recovery.c,22,18,1,2,1,0,MIXED,151,54
include/uapi/linux/videodev2.h,22,5,4,6,7,0,MIXED,175,16
kernel/sys.c,22,5,4,8,5,0,MIXED,203,14
scripts/dtc/livetree.c,22,9,4,0,9,0,MIXED,103,63
drivers/base/power/main.c,21,0,12,5,4,0,MIXED,85,6
drivers/dma-buf/dma-buf.c,21,1,8,6,6,0,MIXED,298,26
drivers/gpu/drm/mediatek/mtk_dpi.c,21,1,2,5,13,0,MIXED,170,66
fs/read_write.c,21,0,8,7,6,0,MIXED,150,18
include/net/tcp.h,21,8,2,7,4,0,MIXED,120,28
mm/mremap.c,21,6,1,4,10,0,MIXED,365,73
net/ipv4/tcp_ipv4.c,21,6,2,7,6,0,MIXED,190,20
net/xfrm/xfrm_state.c,21,9,4,6,2,0,MIXED,104,36
arch/arm64/Kconfig,20,1,2,14,3,0,MIXED,310,2
drivers/md/dm-crypt.c,20,0,15,3,2,0,MIXED,180,6
drivers/usb/mtu3/mtu3.h,20,5,7,6,2,0,MIXED,124,41
drivers/usb/mtu3/mtu3_qmu.c,20,11,4,0,5,0,MIXED,129,70
fs/crypto/fname.c,20,6,1,3,10,0,MIXED,312,106
include/linux/iommu.h,20,0,4,7,9,0,MIXED,164,3
kernel/bpf/cgroup.c,20,8,1,3,8,0,MIXED,1423,179
kernel/signal.c,20,6,4,6,4,0,MIXED,251,14
kernel/workqueue.c,20,1,13,4,2,0,MIXED,141,6
net/sctp/sm_make_chunk.c,20,14,4,1,1,0,MIXED,31,33
drivers/clk/mediatek/clk-pll.c,19,2,9,1,7,0,MIXED,369,45
drivers/gpu/drm/mediatek/mtk_drm_drv.c,19,0,3,2,14,0,MIXED,3796,322
drivers/rtc/rtc-mt6397.c,19,0,8,3,8,0,MIXED,1390,66
drivers/usb/gadget/composite.c,19,4,11,3,1,0,MIXED,219,7
fs/open.c,19,2,4,2,11,0,MIXED,60,16
fs/proc/base.c,19,8,1,9,1,0,MIXED,129,19
kernel/bpf/inode.c,19,15,1,1,2,0,MIXED,232,86
kernel/power/qos.c,19,0,1,3,15,0,MIXED,637,6
net/ipv6/route.c,19,8,4,3,4,0,MIXED,125,58
scripts/dtc/dtc-parser.y,19,13,1,1,4,0,MIXED,83,39
drivers/base/power/wakeup.c,18,6,6,1,5,0,MIXED,113,38
drivers/soc/mediatek/mtk-scpsys.c,18,0,11,0,7,0,MIXED,857,90
lib/Kconfig.debug,18,2,5,6,5,0,MIXED,63,17
net/packet/af_packet.c,18,13,1,4,0,0,MIXED,54,88
scripts/dtc/flattree.c,18,8,9,0,1,0,MIXED,25,42
block/elevator.c,17,1,2,4,10,0,MIXED,50,22
drivers/block/loop.c,17,6,2,4,5,0,MIXED,214,180
drivers/media/platform/mtk-vcodec/venc/venc_vp8_if.c,17,0,11,3,3,0,MIXED,45,48
drivers/mmc/core/mmc.c,17,1,13,3,0,0,MIXED,109,22
drivers/mmc/core/sd.c,17,0,11,6,0,0,MIXED,216,5
drivers/thermal/thermal_core.c,17,6,3,2,6,0,MIXED,104,22
include/linux/mmc/host.h,17,2,7,8,0,0,MIXED,179,3
include/linux/mmzone.h,17,1,4,8,4,0,MIXED,267,19
include/linux/skbuff.h,17,8,1,5,3,0,MIXED,100,15
kernel/cpu.c,17,2,6,7,2,0,MIXED,101,26
kernel/cred.c,17,1,14,1,1,0,MIXED,33,46
net/core/skbuff.c,17,3,2,10,2,0,MIXED,74,26
security/selinux/selinuxfs.c,17,13,2,2,0,0,MIXED,100,17
drivers/devfreq/devfreq.c,16,2,2,6,6,0,MIXED,52,18
drivers/iio/adc/mt6577_auxadc.c,16,0,9,3,4,0,MIXED,301,39
drivers/media/platform/mtk-vcodec/vdec/vdec_h264_if.c,16,0,9,2,5,0,MIXED,50,60
drivers/usb/host/xhci.c,16,9,4,2,1,0,MIXED,190,28
mm/swap.c,16,0,1,11,4,0,MIXED,69,38
net/netfilter/xt_IDLETIMER.c,16,1,7,3,5,0,MIXED,245,23
security/apparmor/lsm.c,16,6,2,6,2,0,MIXED,158,53
arch/arm64/mm/fault.c,15,4,1,4,6,0,MIXED,53,31
drivers/cpufreq/cpufreq.c,15,2,1,10,2,0,MIXED,102,9
drivers/gpu/drm/panel/panel-innolux-p079zca.c,15,0,6,1,8,0,MIXED,68,309
drivers/input/keyboard/mtk-pmic-keys.c,15,0,12,1,2,0,MIXED,173,31
drivers/md/dm.c,15,0,5,6,4,0,MIXED,184,62
drivers/scsi/ufs/ufs.h,15,2,1,9,3,0,MIXED,98,80
drivers/thermal/rcar_gen3_thermal.c,15,2,1,5,7,0,MIXED,98,47
drivers/usb/mtu3/mtu3_hw_regs.h,15,6,5,3,1,0,MIXED,89,4
fs/f2fs/segment.h,15,8,1,3,3,0,MIXED,44,36
include/linux/thermal.h,15,0,3,8,4,0,MIXED,94,5
include/linux/usb.h,15,2,8,5,0,0,MIXED,66,17
include/uapi/linux/fuse.h,15,6,1,5,3,0,MIXED,154,50
kernel/kcov.c,15,6,1,2,6,0,MIXED,519,43
drivers/gpu/drm/mediatek/mtk_hdmi.c,14,0,5,3,6,0,MIXED,76,53
drivers/iommu/iova.c,14,0,7,4,3,0,MIXED,196,9
drivers/media/platform/mtk-vcodec/mtk_vcodec_dec_drv.c,14,0,8,0,6,0,MIXED,205,147
drivers/memory/mtk-smi.c,14,0,1,3,10,0,MIXED,559,124
drivers/misc/pci_endpoint_test.c,14,2,6,5,1,0,MIXED,29,16
drivers/net/ethernet/intel/i40e/i40e_virtchnl_pf.c,14,11,1,2,0,0,MIXED,45,15
drivers/net/ethernet/netronome/nfp/bpf/offload.c,14,11,1,2,0,0,MIXED,27,32
drivers/usb/gadget/udc/renesas_usb3.c,14,9,1,3,1,0,MIXED,107,9
fs/ext4/mballoc.c,14,9,1,3,1,0,MIXED,259,44
fs/proc/task_mmu.c,14,1,1,5,7,0,MIXED,158,18
include/linux/blkdev.h,14,0,1,5,8,0,MIXED,61,7
include/sound/pcm.h,14,2,6,5,1,0,MIXED,75,2
include/sound/soc.h,14,0,6,4,4,0,MIXED,58,2
mm/dmapool.c,14,0,7,1,6,0,MIXED,209,220
mm/migrate.c,14,4,5,5,0,0,MIXED,18,20
net/core/rtnetlink.c,14,6,3,4,1,0,MIXED,126,17
net/ipv4/sysctl_net_ipv4.c,14,11,1,0,2,0,MIXED,72,25
net/netfilter/nf_conntrack_netlink.c,14,9,1,2,2,0,MIXED,61,36
sound/aoa/soundbus/i2sbus/pcm.c,14,2,8,2,2,0,MIXED,28,60
drivers/clk/mediatek/clk-mtk.h,13,4,4,2,3,0,MIXED,96,12
drivers/irqchip/irq-gic-v3.c,13,1,6,5,1,0,MIXED,71,5
drivers/mailbox/mtk-cmdq-mailbox.c,13,0,2,0,11,0,MIXED,2172,221
drivers/media/common/videobuf2/videobuf2-dma-sg.c,13,0,2,3,8,0,MIXED,64,20
drivers/media/platform/mtk-vcodec/mtk_vcodec_drv.h,13,0,1,3,9,0,MIXED,310,155
drivers/net/ipvlan/ipvlan_main.c,13,12,1,0,0,0,MIXED,29,21
drivers/pwm/pwm-mtk-disp.c,13,0,2,8,3,0,MIXED,151,8
drivers/regulator/core.c,13,4,1,6,2,0,MIXED,113,15
drivers/tty/serial/8250/8250_mtk.c,13,4,1,4,4,0,MIXED,522,49
drivers/usb/gadget/function/uvc_queue.c,13,8,3,0,2,0,MIXED,46,37
drivers/usb/gadget/function/uvc_v4l2.c,13,3,5,0,5,0,MIXED,401,53
fs/eventpoll.c,13,5,1,5,2,0,MIXED,112,31
fs/exec.c,13,4,3,3,3,0,MIXED,86,10
include/linux/perf_event.h,13,3,5,4,1,0,MIXED,67,23
ipc/mqueue.c,13,5,4,1,3,0,MIXED,79,29
kernel/locking/mutex.c,13,0,5,4,4,0,MIXED,77,14
mm/oom_kill.c,13,4,6,3,0,0,MIXED,92,9
net/ipv4/af_inet.c,13,6,4,2,1,0,MIXED,43,28
drivers/clk/mediatek/clk-mtk.c,12,1,7,2,2,0,MIXED,151,7
drivers/media/usb/uvc/uvc_ctrl.c,12,7,1,1,3,0,MIXED,116,25
drivers/net/macsec.c,12,0,11,1,0,0,MIXED,14,14
drivers/tty/serial/8250/8250_core.c,12,0,11,1,0,0,MIXED,133,0
fs/ext4/inline.c,12,8,3,0,1,0,MIXED,52,7
fs/overlayfs/super.c,12,0,4,8,0,0,MIXED,39,1
include/drm/drm_connector.h,12,1,2,8,1,0,MIXED,123,69
include/linux/cgroup-defs.h,12,8,1,1,2,0,MIXED,58,17
include/linux/kernfs.h,12,4,2,4,2,0,MIXED,64,20
include/uapi/linux/usb/video.h,12,10,2,0,0,0,MIXED,156,155
mm/vmstat.c,12,3,4,2,3,0,MIXED,31,24
net/core/sysctl_net_core.c,12,11,1,0,0,0,MIXED,12,19
net/ipv6/udp.c,12,4,1,3,4,0,MIXED,46,12
scripts/dtc/dtc.c,12,6,2,3,1,0,MIXED,32,19
arch/arm64/kernel/smp.c,11,1,3,3,4,0,MIXED,39,10
drivers/android/binder_alloc.h,11,8,1,1,1,0,MIXED,57,36
drivers/clocksource/timer-mediatek.c,11,0,10,1,0,0,MIXED,107,7
drivers/gpu/drm/drm_atomic_helper.c,11,3,1,2,5,0,MIXED,36,25
drivers/media/platform/mtk-vcodec/mtk_vcodec_enc_drv.c,11,0,4,1,6,0,MIXED,212,179
drivers/net/ethernet/mediatek/mtk_eth_soc.c,11,3,1,2,5,0,MIXED,53,59
drivers/scsi/sd.c,11,0,4,2,5,0,MIXED,60,8
drivers/usb/gadget/function/f_midi.c,11,6,5,0,0,0,MIXED,101,43
drivers/usb/gadget/function/u_serial.c,11,1,5,4,1,0,MIXED,53,9
drivers/usb/gadget/function/uvc_video.c,11,4,2,0,5,0,MIXED,510,125
drivers/usb/host/xhci-ring.c,11,10,1,0,0,0,MIXED,22,11
fs/dcache.c,11,8,1,1,1,0,MIXED,15,46
fs/overlayfs/util.c,11,2,1,1,7,0,MIXED,31,12
include/linux/cgroup.h,11,5,2,3,1,0,MIXED,111,25
include/linux/dma-buf.h,11,0,1,7,3,0,MIXED,189,1
include/linux/pwm.h,11,1,3,2,5,0,MIXED,140,5
include/net/net_namespace.h,11,3,1,5,2,0,MIXED,39,7
kernel/exit.c,11,2,4,2,3,0,MIXED,79,14
kernel/module.c,11,2,3,6,0,0,MIXED,111,3
kernel/power/suspend.c,11,0,7,3,1,0,MIXED,84,2
mm/mempolicy.c,11,1,2,7,1,0,MIXED,17,13
mm/slab_common.c,11,1,2,2,6,0,MIXED,82,42
net/ipv6/ndisc.c,11,9,1,1,0,0,MIXED,33,12
net/ipv6/tcp_ipv6.c,11,7,1,3,0,0,MIXED,30,10
scripts/Makefile.build,11,0,1,3,7,0,MIXED,107,9
scripts/dtc/dtc.h,11,6,2,0,3,0,MIXED,101,30
sound/core/jack.c,11,0,8,2,1,0,MIXED,16,31
sound/pci/hda/patch_realtek.c,11,6,1,4,0,0,MIXED,93,5
sound/soc/codecs/Kconfig,11,1,2,4,4,0,MIXED,148,0
sound/soc/soc-pcm.c,11,0,2,3,6,0,MIXED,80,1
block/bio.c,10,2,2,3,3,0,MIXED,42,10
block/blk-mq.c,10,4,1,3,2,0,MIXED,56,10
block/blk-sysfs.c,10,0,3,2,5,0,MIXED,84,32
drivers/clk/mediatek/clk-gate.c,10,0,7,0,3,0,MIXED,214,22
drivers/gpu/drm/drm_connector.c,10,2,4,4,0,0,MIXED,133,10
drivers/gpu/drm/mediatek/mtk_drm_gem.c,10,0,5,2,3,0,MIXED,657,39
drivers/gpu/drm/mediatek/mtk_dsi.c,10,0,3,1,6,0,MIXED,8572,751
drivers/media/platform/mtk-vcodec/venc_vpu_if.c,10,0,1,5,4,0,MIXED,30,27
drivers/usb/gadget/function/f_hid.c,10,8,1,0,1,0,MIXED,50,23
drivers/usb/gadget/function/uvc.h,10,4,3,1,2,0,MIXED,48,15
fs/overlayfs/file.c,10,0,2,8,0,0,MIXED,10,10
fs/overlayfs/inode.c,10,0,5,5,0,0,MIXED,24,9
include/linux/cpumask.h,10,0,6,2,2,0,MIXED,137,1
include/linux/dma-mapping.h,10,0,1,4,5,0,MIXED,202,5
include/linux/mm_types.h,10,0,4,5,1,0,MIXED,184,5
include/linux/pagemap.h,10,1,4,3,2,0,MIXED,52,14
include/linux/swap.h,10,1,2,3,4,0,MIXED,49,4
include/uapi/linux/v4l2-controls.h,10,0,1,6,3,0,MIXED,279,4
kernel/bpf/helpers.c,10,4,1,0,5,0,MIXED,568,22
kernel/trace/trace_events.c,10,4,4,1,1,0,MIXED,55,24
mm/swap_state.c,10,0,1,0,9,0,MIXED,87,10
net/socket.c,10,3,1,3,3,0,MIXED,48,12
scripts/dtc/libfdt/fdt_overlay.c,10,6,3,0,1,0,MIXED,37,82
drivers/gpu/drm/mediatek/mtk_disp_rdma.c,9,0,1,1,7,0,MIXED,1413,132
drivers/gpu/drm/mediatek/mtk_drm_plane.c,9,0,3,2,4,0,MIXED,430,60
drivers/mmc/core/host.c,9,1,3,3,2,0,MIXED,35,3
drivers/net/can/usb/gs_usb.c,9,5,2,1,1,0,MIXED,20,16
drivers/scsi/ufs/ufs-sysfs.c,9,1,1,4,3,0,MIXED,15,32
drivers/scsi/ufs/ufshci.h,9,5,2,0,2,0,MIXED,98,8
drivers/staging/android/ashmem.c,9,0,5,0,4,0,MIXED,111,724
drivers/usb/core/hcd.c,9,1,6,2,0,0,MIXED,77,18
drivers/usb/host/xhci.h,9,2,2,5,0,0,MIXED,23,5
drivers/watchdog/mtk_wdt.c,9,0,2,3,4,0,MIXED,192,38
fs/ext4/ioctl.c,9,1,2,6,0,0,MIXED,76,3
fs/ext4/readpage.c,9,3,1,2,3,0,MIXED,228,43
fs/ext4/sysfs.c,9,0,2,4,3,0,MIXED,86,2
kernel/time/timer.c,9,1,3,3,2,0,MIXED,37,17
mm/madvise.c,9,2,3,0,4,0,MIXED,20,9
mm/mprotect.c,9,7,1,1,0,0,MIXED,11,9
net/bluetooth/hci_core.c,9,7,2,0,0,0,MIXED,33,9
net/ipv4/inet_connection_sock.c,9,1,5,1,2,0,MIXED,29,10
sound/core/compress_offload.c,9,2,4,1,2,0,MIXED,91,144
sound/soc/codecs/Makefile,9,0,3,3,3,0,MIXED,52,0
sound/usb/endpoint.c,9,0,1,5,3,0,MIXED,44,3
sound/usb/pcm.c,9,0,3,4,2,0,MIXED,199,7
"Documentation/devicetree/bindings/display/mediatek/mediatek,disp.txt",8,0,6,1,1,0,MIXED,0,9
arch/Kconfig,8,1,1,3,3,0,MIXED,171,4
drivers/block/virtio_blk.c,8,2,4,0,2,0,MIXED,34,41
drivers/gpu/drm/panel/panel-lvds.c,8,0,4,1,3,0,MIXED,21,46
drivers/hid/hid-ids.h,8,4,1,3,0,0,MIXED,24,0
drivers/mailbox/mailbox.c,8,4,4,0,0,0,MIXED,33,24
drivers/media/usb/uvc/uvc_driver.c,8,2,1,2,3,0,MIXED,16,271
drivers/mmc/core/queue.c,8,0,2,2,4,0,MIXED,57,6
drivers/pci/pci-driver.c,8,3,1,4,0,0,MIXED,20,1
drivers/pci/pci.c,8,6,2,0,0,0,MIXED,28,10
drivers/power/supply/bq27xxx_battery.c,8,3,3,1,1,0,MIXED,46,7
drivers/usb/gadget/Kconfig,8,3,4,1,0,0,MIXED,66,30
fs/coredump.c,8,1,1,2,4,0,MIXED,101,7
fs/fs-writeback.c,8,4,2,2,0,0,MIXED,22,8
fs/xattr.c,8,3,3,1,1,0,MIXED,21,3
include/linux/blk_types.h,8,0,4,3,1,0,MIXED,45,6
include/linux/lsm_hooks.h,8,1,1,5,1,0,MIXED,86,598
include/linux/module.h,8,2,2,4,0,0,MIXED,37,4
include/linux/pci.h,8,0,3,4,1,0,MIXED,23,6
include/linux/power_supply.h,8,0,4,4,0,0,MIXED,308,0
include/linux/usb/composite.h,8,1,5,2,0,0,MIXED,29,0
include/linux/usb/hcd.h,8,2,5,1,0,0,MIXED,41,5
kernel/locking/qspinlock.c,8,5,1,0,2,0,MIXED,74,20
kernel/locking/spinlock_debug.c,8,0,5,1,2,0,MIXED,368,14
kernel/sched/cputime.c,8,0,3,2,3,0,MIXED,76,1
kernel/time/alarmtimer.c,8,1,4,1,2,0,MIXED,19,4
mm/compaction.c,8,2,1,2,3,0,MIXED,9,7
mm/mlock.c,8,6,1,0,1,0,MIXED,14,10
mm/util.c,8,2,1,2,3,0,MIXED,16,14
net/xfrm/xfrm_interface_core.c,8,0,7,1,0,0,MIXED,12,10
scripts/dtc/util.c,8,6,1,0,1,0,MIXED,61,56
scripts/dtc/util.h,8,4,2,1,1,0,MIXED,17,34
scripts/mod/modpost.c,8,2,3,2,1,0,MIXED,35,2
arch/arm64/mm/mmu.c,7,1,1,4,1,0,MIXED,64,3
block/blk-mq-sysfs.c,7,1,5,1,0,0,MIXED,10,8
drivers/base/firmware_loader/main.c,7,3,1,1,2,0,MIXED,35,4
drivers/extcon/extcon.c,7,1,6,0,0,0,MIXED,58,1
drivers/gpu/drm/drm_edid.c,7,0,4,1,2,0,MIXED,339,57
drivers/hid/hid-core.c,7,2,3,2,0,0,MIXED,32,6
drivers/media/usb/uvc/uvc_v4l2.c,7,1,4,2,0,0,MIXED,11,8
drivers/media/usb/uvc/uvcvideo.h,7,3,1,2,1,0,MIXED,17,137
drivers/net/dsa/mv88e6xxx/chip.c,7,0,2,4,1,0,MIXED,11,8
drivers/of/base.c,7,6,1,0,0,0,MIXED,21,11
drivers/pinctrl/mediatek/mtk-eint.c,7,6,1,0,0,0,MIXED,12,3
drivers/usb/gadget/function/f_acm.c,7,0,6,1,0,0,MIXED,53,0
drivers/usb/gadget/function/u_ether.h,7,1,6,0,0,0,MIXED,59,6
fs/direct-io.c,7,1,5,1,0,0,MIXED,21,2
fs/timerfd.c,7,0,6,1,0,0,MIXED,46,12
include/linux/clk-provider.h,7,0,4,2,1,0,MIXED,104,1
include/linux/cpuhotplug.h,7,0,2,3,2,0,MIXED,10,5
include/linux/kernel.h,7,0,1,3,3,0,MIXED,25,31
include/linux/lockdep.h,7,1,3,3,0,0,MIXED,35,12
include/linux/page-flags.h,7,1,2,1,3,0,MIXED,11,6
include/linux/workqueue.h,7,0,6,1,0,0,MIXED,20,3
include/trace/events/sched.h,7,0,5,2,0,0,MIXED,700,0
kernel/padata.c,7,1,2,3,1,0,MIXED,9,21
kernel/power/process.c,7,0,5,1,1,0,MIXED,25,23
net/ipv4/ip_output.c,7,2,3,2,0,0,MIXED,12,16
scripts/Makefile.lib,7,0,1,3,3,0,MIXED,34,4
scripts/sign-file.c,7,1,6,0,0,0,MIXED,16,16
security/selinux/avc.c,7,0,5,2,0,0,MIXED,9,1
sound/usb/stream.c,7,5,1,1,0,0,MIXED,31,4
Documentation/devicetree/bindings/media/mediatek-mdp.txt,6,0,5,0,1,0,MIXED,0,8
arch/arm64/boot/dts/mediatek/mt2712e.dtsi,6,0,4,0,2,0,MIXED,121,320
arch/arm64/include/asm/cmpxchg.h,6,0,4,1,1,0,MIXED,58,58
arch/arm64/kernel/cpuinfo.c,6,0,3,2,1,0,MIXED,25,0
drivers/char/random.c,6,2,4,0,0,0,MIXED,7,6
drivers/clk/mediatek/Kconfig,6,0,1,4,1,0,MIXED,1185,27
drivers/gpu/drm/panel/panel-sharp-lq101r1sx01.c,6,0,2,1,3,0,MIXED,32,7
drivers/gpu/drm/panel/panel-sharp-ls043t1le01.c,6,0,1,1,4,0,MIXED,35,24
drivers/leds/led-class.c,6,0,3,0,3,0,MIXED,107,10
drivers/md/dm-table.c,6,2,3,1,0,0,MIXED,62,2
drivers/media/platform/mtk-vcodec/vdec_vpu_if.c,6,0,2,2,2,0,MIXED,22,24
drivers/mmc/host/cqhci.h,6,0,1,4,1,0,MIXED,75,1
drivers/of/platform.c,6,3,1,1,1,0,MIXED,17,1
drivers/pinctrl/mediatek/Kconfig,6,2,2,1,1,0,MIXED,137,10
drivers/regulator/Kconfig,6,1,3,2,0,0,MIXED,109,0
drivers/tty/serdev/core.c,6,0,5,0,1,0,MIXED,68,14
drivers/usb/gadget/legacy/inode.c,6,4,2,0,0,0,MIXED,31,7
fs/Kconfig,6,1,2,3,0,0,MIXED,14,0
fs/Makefile,6,1,2,2,1,0,MIXED,9,2
fs/kernfs/file.c,6,2,1,3,0,0,MIXED,34,19
fs/overlayfs/dir.c,6,0,5,1,0,0,MIXED,10,7
fs/overlayfs/namei.c,6,0,2,1,3,0,MIXED,10,8
fs/proc/meminfo.c,6,2,1,1,2,0,MIXED,32,10
include/linux/devfreq.h,6,0,3,3,0,0,MIXED,10,3
include/linux/memcontrol.h,6,0,1,3,2,0,MIXED,54,3
include/linux/mmc/card.h,6,0,3,2,1,0,MIXED,14,1
include/linux/pm_qos.h,6,0,1,1,4,0,MIXED,111,3
include/linux/sched/topology.h,6,0,2,2,2,0,MIXED,29,9
include/linux/vmalloc.h,6,1,1,4,0,0,MIXED,24,12
include/sound/compress_driver.h,6,1,3,1,1,0,MIXED,6,11
include/uapi/sound/compress_params.h,6,0,4,0,2,0,MIXED,153,3
init/main.c,6,1,1,4,0,0,MIXED,37,0
kernel/irq/chip.c,6,1,2,3,0,0,MIXED,63,1
kernel/panic.c,6,1,2,3,0,0,MIXED,18,1
kernel/power/main.c,6,3,1,2,0,0,MIXED,99,2
kernel/reboot.c,6,4,1,1,0,0,MIXED,24,5
kernel/smp.c,6,0,3,3,0,0,MIXED,21,1
kernel/time/hrtimer.c,6,1,2,0,3,0,MIXED,26,15
kernel/time/tick-broadcast.c,6,0,5,1,0,0,MIXED,160,0
mm/cma.c,6,0,2,3,1,0,MIXED,17,0
mm/page-writeback.c,6,4,1,0,1,0,MIXED,8,17
mm/rmap.c,6,1,1,4,0,0,MIXED,12,9
net/core/xdp.c,6,4,1,1,0,0,MIXED,26,3
net/netfilter/nf_queue.c,6,1,1,2,2,0,MIXED,9,0
security/inode.c,6,3,1,2,0,0,MIXED,16,9
security/selinux/include/security.h,6,0,1,3,2,0,MIXED,61,10
sound/core/pcm_native.c,6,3,2,0,1,0,MIXED,32,5
sound/soc/soc-dapm.c,6,1,1,3,1,0,MIXED,10,3
arch/arm64/kernel/asm-offsets.c,5,0,1,2,2,0,MIXED,31,15
arch/arm64/kernel/setup.c,5,2,3,0,0,0,MIXED,20,0
arch/arm64/kernel/vmlinux.lds.S,5,1,1,1,2,0,MIXED,15,3
drivers/clk/mediatek/clk-gate.h,5,0,3,0,2,0,MIXED,46,13
drivers/cpufreq/scpi-cpufreq.c,5,1,2,1,1,0,MIXED,17,4
drivers/iommu/Kconfig,5,0,3,0,2,0,MIXED,58,3
drivers/iommu/io-pgtable.c,5,1,2,1,1,0,MIXED,71,4
drivers/iommu/mtk_iommu_v1.c,5,0,1,1,3,0,MIXED,35,21
drivers/media/platform/mtk-vcodec/venc_drv_if.h,5,0,3,0,2,0,MIXED,73,95
drivers/media/platform/rcar-vin/rcar-core.c,5,2,1,2,0,0,MIXED,70,1
drivers/mmc/core/queue.h,5,1,1,2,1,0,MIXED,22,0
drivers/net/ethernet/intel/i40e/i40e_ethtool.c,5,3,1,1,0,0,MIXED,20,7
drivers/net/ipvlan/ipvlan_core.c,5,2,3,0,0,0,MIXED,14,13
drivers/net/netdevsim/bpf.c,5,1,1,1,2,0,MIXED,32,22
drivers/of/irq.c,5,4,1,0,0,0,MIXED,134,1
drivers/pci/probe.c,5,4,1,0,0,0,MIXED,7,55
drivers/scsi/ufs/ufs-qcom.c,5,2,1,1,1,0,MIXED,12,105
drivers/tty/serial/serial_core.c,5,0,3,1,1,0,MIXED,3,14
drivers/usb/gadget/epautoconf.c,5,4,1,0,0,0,MIXED,67,17
fs/f2fs/Kconfig,5,2,1,1,1,0,MIXED,44,7
fs/libfs.c,5,2,1,1,1,0,MIXED,176,38
fs/proc/internal.h,5,2,1,0,2,0,MIXED,12,3
fs/stat.c,5,0,4,1,0,0,MIXED,27,0
fs/ubifs/dir.c,5,1,2,2,0,0,MIXED,20,4
fs/udf/super.c,5,3,1,1,0,0,MIXED,14,4
include/drm/drm_edid.h,5,0,4,1,0,0,MIXED,18,3
include/linux/extcon.h,5,0,2,2,1,0,MIXED,31,1
include/linux/interrupt.h,5,4,1,0,0,0,MIXED,6,4
include/net/sch_generic.h,5,1,2,2,0,0,MIXED,8,7
include/net/sctp/structs.h,5,3,1,1,0,0,MIXED,5,3
include/uapi/linux/perf_event.h,5,0,3,1,1,0,MIXED,53,5
kernel/sched/idle.c,5,0,1,3,1,0,MIXED,19,3
kernel/sched/wait.c,5,0,4,1,0,0,MIXED,30,3
kernel/softirq.c,5,0,3,1,1,0,MIXED,12,1
kernel/time/sched_clock.c,5,0,3,2,0,0,MIXED,48,0
lib/crypto/blake2s-selftest.c,5,0,4,1,0,0,MIXED,32,1
mm/Kconfig,5,0,1,2,2,0,MIXED,122,0
scripts/dtc/dtc-lexer.l,5,3,1,0,1,0,MIXED,5,23
sound/core/info.c,5,0,3,2,0,0,MIXED,18,7
sound/core/pcm_lib.c,5,1,3,0,1,0,MIXED,193,8
sound/soc/mediatek/common/mtk-base-afe.h,5,0,1,3,1,0,MIXED,65,2
sound/soc/soc-core.c,5,0,1,2,2,0,MIXED,79,1
sound/usb/card.h,5,0,2,3,0,0,MIXED,18,3
arch/arm64/boot/dts/mediatek/mt7622-rfb1.dts,4,1,2,1,0,0,MIXED,100,100
arch/arm64/include/asm/cacheflush.h,4,0,1,1,2,0,MIXED,17,0
arch/arm64/include/asm/sysreg.h,4,1,1,2,0,0,MIXED,62,22
arch/arm64/net/bpf_jit_comp.c,4,1,1,1,1,0,MIXED,5,4
block/Kconfig,4,0,1,2,1,0,MIXED,25,2
block/blk-flush.c,4,0,1,0,3,0,MIXED,58,0
drivers/Makefile,4,0,1,2,1,0,MIXED,8,1
drivers/clk/at91/sckc.c,4,0,3,1,0,0,MIXED,4,4
drivers/clk/clk-xgene.c,4,1,3,0,0,0,MIXED,5,3
drivers/gpu/drm/panel/panel-jdi-lt070me05000.c,4,0,3,0,1,0,MIXED,8,24
drivers/infiniband/core/addr.c,4,1,1,1,1,0,MIXED,12,25
drivers/input/input.c,4,3,1,0,0,0,MIXED,60,0
drivers/input/keyboard/atkbd.c,4,3,1,0,0,0,MIXED,18,2
drivers/md/dm-thin.c,4,2,2,0,0,0,MIXED,3,5
drivers/media/pci/bt8xx/bttv-driver.c,4,1,3,0,0,0,MIXED,4,4
drivers/media/pci/saa7134/saa7134-video.c,4,1,3,0,0,0,MIXED,4,4
drivers/media/platform/mtk-mdp/mtk_mdp_comp.c,4,0,1,0,3,0,MIXED,0,38
drivers/media/platform/mtk-vcodec/mtk_vcodec_util.c,4,0,2,0,2,0,MIXED,258,37
drivers/mmc/core/core.h,4,0,2,2,0,0,MIXED,20,0
drivers/mmc/core/mmc_ops.c,4,0,2,2,0,0,MIXED,271,2
drivers/net/wireless/broadcom/brcm80211/brcmfmac/cfg80211.c,4,3,1,0,0,0,MIXED,6,7
drivers/power/supply/Kconfig,4,0,1,3,0,0,MIXED,299,1
drivers/regulator/Makefile,4,0,2,1,1,0,MIXED,13,0
drivers/regulator/da9211-regulator.c,4,0,2,1,1,0,MIXED,32,5
drivers/scsi/ufs/ufs-hisi.c,4,2,1,1,0,0,MIXED,12,105
drivers/thermal/thermal_core.h,4,0,1,3,0,0,MIXED,20,0
drivers/tty/serial/8250/8250_port.c,4,2,2,0,0,0,MIXED,9,9
drivers/usb/core/usb.c,4,3,1,0,0,0,MIXED,69,7
drivers/video/fbdev/core/fbmem.c,4,2,2,0,0,0,MIXED,8,2
fs/attr.c,4,0,1,1,2,0,MIXED,11,3
fs/notify/inotify/inotify_user.c,4,1,2,0,1,0,MIXED,16,3
fs/ocfs2/xattr.c,4,3,1,0,0,0,MIXED,8,4
fs/proc/root.c,4,0,1,0,3,0,MIXED,49,4
include/linux/clk.h,4,1,3,0,0,0,MIXED,1,110
include/linux/cred.h,4,1,3,0,0,0,MIXED,3,4
include/linux/gfp.h,4,0,2,0,2,0,MIXED,15,1
include/linux/ipv6.h,4,0,2,2,0,0,MIXED,8,0
include/linux/kobject.h,4,0,2,1,1,0,MIXED,19,2
include/linux/mailbox/mtk-cmdq-mailbox.h,4,0,1,1,2,0,MIXED,213,11
include/linux/sched/signal.h,4,1,1,2,0,0,MIXED,7,2
include/linux/timer.h,4,1,2,0,1,0,MIXED,6,16
include/linux/wait.h,4,0,1,3,0,0,MIXED,10,3
include/net/rtnetlink.h,4,1,1,1,1,0,MIXED,16,4
include/scsi/scsi_device.h,4,0,1,2,1,0,MIXED,12,0
include/trace/events/ufs.h,4,0,1,1,2,0,MIXED,61,4
include/uapi/linux/magic.h,4,2,1,1,0,0,MIXED,6,0
init/init_task.c,4,0,1,1,2,0,MIXED,18,1
kernel/irq/manage.c,4,0,2,1,1,0,MIXED,6,1
kernel/trace/trace_preemptirq.c,4,0,2,1,1,0,MIXED,14,0
mm/internal.h,4,0,1,3,0,0,MIXED,32,1
mm/memblock.c,4,1,2,0,1,0,MIXED,21,8
mm/slab.h,4,0,2,1,1,0,MIXED,25,5
net/ipv6/ip6_output.c,4,1,1,2,0,0,MIXED,27,4
net/ipv6/sysctl_net_ipv6.c,4,0,1,3,0,0,MIXED,18,2
net/sctp/input.c,4,1,2,1,0,0,MIXED,12,6
scripts/setlocalversion,4,0,2,1,1,0,MIXED,25,10
security/selinux/ss/context.h,4,0,3,1,0,0,MIXED,10,1
security/selinux/ss/policydb.c,4,1,1,1,1,0,MIXED,24,3
sound/soc/mediatek/Kconfig,4,0,3,1,0,0,MIXED,353,0
sound/soc/soc-compress.c,4,0,3,0,1,0,MIXED,37,0
sound/usb/card.c,4,0,2,2,0,0,MIXED,84,0
tools/testing/selftests/memfd/memfd_test.c,4,0,3,1,0,0,MIXED,74,0
Documentation/dev-tools/kcov.rst,3,2,1,0,0,0,MIXED,129,0
Documentation/devicetree/bindings/media/mediatek-vcodec.txt,3,0,1,1,1,0,MIXED,0,4
Documentation/devicetree/bindings/soc/mediatek/pwrap.txt,3,0,2,0,1,0,MIXED,4,1
arch/arm64/include/asm/assembler.h,3,0,1,2,0,0,MIXED,21,0
arch/arm64/kernel/syscall.c,3,0,2,1,0,0,MIXED,10,2
block/Makefile,3,0,1,1,1,0,MIXED,13,1
drivers/base/cpu.c,3,1,2,0,0,0,MIXED,7,0
drivers/base/platform.c,3,0,2,0,1,0,MIXED,11,2
drivers/block/aoe/aoeblk.c,3,0,2,1,0,0,MIXED,14,7
drivers/clk/mediatek/Makefile,3,0,1,2,0,0,MIXED,169,2
drivers/clk/mvebu/cp110-system-controller.c,3,2,1,0,0,0,MIXED,21,1
drivers/cpufreq/Makefile,3,0,2,0,1,0,MIXED,8,1
drivers/cpuidle/cpuidle.c,3,0,2,1,0,0,MIXED,3,2
drivers/gpu/drm/Makefile,3,1,1,1,0,0,MIXED,5,2
drivers/gpu/drm/drm_mipi_dsi.c,3,0,1,2,0,0,MIXED,9,0
drivers/gpu/drm/drm_prime.c,3,0,1,2,0,0,MIXED,69,0
drivers/gpu/drm/drm_property.c,3,0,1,0,2,0,MIXED,16,3
drivers/gpu/drm/mediatek/Kconfig,3,0,1,2,0,0,MIXED,83,2
drivers/gpu/drm/panel/panel-panasonic-vvx10f034n00.c,3,0,1,0,2,0,MIXED,15,23
drivers/input/touchscreen/Kconfig,3,0,1,2,0,0,MIXED,69,0
drivers/md/Makefile,3,0,1,2,0,0,MIXED,10,1
drivers/md/dm-verity-target.c,3,1,1,1,0,0,MIXED,22,1
drivers/media/platform/mtk-vcodec/mtk_vcodec_dec.h,3,0,1,0,2,0,MIXED,64,46
drivers/media/platform/mtk-vcodec/venc_ipi_msg.h,3,0,1,0,2,0,MIXED,424,132
drivers/media/platform/mtk-vcodec/venc_vpu_if.h,3,0,1,0,2,0,MIXED,8,18
drivers/mmc/core/sdio.c,3,2,1,0,0,0,MIXED,9,2
drivers/net/ethernet/stmicro/stmmac/common.h,3,2,1,0,0,0,MIXED,11,7
drivers/net/ethernet/stmicro/stmmac/stmmac_mdio.c,3,0,2,1,0,0,MIXED,155,12
drivers/net/phy/Kconfig,3,0,1,2,0,0,MIXED,11,0
drivers/net/phy/Makefile,3,0,1,1,1,0,MIXED,3,0
drivers/pwm/sysfs.c,3,2,1,0,0,0,MIXED,3,3
drivers/rtc/interface.c,3,1,1,1,0,0,MIXED,51,0
drivers/scsi/ufs/Kconfig,3,1,1,0,1,0,MIXED,89,0
drivers/soc/mediatek/Kconfig,3,0,1,2,0,0,MIXED,96,1
drivers/thermal/Kconfig,3,0,2,1,0,0,MIXED,23,0
drivers/usb/core/devio.c,3,0,1,1,1,0,MIXED,4,1
drivers/usb/core/generic.c,3,0,1,2,0,0,MIXED,40,1
drivers/usb/gadget/function/rndis.h,3,1,2,0,0,0,MIXED,3,1
drivers/usb/gadget/legacy/Kconfig,3,1,1,1,0,0,MIXED,40,0
drivers/usb/gadget/legacy/webcam.c,3,1,2,0,0,0,MIXED,3,2
drivers/usb/gadget/udc/omap_udc.c,3,2,1,0,0,0,MIXED,1,5
drivers/usb/host/xhci-pci.c,3,1,1,1,0,0,MIXED,5,4
drivers/usb/musb/musb_gadget.c,3,1,1,1,0,0,MIXED,4,0
drivers/usb/storage/transport.c,3,1,2,0,0,0,MIXED,21,1
fs/ext4/fsync.c,3,0,2,0,1,0,MIXED,19,1
fs/ext4/hash.c,3,1,1,0,1,0,MIXED,34,1
fs/mpage.c,3,0,1,1,1,0,MIXED,38,0
fs/overlayfs/readdir.c,3,1,2,0,0,0,MIXED,3,3
fs/proc_namespace.c,3,1,2,0,0,0,MIXED,7,3
include/drm/drm_print.h,3,0,1,0,2,0,MIXED,41,26
include/linux/cpu_cooling.h,3,0,2,0,1,0,MIXED,17,0
include/linux/hid.h,3,1,1,1,0,0,MIXED,14,2
include/linux/mutex.h,3,0,1,1,1,0,MIXED,17,1
include/linux/profile.h,3,0,2,1,0,0,MIXED,6,17
include/linux/sched/cpufreq.h,3,0,1,2,0,0,MIXED,42,1
include/linux/usb/usbnet.h,3,0,2,0,1,0,MIXED,11,0
include/net/ip6_route.h,3,0,2,1,0,0,MIXED,14,0
kernel/events/ring_buffer.c,3,0,2,1,0,0,MIXED,2,5
kernel/irq/irqdesc.c,3,0,2,0,1,0,MIXED,8,1
kernel/locking/Makefile,3,0,1,2,0,0,MIXED,24,2
kernel/sched/features.h,3,0,2,1,0,0,MIXED,38,2
kernel/seccomp.c,3,1,1,1,0,0,MIXED,3,1
kernel/trace/trace_printk.c,3,2,1,0,0,0,MIXED,3,3
kernel/user.c,3,0,2,1,0,0,MIXED,3,0
lib/dynamic_debug.c,3,1,1,0,1,0,MIXED,157,11
lib/timerqueue.c,3,0,1,0,2,0,MIXED,18,12
mm/backing-dev.c,3,0,2,1,0,0,MIXED,5,5
mm/percpu.c,3,1,2,0,0,0,MIXED,3,1
net/bridge/br_forward.c,3,1,2,0,0,0,MIXED,4,3
net/unix/af_unix.c,3,0,2,1,0,0,MIXED,7,1
net/xfrm/xfrm_policy.c,3,1,2,0,0,0,MIXED,5,3
security/selinux/include/classmap.h,3,0,1,1,1,0,MIXED,10,4
security/selinux/ss/policydb.h,3,1,1,1,0,0,MIXED,5,1
security/selinux/ss/services.h,3,0,1,1,1,0,MIXED,5,3
sound/soc/mediatek/common/mtk-afe-platform-driver.c,3,0,1,0,2,0,MIXED,108,6
Documentation/devicetree/bindings/media/mediatek-jpeg-decoder.txt,2,0,1,0,1,0,MIXED,0,4
arch/arm64/boot/Makefile,2,0,1,0,1,0,MIXED,20,0
arch/arm64/include/asm/traps.h,2,0,1,1,0,0,MIXED,14,0
arch/arm64/include/uapi/asm/sigcontext.h,2,0,1,0,1,0,MIXED,31,0
block/partitions/efi.c,2,0,1,1,0,0,MIXED,33,0
drivers/android/Kconfig,2,0,1,1,0,0,MIXED,21,0
drivers/android/binder_trace.h,2,1,1,0,0,0,MIXED,25,1
drivers/base/Kconfig,2,1,1,0,0,0,MIXED,4,1
drivers/base/syscore.c,2,0,1,0,1,0,MIXED,3,0
drivers/block/sunvdc.c,2,1,1,0,0,0,MIXED,4,2
drivers/block/zram/zcomp.h,2,0,1,0,1,0,MIXED,70,20
drivers/clk/at91/clk-peripheral.c,2,0,1,1,0,0,MIXED,2,2
drivers/clk/clk-pwm.c,2,0,1,1,0,0,MIXED,2,2
drivers/clk/davinci/psc.c,2,1,1,0,0,0,MIXED,6,1
drivers/clocksource/Makefile,2,0,1,1,0,0,MIXED,5,0
drivers/gpu/drm/vmwgfx/vmwgfx_execbuf.c,2,0,1,1,0,0,MIXED,26,0
drivers/input/touchscreen/Makefile,2,0,1,1,0,0,MIXED,29,0
drivers/input/touchscreen/atmel_mxt_ts.c,2,0,1,0,1,0,MIXED,4,3
drivers/leds/Kconfig,2,0,1,1,0,0,MIXED,45,0
drivers/media/platform/davinci/vpbe_display.c,2,0,1,0,1,0,MIXED,2,2
drivers/media/platform/mtk-mdp/mtk_mdp_core.c,2,1,1,0,0,0,MIXED,1,1
drivers/media/platform/mtk-mdp/mtk_mdp_vpu.c,2,0,1,0,1,0,MIXED,7,0
drivers/media/platform/mtk-vcodec/mtk_vcodec_util.h,2,0,1,0,1,0,MIXED,116,44
drivers/media/platform/mtk-vcodec/vdec_ipi_msg.h,2,0,1,0,1,0,MIXED,332,61
drivers/media/platform/mtk-vcodec/vdec_vpu_if.h,2,0,1,0,1,0,MIXED,4,13
drivers/media/v4l2-core/v4l2-common.c,2,0,1,0,1,0,MIXED,125,1
drivers/mfd/Kconfig,2,0,1,1,0,0,MIXED,56,0
drivers/mmc/core/Makefile,2,0,1,1,0,0,MIXED,3,0
drivers/mmc/core/slot-gpio.c,2,0,1,1,0,0,MIXED,12,2
drivers/mmc/host/dw_mmc.c,2,0,1,1,0,0,MIXED,24,0
drivers/mtd/nand/raw/mtk_nand.c,2,0,1,1,0,0,MIXED,3,1
drivers/net/ethernet/stmicro/stmmac/dwmac-sun8i.c,2,1,1,0,0,0,MIXED,1,3
drivers/net/ethernet/stmicro/stmmac/dwmac4_descs.c,2,1,1,0,0,0,MIXED,2,2
drivers/nvmem/Makefile,2,0,1,1,0,0,MIXED,7,0
drivers/phy/mediatek/Kconfig,2,0,1,1,0,0,MIXED,20,0
drivers/pinctrl/pinmux.c,2,1,1,0,0,0,MIXED,11,1
drivers/power/supply/Makefile,2,0,1,1,0,0,MIXED,63,1
drivers/soc/qcom/cmd-db.c,2,0,1,1,0,0,MIXED,3,0
drivers/soc/qcom/rpmh-rsc.c,2,1,1,0,0,0,MIXED,5,5
drivers/tty/serial/Kconfig,2,1,1,0,0,0,MIXED,16,1
drivers/usb/atm/usbatm.c,2,0,1,1,0,0,MIXED,2,2
drivers/usb/gadget/function/f_uvc.h,2,1,1,0,0,0,MIXED,2,2
drivers/usb/gadget/function/u_phonet.h,2,1,1,0,0,0,MIXED,1,2
fs/drop_caches.c,2,0,1,0,1,0,MIXED,15,9
fs/kernfs/symlink.c,2,1,1,0,0,0,MIXED,3,2
fs/overlayfs/copy_up.c,2,0,1,1,0,0,MIXED,2,2
fs/tracefs/inode.c,2,1,1,0,0,0,MIXED,2,3
include/dt-bindings/clock/mt2712-clk.h,2,1,1,0,0,0,MIXED,5,2
include/linux/backing-dev-defs.h,2,0,1,1,0,0,MIXED,7,1
include/linux/cpuidle.h,2,0,1,0,1,0,MIXED,2,2
include/linux/ioport.h,2,0,1,1,0,0,MIXED,6,0
include/linux/jbd2.h,2,1,1,0,0,0,MIXED,2,2
include/linux/mmc/core.h,2,0,1,1,0,0,MIXED,28,1
include/linux/mod_devicetable.h,2,0,1,1,0,0,MIXED,17,1
include/linux/net.h,2,0,1,1,0,0,MIXED,6,0
include/linux/of_fdt.h,2,0,1,1,0,0,MIXED,24,0
include/linux/rtc.h,2,0,1,0,1,0,MIXED,2,1
include/linux/sched/user.h,2,0,1,1,0,0,MIXED,4,0
include/linux/sched/wake_q.h,2,0,1,1,0,0,MIXED,2,0
include/linux/thread_info.h,2,0,1,1,0,0,MIXED,25,3
include/linux/user_namespace.h,2,0,1,1,0,0,MIXED,4,0
include/net/addrconf.h,2,1,1,0,0,0,MIXED,12,43
include/net/inet_hashtables.h,2,1,1,0,0,0,MIXED,7,2
include/net/ip.h,2,0,1,0,1,0,MIXED,6,0
include/net/mac80211.h,2,1,1,0,0,0,MIXED,4,2
include/net/netns/xfrm.h,2,0,1,0,1,0,MIXED,1,4
include/uapi/drm/drm_fourcc.h,2,0,1,1,0,0,MIXED,38,0
include/uapi/linux/netfilter/xt_IDLETIMER.h,2,0,1,1,0,0,MIXED,8,0
include/uapi/linux/netlink.h,2,1,1,0,0,0,MIXED,13,1
include/uapi/linux/serial_core.h,2,0,1,1,0,0,MIXED,5,19
init/Makefile,2,0,1,0,1,0,MIXED,7,2
kernel/irq/cpuhotplug.c,2,1,1,0,0,0,MIXED,2,2
kernel/irq/irqdomain.c,2,0,1,1,0,0,MIXED,2,0
kernel/time/Makefile,2,0,1,1,0,0,MIXED,4,0
kernel/time/timekeeping.c,2,1,1,0,0,0,MIXED,8,0
lib/cpumask.c,2,0,1,1,0,0,MIXED,2,0
lib/show_mem.c,2,0,1,1,0,0,MIXED,7,0
lib/usercopy.c,2,0,1,1,0,0,MIXED,55,0
mm/mmzone.c,2,0,1,1,0,0,MIXED,3,0
net/sctp/ipv6.c,2,1,1,0,0,0,MIXED,3,6
net/wireless/rdev-ops.h,2,1,1,0,0,0,MIXED,26,0
net/xdp/xsk_queue.c,2,0,1,1,0,0,MIXED,55,0
scripts/dtc/libfdt/fdt.h,2,1,1,0,0,0,MIXED,3,48
security/apparmor/resource.c,2,1,1,0,0,0,MIXED,6,0
security/min_addr.c,2,1,1,0,0,0,MIXED,3,1
security/selinux/include/avc.h,2,0,1,1,0,0,MIXED,4,0
security/tomoyo/domain.c,2,0,1,0,1,0,MIXED,3,1
sound/soc/mediatek/common/mtk-afe-fe-dai.h,2,0,1,1,0,0,MIXED,32,0
sound/usb/usbaudio.h,2,0,1,1,0,0,MIXED,9,0
drivers/pinctrl/sh-pfc/pfc-r8a7796.c,83,0,0,0,0,0,NO_TARGET,933,770
drivers/pinctrl/sh-pfc/pfc-r8a77965.c,77,0,0,0,0,0,NO_TARGET,1987,572
drivers/pinctrl/sh-pfc/pfc-r8a77990.c,58,0,0,0,0,0,NO_TARGET,3155,512
drivers/pinctrl/sh-pfc/pfc-sh7269.c,51,0,0,0,0,0,NO_TARGET,126,126
drivers/pinctrl/sh-pfc/pfc-sh7264.c,45,0,0,0,0,0,NO_TARGET,116,116
drivers/pinctrl/sh-pfc/pfc-r8a7791.c,43,0,0,0,0,0,NO_TARGET,134,108
drivers/media/v4l2-core/v4l2-ctrls.c,40,0,0,0,0,0,NO_TARGET,629,32
drivers/pinctrl/sh-pfc/pfc-sh7757.c,36,0,0,0,0,0,NO_TARGET,122,122
drivers/pinctrl/sh-pfc/pfc-r8a77995.c,35,0,0,0,0,0,NO_TARGET,67,61
drivers/pinctrl/sh-pfc/pfc-r8a77980.c,33,0,0,0,0,0,NO_TARGET,57,56
drivers/pinctrl/sh-pfc/pfc-sh7722.c,33,0,0,0,0,0,NO_TARGET,110,110
drivers/pinctrl/sh-pfc/pfc-sh7203.c,32,0,0,0,0,0,NO_TARGET,76,76
drivers/pinctrl/sh-pfc/pfc-r8a7792.c,30,0,0,0,0,0,NO_TARGET,80,72
drivers/pinctrl/sh-pfc/pfc-r8a77970.c,30,0,0,0,0,0,NO_TARGET,49,48
drivers/pinctrl/sh-pfc/pfc-r8a77470.c,29,0,0,0,0,0,NO_TARGET,80,58
drivers/pinctrl/sh-pfc/pfc-r8a7790.c,29,0,0,0,0,0,NO_TARGET,77,57
drivers/pinctrl/sh-pfc/pfc-sh7724.c,29,0,0,0,0,0,NO_TARGET,102,102
drivers/pinctrl/sh-pfc/pfc-r8a7794.c,28,0,0,0,0,0,NO_TARGET,76,57
drivers/pinctrl/sh-pfc/pfc-sh7723.c,28,0,0,0,0,0,NO_TARGET,100,100
drivers/thermal/of-thermal.c,25,0,0,0,0,0,NO_TARGET,444,40
drivers/pinctrl/sh-pfc/pfc-r8a7779.c,24,0,0,0,0,0,NO_TARGET,68,51
drivers/pinctrl/sh-pfc/pfc-sh7734.c,23,0,0,0,0,0,NO_TARGET,81,61
drivers/pinctrl/sh-pfc/pfc-r8a7778.c,22,0,0,0,0,0,NO_TARGET,97,82
drivers/hwtracing/coresight/coresight.c,20,0,0,0,0,0,NO_TARGET,220,59
drivers/pinctrl/sh-pfc/pfc-sh73a0.c,20,0,0,0,0,0,NO_TARGET,39,34
drivers/thermal/cpu_cooling.c,20,0,0,0,0,0,NO_TARGET,133,192
drivers/pinctrl/sh-pfc/pfc-sh7720.c,19,0,0,0,0,0,NO_TARGET,72,72
drivers/pinctrl/sh-pfc/pfc-sh7785.c,19,0,0,0,0,0,NO_TARGET,68,68
drivers/hwtracing/coresight/coresight-etm4x.c,18,0,0,0,0,0,NO_TARGET,510,42
drivers/pinctrl/sh-pfc/pfc-r8a73a4.c,18,0,0,0,0,0,NO_TARGET,33,33
drivers/pinctrl/sh-pfc/pfc-r8a7740.c,16,0,0,0,0,0,NO_TARGET,29,29
kernel/locking/rwsem-xadd.c,16,0,0,0,0,0,NO_TARGET,130,16
block/cfq-iosched.c,15,0,0,0,0,0,NO_TARGET,72,9
drivers/gpu/drm/mediatek/mtk_mipi_tx.c,15,0,0,0,0,0,NO_TARGET,2316,207
drivers/mmc/host/cqhci.c,15,0,0,0,0,0,NO_TARGET,81,5
drivers/media/platform/vivid/vivid-core.c,14,0,0,0,0,0,NO_TARGET,74,0
drivers/pinctrl/sh-pfc/sh_pfc.h,14,0,0,0,0,0,NO_TARGET,163,40
drivers/net/vxlan.c,13,0,0,0,0,0,NO_TARGET,28,18
drivers/hwtracing/coresight/coresight-tmc.c,12,0,0,0,0,0,NO_TARGET,56,5
drivers/pinctrl/sh-pfc/pfc-emev2.c,12,0,0,0,0,0,NO_TARGET,39,28
drivers/pinctrl/sh-pfc/pfc-sh7786.c,12,0,0,0,0,0,NO_TARGET,40,40
virt/kvm/arm/vgic/vgic-its.c,11,0,0,0,0,0,NO_TARGET,17,15
drivers/media/platform/vim2m.c,8,0,0,0,0,0,NO_TARGET,27,11
scripts/bpf_helpers_doc.py,8,0,0,0,0,0,NO_TARGET,34,1
Documentation/sysctl/vm.txt,7,0,0,0,0,0,NO_TARGET,92,5
drivers/gpu/drm/virtio/virtgpu_ttm.c,7,0,0,0,0,0,NO_TARGET,25,111
drivers/hwtracing/coresight/coresight-etm3x.c,7,0,0,0,0,0,NO_TARGET,41,17
drivers/misc/aspeed-lpc-snoop.c,7,0,0,0,0,0,NO_TARGET,26,4
fs/block_dev.c,7,0,0,0,0,0,NO_TARGET,22,9
Documentation/filesystems/f2fs.txt,6,0,0,0,0,0,NO_TARGET,107,83
Documentation/media/uapi/v4l/vidioc-g-ext-ctrls.rst,6,0,0,0,0,0,NO_TARGET,49,10
drivers/iommu/arm-smmu-regs.h,6,0,0,0,0,0,NO_TARGET,56,0
drivers/media/media-device.c,6,0,0,0,0,0,NO_TARGET,24,4
drivers/media/platform/vivid/vivid-vid-cap.c,6,0,0,0,0,0,NO_TARGET,13,2
drivers/oprofile/buffer_sync.c,6,0,0,0,0,0,NO_TARGET,7,7
drivers/pinctrl/sh-pfc/core.c,6,0,0,0,0,0,NO_TARGET,233,8
drivers/staging/comedi/drivers.c,6,0,0,0,0,0,NO_TARGET,18,7
drivers/staging/comedi/drivers/dmm32at.c,6,0,0,0,0,0,NO_TARGET,30,2
fs/iomap.c,6,0,0,0,0,0,NO_TARGET,14,1
virt/kvm/arm/mmu.c,6,0,0,0,0,0,NO_TARGET,7,7
Documentation/filesystems/proc.txt,5,0,0,0,0,0,NO_TARGET,10,0
Documentation/media/uapi/v4l/buffer.rst,5,0,0,0,0,0,NO_TARGET,31,9
drivers/gpu/drm/mediatek/mtk_drm_fb.c,5,0,0,0,0,0,NO_TARGET,167,43
drivers/hwtracing/coresight/coresight-dynamic-replicator.c,5,0,0,0,0,0,NO_TARGET,62,12
drivers/iommu/dmar.c,5,0,0,0,0,0,NO_TARGET,6,23
drivers/media/platform/vivid/vivid-kthread-cap.c,5,0,0,0,0,0,NO_TARGET,12,0
drivers/nvme/host/lightnvm.c,5,0,0,0,0,0,NO_TARGET,61,44
drivers/pinctrl/sh-pfc/pfc-shx3.c,5,0,0,0,0,0,NO_TARGET,16,16
kernel/futex.c,5,0,0,0,0,0,NO_TARGET,24,3
Documentation/blockdev/zram.txt,4,0,0,0,0,0,NO_TARGET,105,21
Documentation/devicetree/bindings/arm/mediatek.txt,4,0,0,0,0,0,NO_TARGET,12,2
Documentation/devicetree/bindings/net/can/rcar_can.txt,4,0,0,0,0,0,NO_TARGET,11,8
Documentation/media/uapi/v4l/vidioc-qbuf.rst,4,0,0,0,0,0,NO_TARGET,35,2
Documentation/networking/filter.txt,4,0,0,0,0,0,NO_TARGET,8,7
drivers/base/devcon.c,4,0,0,0,0,0,NO_TARGET,104,3
drivers/gpu/drm/amd/amdgpu/si_dpm.c,4,0,0,0,0,0,NO_TARGET,17,11
drivers/gpu/drm/i915/i915_gem_userptr.c,4,0,0,0,0,0,NO_TARGET,4,4
drivers/gpu/drm/i915/intel_dp_mst.c,4,0,0,0,0,0,NO_TARGET,4,4
drivers/iommu/arm-smmu.c,4,0,0,0,0,0,NO_TARGET,23,2
drivers/iommu/io-pgtable.h,4,0,0,0,0,0,NO_TARGET,15,5
drivers/media/platform/vivid/vivid-kthread-out.c,4,0,0,0,0,0,NO_TARGET,12,0
drivers/mtd/spi-nor/cadence-quadspi.c,4,0,0,0,0,0,NO_TARGET,5,0
drivers/staging/comedi/drivers/jr3_pci.c,4,0,0,0,0,0,NO_TARGET,11,4
drivers/usb/typec/fusb302/fusb302.c,4,0,0,0,0,0,NO_TARGET,9,1
security/keys/trusted.c,4,0,0,0,0,0,NO_TARGET,4,3
Documentation/RCU/Design/Requirements/Requirements.html,3,0,0,0,0,0,NO_TARGET,24,26
Documentation/arm64/tagged-pointers.txt,3,0,0,0,0,0,NO_TARGET,14,7
Documentation/devicetree/bindings/arm/shmobile.txt,3,0,0,0,0,0,NO_TARGET,23,0
"Documentation/devicetree/bindings/display/bridge/renesas,lvds.txt",3,0,0,0,0,0,NO_TARGET,27,5
"Documentation/devicetree/bindings/memory-controllers/mediatek,smi-common.txt",3,0,0,0,0,0,NO_TARGET,11,3
"Documentation/devicetree/bindings/timer/renesas,cmt.txt",3,0,0,0,0,0,NO_TARGET,16,0
block/scsi_ioctl.c,3,0,0,0,0,0,NO_TARGET,21,0
drivers/clk/tegra/clk-emc.c,3,0,0,0,0,0,NO_TARGET,5,3
drivers/cpufreq/arm_big_little.c,3,0,0,0,0,0,NO_TARGET,10,0
drivers/crypto/marvell/cipher.c,3,0,0,0,0,0,NO_TARGET,6,1
drivers/crypto/marvell/hash.c,3,0,0,0,0,0,NO_TARGET,4,3
drivers/gpu/drm/amd/powerplay/smumgr/ci_smumgr.c,3,0,0,0,0,0,NO_TARGET,17,8
drivers/gpu/drm/virtio/virtgpu_fb.c,3,0,0,0,0,0,NO_TARGET,1,206
drivers/media/platform/soc_camera/soc_camera.c,3,0,0,0,0,0,NO_TARGET,4,3
drivers/media/platform/vivid/vivid-sdr-cap.c,3,0,0,0,0,0,NO_TARGET,14,0
drivers/misc/mic/scif/scif_rma.c,3,0,0,0,0,0,NO_TARGET,6,6
drivers/oprofile/oprofilefs.c,3,0,0,0,0,0,NO_TARGET,14,6
drivers/pci/controller/pcie-cadence-ep.c,3,0,0,0,0,0,NO_TARGET,14,13
drivers/staging/comedi/drivers/comedi_test.c,3,0,0,0,0,0,NO_TARGET,4,3
drivers/usb/typec/typec_wcove.c,3,0,0,0,0,0,NO_TARGET,8,9
include/asm-generic/rwsem.h,3,0,0,0,0,0,NO_TARGET,11,0
kernel/locking/rwsem.h,3,0,0,0,0,0,NO_TARGET,13,0
tools/testing/selftests/bpf/test_align.c,3,0,0,0,0,0,NO_TARGET,8,8
Documentation/devicetree/bindings/ata/sata_rcar.txt,2,0,0,0,0,0,NO_TARGET,5,2
"Documentation/devicetree/bindings/clock/renesas,cpg-mssr.txt",2,0,0,0,0,0,NO_TARGET,9,4
"Documentation/devicetree/bindings/display/renesas,du.txt",2,0,0,0,0,0,NO_TARGET,6,0
"Documentation/devicetree/bindings/dma/renesas,rcar-dmac.txt",2,0,0,0,0,0,NO_TARGET,5,1
"Documentation/devicetree/bindings/gpio/renesas,gpio-rcar.txt",2,0,0,0,0,0,NO_TARGET,4,1
"Documentation/devicetree/bindings/iommu/mediatek,iommu.txt",2,0,0,0,0,0,NO_TARGET,30,4
Documentation/devicetree/bindings/media/rcar_vin.txt,2,0,0,0,0,0,NO_TARGET,8,4
"Documentation/devicetree/bindings/memory-controllers/mediatek,smi-larb.txt",2,0,0,0,0,0,NO_TARGET,7,1
Documentation/devicetree/bindings/mmc/mtk-sd.txt,2,0,0,0,0,0,NO_TARGET,4,0
Documentation/devicetree/bindings/mmc/tmio_mmc.txt,2,0,0,0,0,0,NO_TARGET,8,2
Documentation/devicetree/bindings/mtd/mtk-quadspi.txt,2,0,0,0,0,0,NO_TARGET,2,1
Documentation/devicetree/bindings/net/can/rcar_canfd.txt,2,0,0,0,0,0,NO_TARGET,10,7
Documentation/devicetree/bindings/pci/rcar-pci.txt,2,0,0,0,0,0,NO_TARGET,6,1
Documentation/devicetree/bindings/phy/rcar-gen3-phy-usb2.txt,2,0,0,0,0,0,NO_TARGET,12,3
Documentation/devicetree/bindings/rng/mtk-rng.txt,2,0,0,0,0,0,NO_TARGET,9,2
"Documentation/devicetree/bindings/serial/renesas,sci-serial.txt",2,0,0,0,0,0,NO_TARGET,12,6
Documentation/devicetree/bindings/spi/sh-msiof.txt,2,0,0,0,0,0,NO_TARGET,5,1
Documentation/devicetree/bindings/thermal/rcar-thermal.txt,2,0,0,0,0,0,NO_TARGET,3,1
Documentation/devicetree/bindings/usb/usb-xhci.txt,2,0,0,0,0,0,NO_TARGET,5,1
Documentation/devicetree/bindings/vendor-prefixes.txt,2,0,0,0,0,0,NO_TARGET,2,0
Documentation/filesystems/Locking,2,0,0,0,0,0,NO_TARGET,2,0
Documentation/filesystems/ext4/ondisk/directory.rst,2,0,0,0,0,0,NO_TARGET,27,0
Documentation/media/kapi/v4l2-dev.rst,2,0,0,0,0,0,NO_TARGET,2,2
Documentation/sysctl/kernel.txt,2,0,0,0,0,0,NO_TARGET,12,0
arch/arm64/kernel/arm64ksyms.c,2,0,0,0,0,0,NO_TARGET,13,0
block/blk-tag.c,2,0,0,0,0,0,NO_TARGET,7,0
drivers/clk/clk-u300.c,2,0,0,0,0,0,NO_TARGET,2,2
drivers/clk/zte/clk.c,2,0,0,0,0,0,NO_TARGET,2,2
drivers/gpu/drm/mediatek/mtk_drm_ddp.c,2,0,0,0,0,0,NO_TARGET,8248,493
drivers/gpu/drm/tinydrm/repaper.c,2,0,0,0,0,0,NO_TARGET,2,2
drivers/hid/hid-uclogic.c,2,0,0,0,0,0,NO_TARGET,3,10
drivers/hwtracing/coresight/of_coresight.c,2,0,0,0,0,0,NO_TARGET,92,55
drivers/infiniband/hw/i40iw/i40iw_verbs.c,2,0,0,0,0,0,NO_TARGET,2,2
drivers/iommu/amd_iommu_v2.c,2,0,0,0,0,0,NO_TARGET,2,2
drivers/iommu/arm-smmu-v3.c,2,0,0,0,0,0,NO_TARGET,1,2
drivers/iommu/intel-svm.c,2,0,0,0,0,0,NO_TARGET,2,2
drivers/iommu/qcom_iommu.c,2,0,0,0,0,0,NO_TARGET,1,1
drivers/mtd/spi-nor/spi-nor.c,2,0,0,0,0,0,NO_TARGET,13,0
drivers/phy/amlogic/phy-meson-gxl-usb3.c,2,0,0,0,0,0,NO_TARGET,3,2
drivers/pinctrl/sh-pfc/Kconfig,2,0,0,0,0,0,NO_TARGET,27,2
drivers/pinctrl/sh-pfc/Makefile,2,0,0,0,0,0,NO_TARGET,6,2
drivers/platform/x86/intel_bxtwc_tmu.c,2,0,0,0,0,0,NO_TARGET,6,19
drivers/platform/x86/intel_cht_int33fe.c,2,0,0,0,0,0,NO_TARGET,9,11
drivers/platform/x86/intel_telemetry_debugfs.c,2,0,0,0,0,0,NO_TARGET,2,2
drivers/rtc/hctosys.c,2,0,0,0,0,0,NO_TARGET,1,3
drivers/staging/comedi/drivers/c6xdigio.c,2,0,0,0,0,0,NO_TARGET,35,11
drivers/staging/comedi/drivers/me4000.c,2,0,0,0,0,0,NO_TARGET,12,4
drivers/staging/comedi/drivers/me_daq.c,2,0,0,0,0,0,NO_TARGET,19,16
drivers/staging/comedi/drivers/multiq3.c,2,0,0,0,0,0,NO_TARGET,9,0
drivers/staging/media/davinci_vpfe/vpfe_video.c,2,0,0,0,0,0,NO_TARGET,2,5
drivers/usb/typec/tcpci_rt1711h.c,2,0,0,0,0,0,NO_TARGET,11,0
drivers/usb/typec/tcpm.c,2,0,0,0,0,0,NO_TARGET,2,2
lib/ioremap.c,2,0,0,0,0,0,NO_TARGET,2,1
mm/frame_vector.c,2,0,0,0,0,0,NO_TARGET,4,2
virt/kvm/arm/vgic/vgic.h,2,0,0,0,0,0,NO_TARGET,24,0
Documentation/arm64/silicon-errata.txt,1,0,0,0,0,0,NO_TARGET,2,0
"Documentation/devicetree/bindings/display/bridge/renesas,dw-hdmi.txt",1,0,0,0,0,0,NO_TARGET,4,1
"Documentation/devicetree/bindings/dma/renesas,usb-dmac.txt",1,0,0,0,0,0,NO_TARGET,4,0
Documentation/devicetree/bindings/i2c/i2c-mtk.txt,1,0,0,0,0,0,NO_TARGET,4,1
Documentation/devicetree/bindings/i2c/i2c-rcar.txt,1,0,0,0,0,0,NO_TARGET,0,59
Documentation/devicetree/bindings/i2c/i2c-sh_mobile.txt,1,0,0,0,0,0,NO_TARGET,0,59
Documentation/devicetree/bindings/iio/adc/mt6577_auxadc.txt,1,0,0,0,0,0,NO_TARGET,16,1
"Documentation/devicetree/bindings/interrupt-controller/renesas,irqc.txt",1,0,0,0,0,0,NO_TARGET,1,0
"Documentation/devicetree/bindings/iommu/renesas,ipmmu-vmsa.txt",1,0,0,0,0,0,NO_TARGET,4,0
"Documentation/devicetree/bindings/media/renesas,fcp.txt",1,0,0,0,0,0,NO_TARGET,3,2
"Documentation/devicetree/bindings/media/renesas,rcar-csi2.txt",1,0,0,0,0,0,NO_TARGET,5,1
"Documentation/devicetree/bindings/media/renesas,vsp1.txt",1,0,0,0,0,0,NO_TARGET,3,3
"Documentation/devicetree/bindings/net/renesas,ravb.txt",1,0,0,0,0,0,NO_TARGET,2,0
Documentation/devicetree/bindings/phy/rcar-gen3-phy-usb3.txt,1,0,0,0,0,0,NO_TARGET,10,4
"Documentation/devicetree/bindings/pinctrl/renesas,pfc-pinctrl.txt",1,0,0,0,0,0,NO_TARGET,4,0
"Documentation/devicetree/bindings/power/renesas,rcar-sysc.txt",1,0,0,0,0,0,NO_TARGET,4,0
"Documentation/devicetree/bindings/pwm/renesas,pwm-rcar.txt",1,0,0,0,0,0,NO_TARGET,3,0
"Documentation/devicetree/bindings/reset/renesas,rst.txt",1,0,0,0,0,0,NO_TARGET,4,0
Documentation/devicetree/bindings/thermal/rcar-gen3-thermal.txt,1,0,0,0,0,0,NO_TARGET,3,0
Documentation/devicetree/bindings/thermal/thermal.txt,1,0,0,0,0,0,NO_TARGET,8,0
"Documentation/devicetree/bindings/timer/renesas,tmu.txt",1,0,0,0,0,0,NO_TARGET,3,0
Documentation/devicetree/bindings/trivial-devices.txt,1,0,0,0,0,0,NO_TARGET,1,0
Documentation/devicetree/bindings/usb/renesas_usb3.txt,1,0,0,0,0,0,NO_TARGET,0,38
Documentation/devicetree/bindings/usb/renesas_usbhs.txt,1,0,0,0,0,0,NO_TARGET,0,46
Documentation/devicetree/bindings/watchdog/renesas-wdt.txt,1,0,0,0,0,0,NO_TARGET,0,44
Documentation/driver-model/driver.txt,1,0,0,0,0,0,NO_TARGET,43,0
Documentation/filesystems/ext4/ondisk/overview.rst,1,0,0,0,0,0,NO_TARGET,1,0
Documentation/filesystems/overlayfs.txt,1,0,0,0,0,0,NO_TARGET,23,0
Documentation/filesystems/porting,1,0,0,0,0,0,NO_TARGET,35,6
Documentation/media/kapi/mc-core.rst,1,0,0,0,0,0,NO_TARGET,2,0
Documentation/media/uapi/mediactl/media-controller.rst,1,0,0,0,0,0,NO_TARGET,1,0
Documentation/media/uapi/mediactl/media-funcs.rst,1,0,0,0,0,0,NO_TARGET,6,0
Documentation/media/uapi/v4l/extended-controls.rst,1,0,0,0,0,0,NO_TARGET,6,0
Documentation/media/uapi/v4l/vidioc-create-bufs.rst,1,0,0,0,0,0,NO_TARGET,13,1
Documentation/media/uapi/v4l/vidioc-reqbufs.rst,1,0,0,0,0,0,NO_TARGET,41,1
Documentation/media/videodev2.h.rst.exceptions,1,0,0,0,0,0,NO_TARGET,1,0
Documentation/networking/ip-sysctl.txt,1,0,0,0,0,0,NO_TARGET,3,4
Documentation/siphash.txt,1,0,0,0,0,0,NO_TARGET,1,1
Documentation/timers/NO_HZ.txt,1,0,0,0,0,0,NO_TARGET,2,5
Documentation/translations/zh_CN/HOWTO,1,0,0,0,0,0,NO_TARGET,1,1
Documentation/translations/zh_CN/SubmittingDrivers,1,0,0,0,0,0,NO_TARGET,1,1
Documentation/translations/zh_CN/coding-style.rst,1,0,0,0,0,0,NO_TARGET,1,1
Documentation/translations/zh_CN/email-clients.txt,1,0,0,0,0,0,NO_TARGET,1,1
Documentation/usb/gadget-testing.txt,1,0,0,0,0,0,NO_TARGET,1,0
arch/arm64/boot/dts/renesas/r8a7795.dtsi,1,0,0,0,0,0,NO_TARGET,1,1
arch/arm64/crypto/chacha20-neon-core.S,1,0,0,0,0,0,NO_TARGET,0,450
arch/arm64/crypto/chacha20-neon-glue.c,1,0,0,0,0,0,NO_TARGET,0,133
arch/arm64/include/asm/cpucaps.h,1,0,0,0,0,0,NO_TARGET,2,1
arch/arm64/include/asm/vdso_datapage.h,1,0,0,0,0,0,NO_TARGET,0,48
arch/arm64/kernel/module.lds,1,0,0,0,0,0,NO_TARGET,1,1
arch/arm64/kernel/vdso/gettimeofday.S,1,0,0,0,0,0,NO_TARGET,0,334
arch/arm64/lib/atomic_ll_sc.c,1,0,0,0,0,0,NO_TARGET,12,0
arch/arm64/mm/dump.c,1,0,0,0,0,0,NO_TARGET,1,1
block/partition-generic.c,1,0,0,0,0,0,NO_TARGET,12,0
crypto/chacha20_generic.c,1,0,0,0,0,0,NO_TARGET,0,137
crypto/memneq.c,1,0,0,0,0,0,NO_TARGET,0,168
drivers/block/skd_main.c,1,0,0,0,0,0,NO_TARGET,1,1
drivers/char/mbcs.c,1,0,0,0,0,0,NO_TARGET,1,1
drivers/clk/renesas/clk-rcar-gen2.c,1,0,0,0,0,0,NO_TARGET,1,1
drivers/clk/sirf/clk-atlas7.c,1,0,0,0,0,0,NO_TARGET,1,1
drivers/crypto/chelsio/chtls/chtls_main.c,1,0,0,0,0,0,NO_TARGET,3,2
drivers/dma-buf/reservation.c,1,0,0,0,0,0,NO_TARGET,4,1
drivers/firmware/dell_rbu.c,1,0,0,0,0,0,NO_TARGET,1,1
drivers/firmware/psci.c,1,0,0,0,0,0,NO_TARGET,3,1
drivers/gpu/drm/amd/powerplay/hwmgr/ppatomctrl.c,1,0,0,0,0,0,NO_TARGET,2,0
drivers/gpu/drm/amd/powerplay/hwmgr/smu_helper.c,1,0,0,0,0,0,NO_TARGET,1,1
drivers/gpu/drm/i915/intel_i2c.c,1,0,0,0,0,0,NO_TARGET,3,1
drivers/gpu/drm/mediatek/mtk_drm_ddp.h,1,0,0,0,0,0,NO_TARGET,96,13
drivers/gpu/drm/mediatek/mtk_drm_fb.h,1,0,0,0,0,0,NO_TARGET,15,15
drivers/gpu/drm/virtio/virtgpu_drm_bus.c,1,0,0,0,0,0,NO_TARGET,0,90
drivers/ide/ide-cd.c,1,0,0,0,0,0,NO_TARGET,1,1
drivers/ide/ide-gd.c,1,0,0,0,0,0,NO_TARGET,1,1
drivers/infiniband/hw/nes/nes_cm.c,1,0,0,0,0,0,NO_TARGET,1,1
drivers/input/serio/i8042-x86ia64io.h,1,0,0,0,0,0,NO_TARGET,11,0
drivers/iommu/amd_iommu_init.c,1,0,0,0,0,0,NO_TARGET,8,0
drivers/media/cec/cec-core.c,1,0,0,0,0,0,NO_TARGET,1,0
drivers/media/platform/mtk-jpeg/mtk_jpeg_hw.c,1,0,0,0,0,0,NO_TARGET,0,417
drivers/media/platform/mtk-jpeg/mtk_jpeg_hw.h,1,0,0,0,0,0,NO_TARGET,0,91
drivers/media/platform/mtk-jpeg/mtk_jpeg_parse.c,1,0,0,0,0,0,NO_TARGET,0,160
drivers/media/platform/mtk-jpeg/mtk_jpeg_parse.h,1,0,0,0,0,0,NO_TARGET,0,25
drivers/media/platform/mtk-jpeg/mtk_jpeg_reg.h,1,0,0,0,0,0,NO_TARGET,0,58
drivers/media/platform/vivid/vivid-core.h,1,0,0,0,0,0,NO_TARGET,8,0
drivers/media/platform/vivid/vivid-ctrls.c,1,0,0,0,0,0,NO_TARGET,23,23
drivers/media/platform/vivid/vivid-vbi-cap.c,1,0,0,0,0,0,NO_TARGET,8,0
drivers/media/platform/vivid/vivid-vbi-out.c,1,0,0,0,0,0,NO_TARGET,8,0
drivers/media/platform/vivid/vivid-vid-out.c,1,0,0,0,0,0,NO_TARGET,8,0
drivers/media/usb/rainshadow-cec/rainshadow-cec.c,1,0,0,0,0,0,NO_TARGET,2,1
drivers/mtd/nand/onenand/samsung.c,1,0,0,0,0,0,NO_TARGET,1,1
drivers/mtd/spi-nor/mtk-quadspi.c,1,0,0,0,0,0,NO_TARGET,2,1
drivers/net/can/usb/esd_usb2.c,1,0,0,0,0,0,NO_TARGET,8,1
drivers/net/ethernet/qlogic/qlge/qlge_ethtool.c,1,0,0,0,0,0,NO_TARGET,1,1
drivers/phy/qualcomm/phy-qcom-ufs-qmp-14nm.c,1,0,0,0,0,0,NO_TARGET,2,1
drivers/phy/qualcomm/phy-qcom-ufs-qmp-20nm.c,1,0,0,0,0,0,NO_TARGET,2,1
drivers/pinctrl/sh-pfc/pfc-r8a7795-es1.c,1,0,0,0,0,0,NO_TARGET,0,5833
drivers/pinctrl/sh-pfc/pfc-r8a7795.c,1,0,0,0,0,0,NO_TARGET,0,6234
drivers/pinctrl/sh-pfc/pinctrl.c,1,0,0,0,0,0,NO_TARGET,1,2
drivers/platform/x86/intel-hid.c,1,0,0,0,0,0,NO_TARGET,5,1
drivers/platform/x86/intel_telemetry_pltdrv.c,1,0,0,0,0,0,NO_TARGET,1,1
drivers/platform/x86/surfacepro3_button.c,1,0,0,0,0,0,NO_TARGET,1,0
drivers/staging/android/ion/Kconfig,1,0,0,0,0,0,NO_TARGET,1,1
drivers/staging/android/ion/Makefile,1,0,0,0,0,0,NO_TARGET,11,5
drivers/staging/android/ion/ion-ioctl.c,1,0,0,0,0,0,NO_TARGET,0,98
drivers/staging/android/ion/ion.c,1,0,0,0,0,0,NO_TARGET,0,602
drivers/staging/android/ion/ion.h,1,0,0,0,0,0,NO_TARGET,0,333
drivers/staging/android/ion/ion_carveout_heap.c,1,0,0,0,0,0,NO_TARGET,0,138
drivers/staging/android/ion/ion_chunk_heap.c,1,0,0,0,0,0,NO_TARGET,0,153
drivers/staging/android/ion/ion_cma_heap.c,1,0,0,0,0,0,NO_TARGET,0,142
drivers/staging/android/ion/ion_heap.c,1,0,0,0,0,0,NO_TARGET,0,309
drivers/staging/android/ion/ion_page_pool.c,1,0,0,0,0,0,NO_TARGET,0,155
drivers/staging/android/ion/ion_system_heap.c,1,0,0,0,0,0,NO_TARGET,0,398
drivers/staging/android/uapi/ion.h,1,0,0,0,0,0,NO_TARGET,0,127
drivers/staging/comedi/comedi_buf.c,1,0,0,0,0,0,NO_TARGET,1,1
drivers/staging/comedi/drivers/aio_iiro_16.c,1,0,0,0,0,0,NO_TARGET,2,1
drivers/staging/comedi/drivers/das16m1.c,1,0,0,0,0,0,NO_TARGET,2,1
drivers/staging/comedi/drivers/das6402.c,1,0,0,0,0,0,NO_TARGET,2,1
drivers/staging/comedi/drivers/dt2815.c,1,0,0,0,0,0,NO_TARGET,12,0
drivers/staging/comedi/drivers/ni_atmio16d.c,1,0,0,0,0,0,NO_TARGET,2,1
drivers/staging/comedi/drivers/pcl812.c,1,0,0,0,0,0,NO_TARGET,2,1
drivers/staging/erofs/Kconfig,1,0,0,0,0,0,NO_TARGET,0,141
drivers/staging/erofs/Makefile,1,0,0,0,0,0,NO_TARGET,0,13
drivers/staging/erofs/TODO,1,0,0,0,0,0,NO_TARGET,0,45
drivers/staging/erofs/data.c,1,0,0,0,0,0,NO_TARGET,0,394
drivers/staging/erofs/dir.c,1,0,0,0,0,0,NO_TARGET,0,160
drivers/staging/erofs/erofs_fs.h,1,0,0,0,0,0,NO_TARGET,0,276
drivers/staging/erofs/include/linux/tagptr.h,1,0,0,0,0,0,NO_TARGET,0,110
drivers/staging/erofs/include/trace/events/erofs.h,1,0,0,0,0,0,NO_TARGET,0,240
drivers/staging/erofs/inode.c,1,0,0,0,0,0,NO_TARGET,0,341
drivers/staging/erofs/internal.h,1,0,0,0,0,0,NO_TARGET,0,585
drivers/staging/erofs/lz4defs.h,1,0,0,0,0,0,NO_TARGET,0,227
drivers/staging/erofs/namei.c,1,0,0,0,0,0,NO_TARGET,0,262
drivers/staging/erofs/super.c,1,0,0,0,0,0,NO_TARGET,0,661
drivers/staging/erofs/unzip_lz4.c,1,0,0,0,0,0,NO_TARGET,0,251
drivers/staging/erofs/unzip_pagevec.h,1,0,0,0,0,0,NO_TARGET,0,176
drivers/staging/erofs/unzip_vle.c,1,0,0,0,0,0,NO_TARGET,0,1696
drivers/staging/erofs/unzip_vle.h,1,0,0,0,0,0,NO_TARGET,0,228
drivers/staging/erofs/unzip_vle_lz4.c,1,0,0,0,0,0,NO_TARGET,0,210
drivers/staging/erofs/utils.c,1,0,0,0,0,0,NO_TARGET,0,332
drivers/staging/erofs/xattr.c,1,0,0,0,0,0,NO_TARGET,0,658
drivers/staging/erofs/xattr.h,1,0,0,0,0,0,NO_TARGET,0,93
drivers/staging/media/davinci_vpfe/dm365_ipipe.c,1,0,0,0,0,0,NO_TARGET,18,18
drivers/thermal/int340x_thermal/int3402_thermal.c,1,0,0,0,0,0,NO_TARGET,3,0
drivers/video/fbdev/fb-puv3.c,1,0,0,0,0,0,NO_TARGET,1,1
fs/crypto/keyinfo.c,1,0,0,0,0,0,NO_TARGET,0,399
fs/f2fs/trace.c,1,0,0,0,0,0,NO_TARGET,1,4
fs/f2fs/trace.h,1,0,0,0,0,0,NO_TARGET,1,4
include/asm-generic/pgtable.h,1,0,0,0,0,0,NO_TARGET,0,1155
include/crypto/chacha20.h,1,0,0,0,0,0,NO_TARGET,0,42
include/linux/can/platform/rcar_can.h,1,0,0,0,0,0,NO_TARGET,0,18
include/linux/cryptohash.h,1,0,0,0,0,0,NO_TARGET,10,6
include/linux/frame.h,1,0,0,0,0,0,NO_TARGET,0,24
include/linux/fscrypt_notsupp.h,1,0,0,0,0,0,NO_TARGET,0,243
include/linux/fscrypt_supp.h,1,0,0,0,0,0,NO_TARGET,0,236
include/linux/selinux.h,1,0,0,0,0,0,NO_TARGET,0,35
include/net/netns/x_tables.h,1,0,0,0,0,0,NO_TARGET,0,3
kernel/bpf/sockmap.c,1,0,0,0,0,0,NO_TARGET,0,2631
kernel/bpf/xskmap.c,1,0,0,0,0,0,NO_TARGET,0,226
kernel/gcov/gcc_3_4.c,1,0,0,0,0,0,NO_TARGET,12,0
kernel/memremap.c,1,0,0,0,0,0,NO_TARGET,0,2
lib/chacha20.c,1,0,0,0,0,0,NO_TARGET,0,74
lib/int_sqrt.c,1,0,0,0,0,0,NO_TARGET,20,12
mm/kasan/kasan.c,1,0,0,0,0,0,NO_TARGET,0,903
mm/kasan/kasan_init.c,1,0,0,0,0,0,NO_TARGET,0,492
net/ipv4/fou.c,1,0,0,0,0,0,NO_TARGET,0,1119
net/ipv4/netfilter/nf_nat_l3proto_ipv4.c,1,0,0,0,0,0,NO_TARGET,1,1
net/ipv4/udp_tunnel.c,1,0,0,0,0,0,NO_TARGET,0,217
samples/bpf/xdp_monitor_kern.c,1,0,0,0,0,0,NO_TARGET,3,5
scripts/Makefile.modsign,1,0,0,0,0,0,NO_TARGET,8,2
scripts/dtc/Makefile.dtc,1,0,0,0,0,0,NO_TARGET,0,18
scripts/dtc/fdtdump.c,1,0,0,0,0,0,NO_TARGET,0,163
scripts/dtc/libfdt/Makefile.libfdt,1,0,0,0,0,0,NO_TARGET,0,11
security/selinux/exports.c,1,0,0,0,0,0,NO_TARGET,0,23
sound/soc/intel/common/sst-firmware.c,1,0,0,0,0,0,NO_TARGET,1,1
sound/soc/intel/haswell/sst-haswell-pcm.c,1,0,0,0,0,0,NO_TARGET,1,1
tools/testing/selftests/bpf/bpf_helpers.h,1,0,0,0,0,0,NO_TARGET,12,0
tools/testing/selftests/kvm/include/x86.h,1,0,0,0,0,0,NO_TARGET,3,0
virt/kvm/arm/pmu.c,1,0,0,0,0,0,NO_TARGET,0,1
drivers/ata/sata_sx4.c,28,28,0,0,0,0,OBSOLETE,44,74
drivers/pps/pps.c,24,24,0,0,0,0,OBSOLETE,76,65
net/sctp/sm_statefuns.c,20,20,0,0,0,0,OBSOLETE,29,25
net/sched/sch_sfq.c,16,16,0,0,0,0,OBSOLETE,79,40
crypto/algif_aead.c,14,14,0,0,0,0,OBSOLETE,42,161
fs/squashfs/inode.c,13,13,0,0,0,0,OBSOLETE,33,3
drivers/gpu/drm/amd/display/dc/bios/bios_parser.c,12,12,0,0,0,0,OBSOLETE,72,5
drivers/hwtracing/coresight/coresight-tmc.h,12,12,0,0,0,0,OBSOLETE,21,2
drivers/net/ethernet/myricom/myri10ge/myri10ge.c,11,11,0,0,0,0,OBSOLETE,27,1
net/core/neighbour.c,11,11,0,0,0,0,OBSOLETE,21,19
net/netfilter/nf_nat_sip.c,11,11,0,0,0,0,OBSOLETE,19,15
net/sched/sch_sfb.c,11,11,0,0,0,0,OBSOLETE,33,23
drivers/char/ipmi/ipmi_si_intf.c,10,10,0,0,0,0,OBSOLETE,56,14
drivers/net/ethernet/amd/xgbe/xgbe-drv.c,10,10,0,0,0,0,OBSOLETE,10,17
drivers/scsi/st.c,10,10,0,0,0,0,OBSOLETE,47,15
drivers/usb/atm/cxacru.c,10,10,0,0,0,0,OBSOLETE,56,63
fs/f2fs/acl.c,10,10,0,0,0,0,OBSOLETE,26,8
lib/locking-selftest.c,10,10,0,0,0,0,OBSOLETE,12,12
scripts/dtc/libfdt/fdt_sw.c,10,10,0,0,0,0,OBSOLETE,171,87
drivers/input/misc/uinput.c,9,9,0,0,0,0,OBSOLETE,29,7
drivers/net/ethernet/cortina/gemini.c,9,9,0,0,0,0,OBSOLETE,19,2
drivers/scsi/scsi_transport_iscsi.c,9,9,0,0,0,0,OBSOLETE,13,9
drivers/usb/musb/musb_core.c,9,9,0,0,0,0,OBSOLETE,70,14
net/batman-adv/tvlv.c,9,9,0,0,0,0,OBSOLETE,83,14
net/bridge/br_fdb.c,9,9,0,0,0,0,OBSOLETE,18,10
net/sched/sch_cake.c,9,9,0,0,0,0,OBSOLETE,42,25
crypto/authenc.c,8,8,0,0,0,0,OBSOLETE,1,31
drivers/base/devcoredump.c,8,8,0,0,0,0,OBSOLETE,84,54
drivers/edac/altera_edac.c,8,8,0,0,0,0,OBSOLETE,9,12
drivers/hid/usbhid/hid-pidff.c,8,8,0,0,0,0,OBSOLETE,41,19
fs/jfs/jfs_dtree.c,8,8,0,0,0,0,OBSOLETE,32,4
net/atm/clip.c,8,8,0,0,0,0,OBSOLETE,50,18
net/openvswitch/flow_netlink.c,8,8,0,0,0,0,OBSOLETE,19,57
tools/lib/lockdep/preload.c,8,8,0,0,0,0,OBSOLETE,8,8
drivers/clocksource/sh_tmu.c,7,7,0,0,0,0,OBSOLETE,1,27
drivers/cpufreq/cpufreq_governor.c,7,7,0,0,0,0,OBSOLETE,32,26
drivers/md/persistent-data/dm-btree.c,7,7,0,0,0,0,OBSOLETE,422,29
drivers/media/pci/ivtv/ivtv-fileops.c,7,7,0,0,0,0,OBSOLETE,9,9
drivers/media/tuners/xc5000.c,7,7,0,0,0,0,OBSOLETE,24,29
drivers/net/team/team.c,7,7,0,0,0,0,OBSOLETE,26,10
drivers/parport/procfs.c,7,7,0,0,0,0,OBSOLETE,18,21
drivers/platform/x86/classmate-laptop.c,7,7,0,0,0,0,OBSOLETE,32,0
drivers/tty/tty_ldsem.c,7,7,0,0,0,0,OBSOLETE,14,37
drivers/usb/musb/musb_host.c,7,7,0,0,0,0,OBSOLETE,10,36
drivers/usb/musb/musbhsdma.c,7,7,0,0,0,0,OBSOLETE,38,18
fs/gfs2/dir.c,7,7,0,0,0,0,OBSOLETE,6,9
include/linux/rwlock_api_smp.h,7,7,0,0,0,0,OBSOLETE,8,8
net/appletalk/aarp.c,7,7,0,0,0,0,OBSOLETE,30,12
net/ipv6/datagram.c,7,7,0,0,0,0,OBSOLETE,56,8
net/ncsi/ncsi-rsp.c,7,7,0,0,0,0,OBSOLETE,23,15
net/sched/sch_choke.c,7,7,0,0,0,0,OBSOLETE,17,13
sound/usb/caiaq/device.c,7,7,0,0,0,0,OBSOLETE,28,13
tools/power/cpupower/utils/idle_monitor/mperf_monitor.c,7,7,0,0,0,0,OBSOLETE,10,7
arch/arm64/boot/dts/arm/juno-r2.dts,6,6,0,0,0,0,OBSOLETE,6,0
arch/arm64/boot/dts/arm/juno.dts,6,6,0,0,0,0,OBSOLETE,6,0
drivers/acpi/acpi_dbg.c,6,6,0,0,0,0,OBSOLETE,13,13
drivers/char/ipmi/ipmi_msghandler.c,6,6,0,0,0,0,OBSOLETE,13,7
drivers/dma/mv_xor.c,6,6,0,0,0,0,OBSOLETE,23,4
drivers/gpio/gpio-grgpio.c,6,6,0,0,0,0,OBSOLETE,15,11
drivers/md/raid5-cache.c,6,6,0,0,0,0,OBSOLETE,33,15
drivers/media/rc/igorplugusb.c,6,6,0,0,0,0,OBSOLETE,13,6
drivers/platform/x86/thinkpad_acpi.c,6,6,0,0,0,0,OBSOLETE,14,4
drivers/tty/serial/zs.c,6,6,0,0,0,0,OBSOLETE,14,26
drivers/usb/class/cdc-wdm.c,6,6,0,0,0,0,OBSOLETE,12,15
fs/jfs/jfs_dmap.c,6,6,0,0,0,0,OBSOLETE,30,27
fs/nilfs2/inode.c,6,6,0,0,0,0,OBSOLETE,20,7
fs/quota/dquot.c,6,6,0,0,0,0,OBSOLETE,33,9
kernel/kexec_file.c,6,6,0,0,0,0,OBSOLETE,74,57
kernel/watchdog.c,6,6,0,0,0,0,OBSOLETE,6,6
net/8021q/vlan_dev.c,6,6,0,0,0,0,OBSOLETE,15,28
net/bluetooth/hci_event.c,6,6,0,0,0,0,OBSOLETE,28,7
net/bridge/br_arp_nd_proxy.c,6,6,0,0,0,0,OBSOLETE,17,10
net/ipv6/calipso.c,6,6,0,0,0,0,OBSOLETE,28,4
net/key/af_key.c,6,6,0,0,0,0,OBSOLETE,16,11
net/rose/rose_timer.c,6,6,0,0,0,0,OBSOLETE,15,0
net/rxrpc/proc.c,6,6,0,0,0,0,OBSOLETE,10,6
net/sched/sch_hhf.c,6,6,0,0,0,0,OBSOLETE,10,9
net/vmw_vsock/af_vsock.c,6,6,0,0,0,0,OBSOLETE,45,13
tools/testing/ktest/ktest.pl,6,6,0,0,0,0,OBSOLETE,14,6
crypto/poly1305_generic.c,5,5,0,0,0,0,OBSOLETE,24,179
drivers/clk/renesas/r9a06g032-clocks.c,5,5,0,0,0,0,OBSOLETE,8,7
drivers/dma/nbpfaxi.c,5,5,0,0,0,0,OBSOLETE,18,6
drivers/firewire/nosy.c,5,5,0,0,0,0,OBSOLETE,26,21
drivers/iio/gyro/mpu3050-core.c,5,5,0,0,0,0,OBSOLETE,23,15
drivers/md/dm-cache-target.c,5,5,0,0,0,0,OBSOLETE,38,2
drivers/md/dm-verity-fec.c,5,5,0,0,0,0,OBSOLETE,7,11
drivers/media/platform/s5p-mfc/s5p_mfc_cmd_v6.c,5,5,0,0,0,0,OBSOLETE,13,22
drivers/media/rc/ttusbir.c,5,5,0,0,0,0,OBSOLETE,9,4
drivers/memory/samsung/exynos-srom.c,5,5,0,0,0,0,OBSOLETE,15,17
drivers/mfd/intel_soc_pmic_bxtwc.c,5,5,0,0,0,0,OBSOLETE,97,99
drivers/misc/ibmasm/ibmasmfs.c,5,5,0,0,0,0,OBSOLETE,22,6
drivers/net/caif/caif_serial.c,5,5,0,0,0,0,OBSOLETE,6,2
drivers/net/can/sun4i_can.c,5,5,0,0,0,0,OBSOLETE,16,11
drivers/net/dsa/b53/b53_common.c,5,5,0,0,0,0,OBSOLETE,18,1
drivers/net/ethernet/emulex/benet/be_main.c,5,5,0,0,0,0,OBSOLETE,9,8
drivers/net/ethernet/mellanox/mlx4/en_netdev.c,5,5,0,0,0,0,OBSOLETE,7,19
drivers/net/ethernet/qlogic/qed/qed_cxt.c,5,5,0,0,0,0,OBSOLETE,7,19
drivers/net/ethernet/renesas/sh_eth.c,5,5,0,0,0,0,OBSOLETE,8,0
drivers/net/usb/sr9700.c,5,5,0,0,0,0,OBSOLETE,11,23
drivers/net/wireless/ti/wlcore/main.c,5,5,0,0,0,0,OBSOLETE,8,8
drivers/pci/endpoint/pci-epc-mem.c,5,5,0,0,0,0,OBSOLETE,144,60
drivers/platform/x86/fujitsu-laptop.c,5,5,0,0,0,0,OBSOLETE,29,4
drivers/pps/kapi.c,5,5,0,0,0,0,OBSOLETE,6,9
drivers/spi/spi-loopback-test.c,5,5,0,0,0,0,OBSOLETE,7,7
drivers/usb/gadget/udc/bcm63xx_udc.c,5,5,0,0,0,0,OBSOLETE,8,8
drivers/usb/host/ohci-nxp.c,5,5,0,0,0,0,OBSOLETE,6,14
drivers/usb/serial/mct_u232.c,5,5,0,0,0,0,OBSOLETE,16,10
drivers/video/fbdev/udlfb.c,5,5,0,0,0,0,OBSOLETE,33,1
drivers/xen/xenbus/xenbus_xs.c,5,5,0,0,0,0,OBSOLETE,16,2
fs/ext4/fsmap.c,5,5,0,0,0,0,OBSOLETE,29,8
fs/nilfs2/dir.c,5,5,0,0,0,0,OBSOLETE,12,14
fs/ocfs2/journal.c,5,5,0,0,0,0,OBSOLETE,58,22
include/drm/drm_of.h,5,5,0,0,0,0,OBSOLETE,24,0
include/trace/events/cgroup.h,5,5,0,0,0,0,OBSOLETE,61,6
ipc/ipc_sysctl.c,5,5,0,0,0,0,OBSOLETE,5,5
ipc/shm.c,5,5,0,0,0,0,OBSOLETE,14,9
kernel/bpf/percpu_freelist.c,5,5,0,0,0,0,OBSOLETE,116,29
kernel/events/callchain.c,5,5,0,0,0,0,OBSOLETE,7,8
net/802/mrp.c,5,5,0,0,0,0,OBSOLETE,12,3
net/atm/signaling.c,5,5,0,0,0,0,OBSOLETE,54,2
net/openvswitch/actions.c,5,5,0,0,0,0,OBSOLETE,5,70
net/phonet/pn_netlink.c,5,5,0,0,0,0,OBSOLETE,12,11
net/vmw_vsock/vmci_transport.c,5,5,0,0,0,0,OBSOLETE,7,5
scripts/genksyms/genksyms.c,5,5,0,0,0,0,OBSOLETE,9,2
sound/soc/codecs/es8328.c,5,5,0,0,0,0,OBSOLETE,12,13
sound/usb/caiaq/control.c,5,5,0,0,0,0,OBSOLETE,36,16
tools/power/x86/x86_energy_perf_policy/x86_energy_perf_policy.c,5,5,0,0,0,0,OBSOLETE,18,8
drivers/acpi/acpica/evxfregn.c,4,4,0,0,0,0,OBSOLETE,85,7
drivers/acpi/acpica/exoparg3.c,4,4,0,0,0,0,OBSOLETE,18,28
drivers/acpi/acpica/psobject.c,4,4,0,0,0,0,OBSOLETE,15,37
drivers/base/power/sysfs.c,4,4,0,0,0,0,OBSOLETE,12,0
drivers/base/regmap/regmap.c,4,4,0,0,0,0,OBSOLETE,17,3
drivers/gpio/gpio-sprd.c,4,4,0,0,0,0,OBSOLETE,4,4
drivers/gpu/drm/bridge/adv7511/adv7511_audio.c,4,4,0,0,0,0,OBSOLETE,26,2
drivers/hid/usbhid/hid-core.c,4,4,0,0,0,0,OBSOLETE,31,13
drivers/hv/hv_kvp.c,4,4,0,0,0,0,OBSOLETE,19,12
drivers/hv/vmbus_drv.c,4,4,0,0,0,0,OBSOLETE,18,5
drivers/hwmon/w83l786ng.c,4,4,0,0,0,0,OBSOLETE,18,8
drivers/iio/adc/max1363.c,4,4,0,0,0,0,OBSOLETE,21,22
drivers/infiniband/core/mad.c,4,4,0,0,0,0,OBSOLETE,20,18
drivers/media/platform/omap3isp/isppreview.c,4,4,0,0,0,0,OBSOLETE,20,25
drivers/media/rc/lirc_dev.c,4,4,0,0,0,0,OBSOLETE,8,7
drivers/mtd/lpddr/lpddr_cmds.c,4,4,0,0,0,0,OBSOLETE,4,4
drivers/mtd/nand/raw/atmel/pmecc.c,4,4,0,0,0,0,OBSOLETE,7,3
drivers/net/arcnet/com20020-pci.c,4,4,0,0,0,0,OBSOLETE,31,2
drivers/net/ethernet/cavium/liquidio/octeon_console.c,4,4,0,0,0,0,OBSOLETE,8,8
drivers/net/ethernet/ti/netcp_ethss.c,4,4,0,0,0,0,OBSOLETE,16,16
drivers/net/ieee802154/ca8210.c,4,4,0,0,0,0,OBSOLETE,9,6
drivers/net/phy/phy_led_triggers.c,4,4,0,0,0,0,OBSOLETE,13,10
drivers/net/usb/kaweth.c,4,4,0,0,0,0,OBSOLETE,13,2
drivers/net/usb/qmi_wwan.c,4,4,0,0,0,0,OBSOLETE,15,0
drivers/net/usb/rtl8150.c,4,4,0,0,0,0,OBSOLETE,22,5
drivers/net/wireless/ath/ath10k/ce.c,4,4,0,0,0,0,OBSOLETE,8,8
drivers/net/wireless/intel/iwlwifi/dvm/main.c,4,4,0,0,0,0,OBSOLETE,9,2
drivers/net/wireless/mac80211_hwsim.h,4,4,0,0,0,0,OBSOLETE,29,4
drivers/net/wireless/realtek/rtl818x/rtl8187/dev.c,4,4,0,0,0,0,OBSOLETE,21,9
drivers/pci/controller/pcie-rcar.c,4,4,0,0,0,0,OBSOLETE,40,1184
drivers/pinctrl/mediatek/pinctrl-mt7622.c,4,4,0,0,0,0,OBSOLETE,223,1184
drivers/pinctrl/meson/pinctrl-meson-gxl.c,4,4,0,0,0,0,OBSOLETE,10,0
drivers/powercap/powercap_sys.c,4,4,0,0,0,0,OBSOLETE,14,9
drivers/scsi/ipr.c,4,4,0,0,0,0,OBSOLETE,27,1
drivers/spi/spi-sun4i.c,4,4,0,0,0,0,OBSOLETE,13,2
drivers/target/iscsi/iscsi_target_parameters.c,4,4,0,0,0,0,OBSOLETE,48,14
drivers/tty/hvc/hvc_iucv.c,4,4,0,0,0,0,OBSOLETE,5,6
drivers/usb/dwc2/hcd.c,4,4,0,0,0,0,OBSOLETE,9,11
drivers/usb/host/max3421-hcd.c,4,4,0,0,0,0,OBSOLETE,19,6
drivers/usb/serial/ftdi_sio_ids.h,4,4,0,0,0,0,OBSOLETE,24,0
drivers/usb/serial/kobil_sct.c,4,4,0,0,0,0,OBSOLETE,9,9
drivers/usb/storage/unusual_devs.h,4,4,0,0,0,0,OBSOLETE,40,3
drivers/video/fbdev/core/bitblit.c,4,4,0,0,0,0,OBSOLETE,29,4
fs/affs/file.c,4,4,0,0,0,0,OBSOLETE,5,4
fs/binfmt_misc.c,4,4,0,0,0,0,OBSOLETE,15,5
fs/f2fs/node.h,4,4,0,0,0,0,OBSOLETE,6,6
fs/hpfs/namei.c,4,4,0,0,0,0,OBSOLETE,12,6
fs/nfs/blocklayout/extent_tree.c,4,4,0,0,0,0,OBSOLETE,16,6
fs/nfs/flexfilelayout/flexfilelayoutdev.c,4,4,0,0,0,0,OBSOLETE,4,4
fs/nilfs2/namei.c,4,4,0,0,0,0,OBSOLETE,25,17
fs/nls/nls_base.c,4,4,0,0,0,0,OBSOLETE,19,8
fs/ocfs2/dir.c,4,4,0,0,0,0,OBSOLETE,23,6
fs/ocfs2/extent_map.c,4,4,0,0,0,0,OBSOLETE,9,1
fs/ocfs2/localalloc.c,4,4,0,0,0,0,OBSOLETE,3,22
fs/ocfs2/ocfs2.h,4,4,0,0,0,0,OBSOLETE,18,3
fs/ocfs2/resize.c,4,4,0,0,0,0,OBSOLETE,14,8
fs/orangefs/orangefs-debugfs.c,4,4,0,0,0,0,OBSOLETE,6,6
include/asm-generic/qrwlock.h,4,4,0,0,0,0,OBSOLETE,7,6
include/linux/eeprom_93cx6.h,4,4,0,0,0,0,OBSOLETE,11,0
include/linux/if_vlan.h,4,4,0,0,0,0,OBSOLETE,16,6
include/linux/spinlock_api_smp.h,4,4,0,0,0,0,OBSOLETE,4,4
include/media/media-device.h,4,4,0,0,0,0,OBSOLETE,29,0
include/uapi/linux/loop.h,4,4,0,0,0,0,OBSOLETE,29,2
kernel/trace/trace_event_perf.c,4,4,0,0,0,0,OBSOLETE,10,5
kernel/trace/trace_output.c,4,4,0,0,0,0,OBSOLETE,9,12
kernel/trace/tracing_map.c,4,4,0,0,0,0,OBSOLETE,14,9
net/8021q/vlan.c,4,4,0,0,0,0,OBSOLETE,37,10
net/batman-adv/hard-interface.c,4,4,0,0,0,0,OBSOLETE,4,4
net/bridge/netfilter/ebtables.c,4,4,0,0,0,0,OBSOLETE,32,4
net/ceph/crush/crush.c,4,4,0,0,0,0,OBSOLETE,1,5
net/core/pktgen.c,4,4,0,0,0,0,OBSOLETE,8,5
net/ipv6/icmp.c,4,4,0,0,0,0,OBSOLETE,7,6
net/netfilter/ipset/ip_set_list_set.c,4,4,0,0,0,0,OBSOLETE,5,2
net/netfilter/ipvs/ip_vs_xmit.c,4,4,0,0,0,0,OBSOLETE,18,4
net/nfc/llcp_core.c,4,4,0,0,0,0,OBSOLETE,13,0
net/rds/connection.c,4,4,0,0,0,0,OBSOLETE,18,0
net/sched/act_ife.c,4,4,0,0,0,0,OBSOLETE,11,7
net/sched/sch_drr.c,4,4,0,0,0,0,OBSOLETE,4,3
net/sunrpc/auth_gss/gss_rpc_xdr.c,4,4,0,0,0,0,OBSOLETE,64,18
scripts/dtc/data.c,4,4,0,0,0,0,OBSOLETE,7,20
sound/soc/qcom/qdsp6/q6adm.c,4,4,0,0,0,0,OBSOLETE,71,75
Documentation/admin-guide/LSM/index.rst,3,3,0,0,0,0,OBSOLETE,11,3
arch/arm64/kernel/kgdb.c,3,3,0,0,0,0,OBSOLETE,10,12
crypto/algif_skcipher.c,3,3,0,0,0,0,OBSOLETE,3,3
crypto/pcrypt.c,3,3,0,0,0,0,OBSOLETE,5,2
drivers/acpi/acpica/dsmethod.c,3,3,0,0,0,0,OBSOLETE,8,9
drivers/acpi/acpica/dsutils.c,3,3,0,0,0,0,OBSOLETE,8,1
drivers/acpi/nfit/core.c,3,3,0,0,0,0,OBSOLETE,3,11
drivers/atm/atmtcp.c,3,3,0,0,0,0,OBSOLETE,14,1
drivers/atm/idt77252.c,3,3,0,0,0,0,OBSOLETE,5,0
drivers/block/drbd/drbd_actlog.c,3,3,0,0,0,0,OBSOLETE,23,30
drivers/clk/mediatek/clk-mt2712.c,3,3,0,0,0,0,OBSOLETE,6,2
drivers/clk/nxp/clk-lpc18xx-cgu.c,3,3,0,0,0,0,OBSOLETE,11,9
drivers/clk/renesas/renesas-cpg-mssr.h,3,3,0,0,0,0,OBSOLETE,7,0
drivers/cpufreq/s3c64xx-cpufreq.c,3,3,0,0,0,0,OBSOLETE,7,4
drivers/crypto/atmel-tdes.c,3,3,0,0,0,0,OBSOLETE,5,5
drivers/dma/bcm-sba-raid.c,3,3,0,0,0,0,OBSOLETE,5,1
drivers/dma/lpc18xx-dmamux.c,3,3,0,0,0,0,OBSOLETE,14,5
drivers/dma/ti/dma-crossbar.c,3,3,0,0,0,0,OBSOLETE,12,6
drivers/gpio/gpio-stmpe.c,3,3,0,0,0,0,OBSOLETE,12,3
drivers/gpu/drm/amd/amdgpu/gfx_v6_0.c,3,3,0,0,0,0,OBSOLETE,66,2
drivers/gpu/drm/amd/amdgpu/gmc_v7_0.c,3,3,0,0,0,0,OBSOLETE,3,4
drivers/gpu/drm/amd/amdgpu/gmc_v8_0.c,3,3,0,0,0,0,OBSOLETE,3,4
drivers/gpu/drm/amd/amdkfd/kfd_events.c,3,3,0,0,0,0,OBSOLETE,8,2
drivers/gpu/drm/radeon/ci_dpm.c,3,3,0,0,0,0,OBSOLETE,6,3
drivers/gpu/drm/radeon/r600_cs.c,3,3,0,0,0,0,OBSOLETE,3,3
drivers/gpu/drm/rcar-du/rcar_lvds_regs.h,3,3,0,0,0,0,OBSOLETE,40,3
drivers/hwmon/w83791d.c,3,3,0,0,0,0,OBSOLETE,11,6
drivers/i2c/busses/i2c-stm32.c,3,3,0,0,0,0,OBSOLETE,3,5
drivers/iio/adc/exynos_adc.c,3,3,0,0,0,0,OBSOLETE,2,11
drivers/iio/adc/xilinx-xadc-core.c,3,3,0,0,0,0,OBSOLETE,9,2
drivers/iio/common/ssp_sensors/ssp_dev.c,3,3,0,0,0,0,OBSOLETE,4,1
drivers/infiniband/core/sa_query.c,3,3,0,0,0,0,OBSOLETE,4,2
drivers/infiniband/hw/bnxt_re/ib_verbs.c,3,3,0,0,0,0,OBSOLETE,16,14
drivers/infiniband/hw/mlx4/alias_GUID.c,3,3,0,0,0,0,OBSOLETE,3,3
drivers/infiniband/hw/usnic/usnic_ib_main.c,3,3,0,0,0,0,OBSOLETE,7,7
drivers/infiniband/ulp/srp/ib_srp.c,3,3,0,0,0,0,OBSOLETE,24,6
drivers/iommu/iommu-sysfs.c,3,3,0,0,0,0,OBSOLETE,3,0
drivers/isdn/mISDN/timerdev.c,3,3,0,0,0,0,OBSOLETE,8,5
drivers/mailbox/mailbox-test.c,3,3,0,0,0,0,OBSOLETE,19,11
drivers/md/dm-raid1.c,3,3,0,0,0,0,OBSOLETE,5,6
drivers/md/md-bitmap.c,3,3,0,0,0,0,OBSOLETE,3,2
drivers/md/persistent-data/dm-array.c,3,3,0,0,0,0,OBSOLETE,12,7
drivers/md/raid10.c,3,3,0,0,0,0,OBSOLETE,3,1
drivers/media/dvb-core/dmxdev.c,3,3,0,0,0,0,OBSOLETE,7,5
drivers/media/pci/solo6x10/solo6x10-tw28.c,3,3,0,0,0,0,OBSOLETE,7,1
drivers/media/rc/rc-main.c,3,3,0,0,0,0,OBSOLETE,3,3
drivers/media/usb/uvc/uvc_queue.c,3,3,0,0,0,0,OBSOLETE,4,4
drivers/media/v4l2-core/videobuf-dma-contig.c,3,3,0,0,0,0,OBSOLETE,7,6
drivers/memstick/core/memstick.c,3,3,0,0,0,0,OBSOLETE,7,3
drivers/mfd/sm501.c,3,3,0,0,0,0,OBSOLETE,3,3
drivers/mmc/core/sd_ops.c,3,3,0,0,0,0,OBSOLETE,47,2
drivers/net/can/spi/hi311x.c,3,3,0,0,0,0,OBSOLETE,5,1
drivers/net/can/usb/kvaser_usb/kvaser_usb_core.c,3,3,0,0,0,0,OBSOLETE,9,1
drivers/net/can/usb/ucan.c,3,3,0,0,0,0,OBSOLETE,4,4
drivers/net/ethernet/amd/xgbe/xgbe-dev.c,3,3,0,0,0,0,OBSOLETE,22,2
drivers/net/ethernet/amd/xgbe/xgbe.h,3,3,0,0,0,0,OBSOLETE,6,5
drivers/net/ethernet/cavium/thunder/thunder_bgx.c,3,3,0,0,0,0,OBSOLETE,14,10
drivers/net/ethernet/intel/igb/igb_ethtool.c,3,3,0,0,0,0,OBSOLETE,3,6
drivers/net/ethernet/natsemi/ns83820.c,3,3,0,0,0,0,OBSOLETE,6,7
drivers/net/ethernet/qlogic/qlcnic/qlcnic_sriov_common.c,3,3,0,0,0,0,OBSOLETE,11,4
drivers/net/ethernet/ti/netcp_core.c,3,3,0,0,0,0,OBSOLETE,5,5
drivers/net/fjes/fjes_hw.c,3,3,0,0,0,0,OBSOLETE,9,3
drivers/net/vmxnet3/vmxnet3_drv.c,3,3,0,0,0,0,OBSOLETE,3,2
drivers/net/wireless/realtek/rtl8xxxu/rtl8xxxu_core.c,3,3,0,0,0,0,OBSOLETE,2,10
drivers/net/wireless/realtek/rtlwifi/base.c,3,3,0,0,0,0,OBSOLETE,6,7
drivers/ntb/hw/idt/ntb_hw_idt.c,3,3,0,0,0,0,OBSOLETE,7,11
drivers/nvdimm/claim.c,3,3,0,0,0,0,OBSOLETE,5,11
drivers/parisc/lasi.c,3,3,0,0,0,0,OBSOLETE,8,4
drivers/parport/parport_pc.c,3,3,0,0,0,0,OBSOLETE,5,0
drivers/parport/share.c,3,3,0,0,0,0,OBSOLETE,9,2
drivers/pcmcia/rsrc_nonstatic.c,3,3,0,0,0,0,OBSOLETE,6,4
drivers/pps/clients/pps-ldisc.c,3,3,0,0,0,0,OBSOLETE,3,3
drivers/pps/kc.c,3,3,0,0,0,0,OBSOLETE,5,5
drivers/scsi/libiscsi.c,3,3,0,0,0,0,OBSOLETE,33,9
drivers/scsi/scsi_sysfs.c,3,3,0,0,0,0,OBSOLETE,4,3
drivers/scsi/ses.c,3,3,0,0,0,0,OBSOLETE,3,4
drivers/spi/spi-lantiq-ssc.c,3,3,0,0,0,0,OBSOLETE,7,1
drivers/spi/spi-tegra114.c,3,3,0,0,0,0,OBSOLETE,7,1
drivers/tty/serial/pch_uart.c,3,3,0,0,0,0,OBSOLETE,14,7
drivers/usb/class/usblp.c,3,3,0,0,0,0,OBSOLETE,6,4
drivers/usb/misc/yurex.c,3,3,0,0,0,0,OBSOLETE,5,2
drivers/usb/musb/musb_core.h,3,3,0,0,0,0,OBSOLETE,13,4
drivers/usb/renesas_usbhs/common.h,3,3,0,0,0,0,OBSOLETE,4,1
drivers/usb/serial/belkin_sa.c,3,3,0,0,0,0,OBSOLETE,20,11
drivers/usb/serial/cypress_m8.c,3,3,0,0,0,0,OBSOLETE,19,1
drivers/usb/serial/io_edgeport.c,3,3,0,0,0,0,OBSOLETE,3,0
drivers/usb/serial/usb-serial-simple.c,3,3,0,0,0,0,OBSOLETE,7,0
drivers/usb/storage/unusual_uas.h,3,3,0,0,0,0,OBSOLETE,22,1
drivers/usb/typec/altmodes/displayport.c,3,3,0,0,0,0,OBSOLETE,6,1
drivers/vhost/net.c,3,3,0,0,0,0,OBSOLETE,7,2
drivers/video/fbdev/ffb.c,3,3,0,0,0,0,OBSOLETE,13,1
drivers/xen/xenfs/super.c,3,3,0,0,0,0,OBSOLETE,15,6
fs/configfs/mount.c,3,3,0,0,0,0,OBSOLETE,15,5
fs/f2fs/shrinker.c,3,3,0,0,0,0,OBSOLETE,3,6
fs/hfs/brec.c,3,3,0,0,0,0,OBSOLETE,23,4
fs/nfs/blocklayout/blocklayout.c,3,3,0,0,0,0,OBSOLETE,3,5
fs/nfs/filelayout/filelayoutdev.c,3,3,0,0,0,0,OBSOLETE,3,3
fs/nfs/pnfs_nfs.c,3,3,0,0,0,0,OBSOLETE,5,4
fs/nfsd/nfs4callback.c,3,3,0,0,0,0,OBSOLETE,2,3
fs/nilfs2/page.c,3,3,0,0,0,0,OBSOLETE,32,23
fs/ocfs2/alloc.c,3,3,0,0,0,0,OBSOLETE,9,2
fs/ocfs2/quota_global.c,3,3,0,0,0,0,OBSOLETE,7,2
fs/ocfs2/suballoc.c,3,3,0,0,0,0,OBSOLETE,32,0
fs/pstore/ram_core.c,3,3,0,0,0,0,OBSOLETE,22,0
fs/ubifs/crypto.c,3,3,0,0,0,0,OBSOLETE,10,9
include/linux/kvm_host.h,3,3,0,0,0,0,OBSOLETE,12,2
include/linux/page_idle.h,3,3,0,0,0,0,OBSOLETE,3,3
include/linux/timekeeper_internal.h,3,3,0,0,0,0,OBSOLETE,5,0
include/uapi/linux/if_link.h,3,3,0,0,0,0,OBSOLETE,4,1
include/uapi/linux/in6.h,3,3,0,0,0,0,OBSOLETE,2,2
kernel/cgroup/rdma.c,3,3,0,0,0,0,OBSOLETE,2,5
lib/sha1.c,3,3,0,0,0,0,OBSOLETE,12,10
net/atm/common.c,3,3,0,0,0,0,OBSOLETE,14,14
net/batman-adv/bat_v_ogm.c,3,3,0,0,0,0,OBSOLETE,25,15
net/batman-adv/distributed-arp-table.c,3,3,0,0,0,0,OBSOLETE,12,3
net/caif/cfctrl.c,3,3,0,0,0,0,OBSOLETE,144,150
net/ipv4/arp.c,3,3,0,0,0,0,OBSOLETE,7,4
net/ipv4/netfilter/arp_tables.c,3,3,0,0,0,0,OBSOLETE,21,12
net/ipv6/ip6_fib.c,3,3,0,0,0,0,OBSOLETE,58,2
net/mac80211/mesh_hwmp.c,3,3,0,0,0,0,OBSOLETE,4,2
net/mac802154/llsec.c,3,3,0,0,0,0,OBSOLETE,14,0
net/ncsi/internal.h,3,3,0,0,0,0,OBSOLETE,11,12
net/netfilter/ipset/ip_set_core.c,3,3,0,0,0,0,OBSOLETE,7,2
net/netfilter/ipvs/ip_vs_ftp.c,3,3,0,0,0,0,OBSOLETE,3,1
net/netfilter/nf_conntrack_h323_asn1.c,3,3,0,0,0,0,OBSOLETE,5,1
net/netfilter/nf_conntrack_helper.c,3,3,0,0,0,0,OBSOLETE,3,3
net/netfilter/xt_connlimit.c,3,3,0,0,0,0,OBSOLETE,3,11
net/netfilter/xt_multiport.c,3,3,0,0,0,0,OBSOLETE,30,4
net/netrom/nr_route.c,3,3,0,0,0,0,OBSOLETE,15,4
net/nfc/core.c,3,3,0,0,0,0,OBSOLETE,30,4
net/nfc/nci/data.c,3,3,0,0,0,0,OBSOLETE,8,4
net/nfc/nci/hci.c,3,3,0,0,0,0,OBSOLETE,12,0
net/phonet/pep.c,3,3,0,0,0,0,OBSOLETE,18,3
net/rxrpc/af_rxrpc.c,3,3,0,0,0,0,OBSOLETE,1,7
net/sched/cls_u32.c,3,3,0,0,0,0,OBSOLETE,6,7
net/sctp/stream.c,3,3,0,0,0,0,OBSOLETE,6,2
net/smc/af_smc.c,3,3,0,0,0,0,OBSOLETE,9,2
net/strparser/strparser.c,3,3,0,0,0,0,OBSOLETE,10,10
net/tipc/udp_media.c,3,3,0,0,0,0,OBSOLETE,3,3
scripts/config,3,3,0,0,0,0,OBSOLETE,16,10
scripts/dtc/srcpos.h,3,3,0,0,0,0,OBSOLETE,8,22
scripts/gcc-plugins/randomize_layout_plugin.c,3,3,0,0,0,0,OBSOLETE,12,28
scripts/genksyms/parse.y,3,3,0,0,0,0,OBSOLETE,14,4
scripts/kconfig/gconf.c,3,3,0,0,0,0,OBSOLETE,5,3
security/apparmor/task.c,3,3,0,0,0,0,OBSOLETE,3,3
security/selinux/ibpkey.c,3,3,0,0,0,0,OBSOLETE,2,12
security/selinux/netnode.c,3,3,0,0,0,0,OBSOLETE,2,12
security/selinux/netport.c,3,3,0,0,0,0,OBSOLETE,2,12
security/selinux/xfrm.c,3,3,0,0,0,0,OBSOLETE,3,3
sound/soc/codecs/hdac_hdmi.c,3,3,0,0,0,0,OBSOLETE,6,4
sound/soc/codecs/hdmi-codec.c,3,3,0,0,0,0,OBSOLETE,78,64
sound/usb/6fire/chip.c,3,3,0,0,0,0,OBSOLETE,12,5
tools/power/cpupower/lib/cpuidle.c,3,3,0,0,0,0,OBSOLETE,4,2
tools/testing/nvdimm/test/nfit.c,3,3,0,0,0,0,OBSOLETE,7,10
Documentation/translations/zh_CN/video4linux/v4l2-framework.txt,2,2,0,0,0,0,OBSOLETE,2,2
arch/arm64/include/asm/checksum.h,2,2,0,0,0,0,OBSOLETE,9,1
arch/arm64/include/asm/efi.h,2,2,0,0,0,0,OBSOLETE,3,0
block/partitions/mac.c,2,2,0,0,0,0,OBSOLETE,15,3
crypto/algif_hash.c,2,2,0,0,0,0,OBSOLETE,1,6
crypto/asymmetric_keys/asymmetric_type.c,2,2,0,0,0,0,OBSOLETE,10,4
drivers/acpi/osi.c,2,2,0,0,0,0,OBSOLETE,13,1
drivers/acpi/pptt.c,2,2,0,0,0,0,OBSOLETE,10,5
drivers/acpi/processor_idle.c,2,2,0,0,0,0,OBSOLETE,6,1
drivers/acpi/resource.c,2,2,0,0,0,0,OBSOLETE,3,3
drivers/android/binder_alloc_selftest.c,2,2,0,0,0,0,OBSOLETE,5,4
drivers/ata/libata-scsi.c,2,2,0,0,0,0,OBSOLETE,16,12
drivers/atm/eni.c,2,2,0,0,0,0,OBSOLETE,0,17
drivers/atm/iphase.c,2,2,0,0,0,0,OBSOLETE,0,16
drivers/atm/zatm.c,2,2,0,0,0,0,OBSOLETE,0,16
drivers/base/regmap/regmap-slimbus.c,2,2,0,0,0,0,OBSOLETE,2,4
drivers/block/drbd/drbd_nl.c,2,2,0,0,0,0,OBSOLETE,6,2
drivers/char/misc.c,2,2,0,0,0,0,OBSOLETE,5,3
drivers/char/virtio_console.c,2,2,0,0,0,0,OBSOLETE,4,3
drivers/clk/clk-qoriq.c,2,2,0,0,0,0,OBSOLETE,9,8
drivers/clk/imx/clk-imx6q.c,2,2,0,0,0,0,OBSOLETE,4,0
drivers/clk/microchip/clk-core.c,2,2,0,0,0,0,OBSOLETE,12,13
drivers/clk/renesas/clk-mstp.c,2,2,0,0,0,0,OBSOLETE,2,2
drivers/cpufreq/cpufreq-nforce2.c,2,2,0,0,0,0,OBSOLETE,3,0
drivers/dax/super.c,2,2,0,0,0,0,OBSOLETE,11,15
drivers/dma/at_hdmac.c,2,2,0,0,0,0,OBSOLETE,7,2
drivers/dma/tegra210-adma.c,2,2,0,0,0,0,OBSOLETE,9,1
drivers/dma/ti/omap-dma.c,2,2,0,0,0,0,OBSOLETE,4,0
drivers/edac/i3200_edac.c,2,2,0,0,0,0,OBSOLETE,6,5
drivers/edac/x38_edac.c,2,2,0,0,0,0,OBSOLETE,6,3
drivers/firmware/arm_scmi/scmi_pm_domain.c,2,2,0,0,0,0,OBSOLETE,11,2
drivers/fpga/zynq-fpga.c,2,2,0,0,0,0,OBSOLETE,5,5
drivers/gpio/gpio-omap.c,2,2,0,0,0,0,OBSOLETE,18,4
drivers/gpu/drm/amd/amdgpu/gfx_v9_0.c,2,2,0,0,0,0,OBSOLETE,0,5
drivers/gpu/drm/amd/amdgpu/sdma_v4_0.c,2,2,0,0,0,0,OBSOLETE,2,2
drivers/gpu/drm/amd/display/amdgpu_dm/amdgpu_dm.c,2,2,0,0,0,0,OBSOLETE,12,6
drivers/gpu/drm/amd/display/dc/dml/dml_inline_defs.h,2,2,0,0,0,0,OBSOLETE,8,0
drivers/gpu/drm/atmel-hlcdc/atmel_hlcdc_plane.c,2,2,0,0,0,0,OBSOLETE,2,4
drivers/gpu/drm/drm_drv.c,2,2,0,0,0,0,OBSOLETE,4,16
drivers/gpu/drm/drm_ioc32.c,2,2,0,0,0,0,OBSOLETE,2,0
drivers/gpu/drm/etnaviv/etnaviv_gem.c,2,2,0,0,0,0,OBSOLETE,14,2
drivers/gpu/drm/gma500/oaktrail_hdmi.c,2,2,0,0,0,0,OBSOLETE,2,1
drivers/gpu/drm/nouveau/nouveau_connector.c,2,2,0,0,0,0,OBSOLETE,3,1
drivers/gpu/drm/radeon/radeon_gem.c,2,2,0,0,0,0,OBSOLETE,5,3
drivers/gpu/drm/tegra/dc.c,2,2,0,0,0,0,OBSOLETE,8,4
drivers/gpu/drm/tegra/hdmi.c,2,2,0,0,0,0,OBSOLETE,2,2
drivers/gpu/drm/tegra/rgb.c,2,2,0,0,0,0,OBSOLETE,13,1
drivers/gpu/drm/tegra/sor.c,2,2,0,0,0,0,OBSOLETE,2,2
drivers/hid/hid-asus.c,2,2,0,0,0,0,OBSOLETE,19,17
drivers/hid/hid-hyperv.c,2,2,0,0,0,0,OBSOLETE,3,2
drivers/hid/hid-roccat.c,2,2,0,0,0,0,OBSOLETE,2,0
drivers/hwmon/ad7314.c,2,2,0,0,0,0,OBSOLETE,10,0
drivers/hwmon/xgene-hwmon.c,2,2,0,0,0,0,OBSOLETE,2,2
drivers/i2c/busses/i2c-ali1535.c,2,2,0,0,0,0,OBSOLETE,11,1
drivers/i2c/busses/i2c-ali15x3.c,2,2,0,0,0,0,OBSOLETE,11,1
drivers/i2c/busses/i2c-pnx.c,2,2,0,0,0,0,OBSOLETE,2,2
drivers/i2c/busses/i2c-robotfuzz-osif.c,2,2,0,0,0,0,OBSOLETE,6,0
drivers/i2c/busses/i2c-tiny-usb.c,2,2,0,0,0,0,OBSOLETE,6,0
drivers/iio/accel/mma8452.c,2,2,0,0,0,0,OBSOLETE,7,3
drivers/iio/buffer/industrialio-hw-consumer.c,2,2,0,0,0,0,OBSOLETE,2,2
drivers/iio/dac/max5821.c,2,2,0,0,0,0,OBSOLETE,8,1
drivers/iio/frequency/adf4350.c,2,2,0,0,0,0,OBSOLETE,13,7
drivers/iio/inkern.c,2,2,0,0,0,0,OBSOLETE,2,2
drivers/iio/light/opt3001.c,2,2,0,0,0,0,OBSOLETE,3,2
drivers/infiniband/core/iwpm_msg.c,2,2,0,0,0,0,OBSOLETE,3,3
drivers/input/misc/ims-pcu.c,2,2,0,0,0,0,OBSOLETE,7,1
drivers/input/misc/sparcspkr.c,2,2,0,0,0,0,OBSOLETE,16,6
drivers/input/tablet/pegasus_notetaker.c,2,2,0,0,0,0,OBSOLETE,10,1
drivers/iommu/msm_iommu.c,2,2,0,0,0,0,OBSOLETE,1,1
drivers/isdn/hardware/mISDN/hfcsusb.c,2,2,0,0,0,0,OBSOLETE,13,5
drivers/mailbox/bcm-flexrm-mailbox.c,2,2,0,0,0,0,OBSOLETE,2,12
drivers/md/dm-cache-metadata.c,2,2,0,0,0,0,OBSOLETE,8,5
drivers/md/dm-ioctl.c,2,2,0,0,0,0,OBSOLETE,5,1
drivers/md/dm-log.c,2,2,0,0,0,0,OBSOLETE,5,1
drivers/md/dm-mpath.c,2,2,0,0,0,0,OBSOLETE,1,1
drivers/md/dm-raid.c,2,2,0,0,0,0,OBSOLETE,3,1
drivers/media/dvb-frontends/dib8000.c,2,2,0,0,0,0,OBSOLETE,6,3
drivers/media/dvb-frontends/rtl2832_sdr.c,2,2,0,0,0,0,OBSOLETE,3,2
drivers/media/i2c/adv7604.c,2,2,0,0,0,0,OBSOLETE,1,3
drivers/media/i2c/ov7251.c,2,2,0,0,0,0,OBSOLETE,3,1
drivers/media/pci/ivtv/ivtv-irq.c,2,2,0,0,0,0,OBSOLETE,2,2
drivers/media/platform/davinci/vpif_capture.c,2,2,0,0,0,0,OBSOLETE,2,2
drivers/media/platform/omap3isp/ispccdc.c,2,2,0,0,0,0,OBSOLETE,4,4
drivers/media/platform/omap3isp/ispstat.c,2,2,0,0,0,0,OBSOLETE,2,4
drivers/media/platform/rcar_drif.c,2,2,0,0,0,0,OBSOLETE,2,1
drivers/media/platform/s3c-camif/camif-capture.c,2,2,0,0,0,0,OBSOLETE,2,2
drivers/media/radio/radio-keene.c,2,2,0,0,0,0,OBSOLETE,1,1
drivers/media/usb/cx231xx/cx231xx-417.c,2,2,0,0,0,0,OBSOLETE,3,1
drivers/media/usb/em28xx/em28xx-video.c,2,2,0,0,0,0,OBSOLETE,10,4
drivers/media/usb/gspca/vicam.c,2,2,0,0,0,0,OBSOLETE,8,2
drivers/media/usb/hackrf/hackrf.c,2,2,0,0,0,0,OBSOLETE,4,3
drivers/media/usb/pvrusb2/pvrusb2-hdw.c,2,2,0,0,0,0,OBSOLETE,6,1
drivers/media/v4l2-core/v4l2-dv-timings.c,2,2,0,0,0,0,OBSOLETE,2,2
drivers/media/v4l2-core/videobuf-core.c,2,2,0,0,0,0,OBSOLETE,2,2
drivers/mfd/madera-core.c,2,2,0,0,0,0,OBSOLETE,2,2
drivers/misc/cardreader/rtsx_usb.c,2,2,0,0,0,0,OBSOLETE,9,1
drivers/misc/cxl/api.c,2,2,0,0,0,0,OBSOLETE,4,9
drivers/misc/cxl/cxllib.c,2,2,0,0,0,0,OBSOLETE,2,2
drivers/misc/cxl/fault.c,2,2,0,0,0,0,OBSOLETE,2,2
drivers/misc/eeprom/eeprom_93cx6.c,2,2,0,0,0,0,OBSOLETE,10,0
drivers/misc/sgi-gru/grufile.c,2,2,0,0,0,0,OBSOLETE,2,2
drivers/mtd/nand/raw/atmel/nand-controller.c,2,2,0,0,0,0,OBSOLETE,15,5
drivers/mtd/nand/raw/fsmc_nand.c,2,2,0,0,0,0,OBSOLETE,7,1
drivers/mtd/ubi/io.c,2,2,0,0,0,0,OBSOLETE,2,2
drivers/net/can/usb/kvaser_usb/kvaser_usb_leaf.c,2,2,0,0,0,0,OBSOLETE,2,2
drivers/net/can/usb/mcba_usb.c,2,2,0,0,0,0,OBSOLETE,8,1
drivers/net/ethernet/amd/pcnet32.c,2,2,0,0,0,0,OBSOLETE,3,1
drivers/net/ethernet/apm/xgene-v2/main.c,2,2,0,0,0,0,OBSOLETE,1,3
drivers/net/ethernet/broadcom/genet/bcmgenet.c,2,2,0,0,0,0,OBSOLETE,7,8
drivers/net/ethernet/cadence/macb_pci.c,2,2,0,0,0,0,OBSOLETE,6,4
drivers/net/ethernet/cirrus/cs89x0.c,2,2,0,0,0,0,OBSOLETE,0,2
drivers/net/ethernet/dlink/dl2k.h,2,2,0,0,0,0,OBSOLETE,3,1
drivers/net/ethernet/ibm/ibmveth.c,2,2,0,0,0,0,OBSOLETE,22,0
drivers/net/ethernet/intel/e1000/e1000_ethtool.c,2,2,0,0,0,0,OBSOLETE,7,1
drivers/net/ethernet/intel/e1000/e1000_main.c,2,2,0,0,0,0,OBSOLETE,9,3
drivers/net/ethernet/intel/e1000e/ethtool.c,2,2,0,0,0,0,OBSOLETE,7,3
drivers/net/ethernet/intel/e1000e/netdev.c,2,2,0,0,0,0,OBSOLETE,1,2
drivers/net/ethernet/mellanox/mlx4/alloc.c,2,2,0,0,0,0,OBSOLETE,3,3
drivers/net/ethernet/mellanox/mlx4/en_ethtool.c,2,2,0,0,0,0,OBSOLETE,2,1
drivers/net/ethernet/mellanox/mlx5/core/diag/fw_tracer.h,2,2,0,0,0,0,OBSOLETE,2,0
drivers/net/ethernet/mellanox/mlx5/core/en/port_buffer.c,2,2,0,0,0,0,OBSOLETE,2,1
drivers/net/ethernet/mellanox/mlx5/core/fs_core.c,2,2,0,0,0,0,OBSOLETE,2,2
drivers/net/ethernet/netronome/nfp/bpf/jit.c,2,2,0,0,0,0,OBSOLETE,5,5
drivers/net/ethernet/qlogic/qede/qede_main.c,2,2,0,0,0,0,OBSOLETE,3,7
drivers/net/ethernet/qualcomm/rmnet/rmnet_config.c,2,2,0,0,0,0,OBSOLETE,4,4
drivers/net/ethernet/rocker/rocker_main.c,2,2,0,0,0,0,OBSOLETE,3,4
drivers/net/ethernet/stmicro/stmmac/chain_mode.c,2,2,0,0,0,0,OBSOLETE,6,5
drivers/net/ethernet/stmicro/stmmac/stmmac_ethtool.c,2,2,0,0,0,0,OBSOLETE,2,2
drivers/net/ethernet/sun/niu.h,2,2,0,0,0,0,OBSOLETE,4,0
drivers/net/ethernet/ti/cpsw_ale.c,2,2,0,0,0,0,OBSOLETE,7,7
drivers/net/ethernet/xilinx/xilinx_axienet.h,2,2,0,0,0,0,OBSOLETE,2,2
drivers/net/ipvlan/ipvlan.h,2,2,0,0,0,0,OBSOLETE,1,1
drivers/net/ppp/ppp_async.c,2,2,0,0,0,0,OBSOLETE,7,7
drivers/net/ppp/ppp_synctty.c,2,2,0,0,0,0,OBSOLETE,9,5
drivers/net/usb/sierra_net.c,2,2,0,0,0,0,OBSOLETE,5,1
drivers/net/usb/sr9700.h,2,2,0,0,0,0,OBSOLETE,1,6
drivers/net/wireless/ath/ath9k/channel.c,2,2,0,0,0,0,OBSOLETE,2,4
drivers/net/wireless/broadcom/brcm80211/brcmfmac/sdio.c,2,2,0,0,0,0,OBSOLETE,4,0
drivers/net/wireless/intel/ipw2x00/libipw_rx.c,2,2,0,0,0,0,OBSOLETE,4,4
drivers/net/wireless/intel/iwlegacy/4965-mac.c,2,2,0,0,0,0,OBSOLETE,6,1
drivers/net/wireless/intersil/p54/fwio.c,2,2,0,0,0,0,OBSOLETE,2,0
drivers/net/wireless/marvell/mwifiex/11n_rxreorder.c,2,2,0,0,0,0,OBSOLETE,3,3
drivers/net/wireless/marvell/mwifiex/cfg80211.c,2,2,0,0,0,0,OBSOLETE,6,6
drivers/net/wireless/marvell/mwifiex/main.c,2,2,0,0,0,0,OBSOLETE,2,2
drivers/net/wireless/realtek/rtl8xxxu/rtl8xxxu_8192c.c,2,2,0,0,0,0,OBSOLETE,1,9
drivers/net/wireless/realtek/rtl8xxxu/rtl8xxxu_8192e.c,2,2,0,0,0,0,OBSOLETE,1,9
drivers/net/wireless/realtek/rtl8xxxu/rtl8xxxu_8723a.c,2,2,0,0,0,0,OBSOLETE,1,9
drivers/net/wireless/realtek/rtl8xxxu/rtl8xxxu_8723b.c,2,2,0,0,0,0,OBSOLETE,1,9
drivers/net/wireless/ti/wl1251/tx.c,2,2,0,0,0,0,OBSOLETE,8,4
drivers/net/wireless/ti/wlcore/tx.c,2,2,0,0,0,0,OBSOLETE,6,1
drivers/net/xen-netback/hash.c,2,2,0,0,0,0,OBSOLETE,2,2
drivers/net/xen-netfront.c,2,2,0,0,0,0,OBSOLETE,4,1
drivers/nfc/pn533/usb.c,2,2,0,0,0,0,OBSOLETE,2,1
drivers/nfc/trf7970a.c,2,2,0,0,0,0,OBSOLETE,2,1
drivers/nvdimm/bus.c,2,2,0,0,0,0,OBSOLETE,4,11
drivers/nvdimm/dax_devs.c,2,2,0,0,0,0,OBSOLETE,3,11
drivers/nvme/target/rdma.c,2,2,0,0,0,0,OBSOLETE,23,10
drivers/pci/pcie/portdrv_core.c,2,2,0,0,0,0,OBSOLETE,8,6
drivers/phy/amlogic/phy-meson-gxl-usb2.c,2,2,0,0,0,0,OBSOLETE,3,2
drivers/phy/samsung/phy-exynos5-usbdrd.c,2,2,0,0,0,0,OBSOLETE,6,6
drivers/pinctrl/devicetree.c,2,2,0,0,0,0,OBSOLETE,8,2
drivers/pinctrl/meson/pinctrl-meson.c,2,2,0,0,0,0,OBSOLETE,2,2
drivers/pinctrl/sunxi/pinctrl-sunxi.c,2,2,0,0,0,0,OBSOLETE,8,3
drivers/power/supply/act8945a_charger.c,2,2,0,0,0,0,OBSOLETE,8,8
drivers/power/supply/max14577_charger.c,2,2,0,0,0,0,OBSOLETE,2,2
drivers/power/supply/rt9455_charger.c,2,2,0,0,0,0,OBSOLETE,9,8
drivers/power/supply/wm831x_power.c,2,2,0,0,0,0,OBSOLETE,8,2
drivers/pps/clients/pps-ktimer.c,2,2,0,0,0,0,OBSOLETE,2,2
drivers/pps/clients/pps_parport.c,2,2,0,0,0,0,OBSOLETE,2,2
drivers/pwm/pwm-tiehrpwm.c,2,2,0,0,0,0,OBSOLETE,2,2
drivers/rapidio/rio-scan.c,2,2,0,0,0,0,OBSOLETE,6,2
drivers/regulator/ad5398.c,2,2,0,0,0,0,OBSOLETE,9,3
drivers/remoteproc/qcom_q6v5.c,2,2,0,0,0,0,OBSOLETE,5,3
drivers/reset/reset-ti-syscon.c,2,2,0,0,0,0,OBSOLETE,2,2
drivers/rpmsg/qcom_glink_native.c,2,2,0,0,0,0,OBSOLETE,8,0
drivers/rtc/rtc-ds1307.c,2,2,0,0,0,0,OBSOLETE,3,7
drivers/scsi/aacraid/aachba.c,2,2,0,0,0,0,OBSOLETE,2,2
drivers/scsi/csiostor/csio_scsi.c,2,2,0,0,0,0,OBSOLETE,2,1
drivers/scsi/ibmvscsi_tgt/libsrp.c,2,2,0,0,0,0,OBSOLETE,4,2
drivers/scsi/mpt3sas/mpt3sas_scsih.c,2,2,0,0,0,0,OBSOLETE,19,0
drivers/scsi/mvsas/mv_sas.c,2,2,0,0,0,0,OBSOLETE,2,2
drivers/scsi/qla2xxx/qla_bsg.c,2,2,0,0,0,0,OBSOLETE,3,12
drivers/scsi/sim710.c,2,2,0,0,0,0,OBSOLETE,2,0
drivers/slimbus/core.c,2,2,0,0,0,0,OBSOLETE,12,7
drivers/spi/spi-st-ssc4.c,2,2,0,0,0,0,OBSOLETE,7,1
drivers/spi/spi-tegra20-sflash.c,2,2,0,0,0,0,OBSOLETE,7,1
drivers/staging/axis-fifo/axis-fifo.txt,2,2,0,0,0,0,OBSOLETE,11,7
drivers/staging/fbtft/fbtft-core.c,2,2,0,0,0,0,OBSOLETE,3,2
drivers/target/iscsi/iscsi_target.c,2,2,0,0,0,0,OBSOLETE,2,1
drivers/target/iscsi/iscsi_target_nego.c,2,2,0,0,0,0,OBSOLETE,6,1
drivers/target/iscsi/iscsi_target_util.c,2,2,0,0,0,0,OBSOLETE,8,2
drivers/target/target_core_configfs.c,2,2,0,0,0,0,OBSOLETE,2,3
drivers/target/target_core_sbc.c,2,2,0,0,0,0,OBSOLETE,8,1
drivers/thunderbolt/xdomain.c,2,2,0,0,0,0,OBSOLETE,5,1
drivers/tty/serial/sc16is7xx.c,2,2,0,0,0,0,OBSOLETE,2,11
drivers/tty/serial/zs.h,2,2,0,0,0,0,OBSOLETE,1,1
drivers/usb/gadget/function/u_ecm.h,2,2,0,0,0,0,OBSOLETE,2,2
drivers/usb/gadget/function/u_eem.h,2,2,0,0,0,0,OBSOLETE,2,2
drivers/usb/gadget/function/u_ether_configfs.h,2,2,0,0,0,0,OBSOLETE,2,2
drivers/usb/gadget/function/u_fs.h,2,2,0,0,0,0,OBSOLETE,2,2
drivers/usb/gadget/function/u_gether.h,2,2,0,0,0,0,OBSOLETE,2,2
drivers/usb/gadget/function/u_hid.h,2,2,0,0,0,0,OBSOLETE,2,2
drivers/usb/gadget/function/u_midi.h,2,2,0,0,0,0,OBSOLETE,2,2
drivers/usb/gadget/function/u_ncm.h,2,2,0,0,0,0,OBSOLETE,2,2
drivers/usb/gadget/function/u_printer.h,2,2,0,0,0,0,OBSOLETE,2,2
drivers/usb/gadget/function/u_rndis.h,2,2,0,0,0,0,OBSOLETE,2,2
drivers/usb/gadget/function/u_uac2.h,2,2,0,0,0,0,OBSOLETE,2,2
drivers/usb/gadget/function/uvc_v4l2.h,2,2,0,0,0,0,OBSOLETE,2,2
drivers/usb/host/ohci-pci.c,2,2,0,0,0,0,OBSOLETE,23,0
drivers/usb/host/uhci-platform.c,2,2,0,0,0,0,OBSOLETE,2,1
drivers/usb/host/xhci-plat.c,2,2,0,0,0,0,OBSOLETE,3,1
drivers/usb/image/mdc800.c,2,2,0,0,0,0,OBSOLETE,4,2
drivers/usb/mtu3/mtu3_dr.h,2,2,0,0,0,0,OBSOLETE,4,0
drivers/usb/musb/musb_dma.h,2,2,0,0,0,0,OBSOLETE,9,0
drivers/usb/musb/musb_io.h,2,2,0,0,0,0,OBSOLETE,12,6
drivers/usb/musb/sunxi.c,2,2,0,0,0,0,OBSOLETE,2,2
drivers/usb/phy/phy-mxs-usb.c,2,2,0,0,0,0,OBSOLETE,3,1
drivers/usb/phy/phy.c,2,2,0,0,0,0,OBSOLETE,4,0
drivers/usb/serial/ftdi_sio.h,2,2,0,0,0,0,OBSOLETE,2,2
drivers/usb/serial/io_ti.c,2,2,0,0,0,0,OBSOLETE,11,0
drivers/usb/serial/safe_serial.c,2,2,0,0,0,0,OBSOLETE,11,0
drivers/usb/usbip/vhci_hcd.c,2,2,0,0,0,0,OBSOLETE,22,0
drivers/video/of_display_timing.c,2,2,0,0,0,0,OBSOLETE,2,2
drivers/xen/gntdev.c,2,2,0,0,0,0,OBSOLETE,2,2
drivers/xen/platform-pci.c,2,2,0,0,0,0,OBSOLETE,4,0
drivers/xen/sys-hypervisor.c,2,2,0,0,0,0,OBSOLETE,6,2
drivers/xen/xenbus/xenbus.h,2,2,0,0,0,0,OBSOLETE,2,0
drivers/xen/xenbus/xenbus_comms.c,2,2,0,0,0,0,OBSOLETE,4,5
drivers/xen/xenfs/xensyms.c,2,2,0,0,0,0,OBSOLETE,2,2
fs/9p/v9fs.c,2,2,0,0,0,0,OBSOLETE,6,3
fs/bfs/inode.c,2,2,0,0,0,0,OBSOLETE,18,1
fs/btrfs/tests/btrfs-tests.c,2,2,0,0,0,0,OBSOLETE,9,6
fs/cifs/cifs_spnego.c,2,2,0,0,0,0,OBSOLETE,16,0
fs/dlm/lockspace.c,2,2,0,0,0,0,OBSOLETE,2,2
fs/ext4/xattr.h,2,2,0,0,0,0,OBSOLETE,10,0
fs/f2fs/acl.h,2,2,0,0,0,0,OBSOLETE,1,4
fs/fcntl.c,2,2,0,0,0,0,OBSOLETE,4,4
fs/gfs2/bmap.c,2,2,0,0,0,0,OBSOLETE,7,1
fs/hfs/bfind.c,2,2,0,0,0,0,OBSOLETE,7,1
fs/hfsplus/bfind.c,2,2,0,0,0,0,OBSOLETE,7,1
fs/isofs/export.c,2,2,0,0,0,0,OBSOLETE,2,2
fs/jffs2/os-linux.h,2,2,0,0,0,0,OBSOLETE,3,3
fs/jffs2/summary.c,2,2,0,0,0,0,OBSOLETE,6,1
fs/jfs/inode.c,2,2,0,0,0,0,OBSOLETE,8,2
fs/jfs/namei.c,2,2,0,0,0,0,OBSOLETE,4,2
fs/nfs/blocklayout/dev.c,2,2,0,0,0,0,OBSOLETE,3,2
fs/nfs/nfs4client.c,2,2,0,0,0,0,OBSOLETE,2,12
fs/nfs/pnfs.h,2,2,0,0,0,0,OBSOLETE,3,1
fs/nfs/symlink.c,2,2,0,0,0,0,OBSOLETE,4,3
fs/nfsd/flexfilelayout.c,2,2,0,0,0,0,OBSOLETE,8,0
fs/nilfs2/mdt.c,2,2,0,0,0,0,OBSOLETE,3,3
fs/nilfs2/segment.c,2,2,0,0,0,0,OBSOLETE,3,1
fs/nilfs2/sufile.c,2,2,0,0,0,0,OBSOLETE,4,0
fs/nilfs2/sysfs.c,2,2,0,0,0,0,OBSOLETE,2,2
fs/ocfs2/dlm/dlmdomain.c,2,2,0,0,0,0,OBSOLETE,9,1
fs/ocfs2/dlmglue.c,2,2,0,0,0,0,OBSOLETE,2,1
fs/ocfs2/file.c,2,2,0,0,0,0,OBSOLETE,2,2
fs/ocfs2/inode.c,2,2,0,0,0,0,OBSOLETE,32,1
fs/ocfs2/ioctl.c,2,2,0,0,0,0,OBSOLETE,17,1
fs/ocfs2/mmap.c,2,2,0,0,0,0,OBSOLETE,3,4
fs/ocfs2/move_extents.c,2,2,0,0,0,0,OBSOLETE,12,1
fs/ocfs2/super.c,2,2,0,0,0,0,OBSOLETE,4,1
fs/ocfs2/symlink.c,2,2,0,0,0,0,OBSOLETE,3,2
fs/squashfs/squashfs_fs_i.h,2,2,0,0,0,0,OBSOLETE,1,1
fs/ubifs/debug.c,2,2,0,0,0,0,OBSOLETE,14,10
fs/ubifs/lpt_commit.c,2,2,0,0,0,0,OBSOLETE,2,2
fs/xfs/libxfs/xfs_attr_leaf.c,2,2,0,0,0,0,OBSOLETE,41,8
fs/xfs/scrub/common.c,2,2,0,0,0,0,OBSOLETE,4,0
fs/xfs/xfs_sysctl.c,2,2,0,0,0,0,OBSOLETE,2,2
include/crypto/scatterwalk.h,2,2,0,0,0,0,OBSOLETE,32,0
include/linux/acpi.h,2,2,0,0,0,0,OBSOLETE,3,3
include/linux/dmi.h,2,2,0,0,0,0,OBSOLETE,5,0
include/linux/jiffies.h,2,2,0,0,0,0,OBSOLETE,1,3
include/linux/parser.h,2,2,0,0,0,0,OBSOLETE,4,1
include/linux/reboot.h,2,2,0,0,0,0,OBSOLETE,2,0
include/linux/sched/jobctl.h,2,2,0,0,0,0,OBSOLETE,2,0
include/linux/spinlock_up.h,2,2,0,0,0,0,OBSOLETE,10,10
include/linux/string.h,2,2,0,0,0,0,OBSOLETE,14,0
include/linux/sunrpc/cache.h,2,2,0,0,0,0,OBSOLETE,1,3
include/linux/timekeeping.h,2,2,0,0,0,0,OBSOLETE,30,2
include/media/dvb_vb2.h,2,2,0,0,0,0,OBSOLETE,4,2
include/net/cls_cgroup.h,2,2,0,0,0,0,OBSOLETE,7,2
include/net/inet_connection_sock.h,2,2,0,0,0,0,OBSOLETE,3,1
include/net/netfilter/nf_conntrack_count.h,2,2,0,0,0,0,OBSOLETE,9,8
include/trace/events/btrfs.h,2,2,0,0,0,0,OBSOLETE,6,5
include/trace/events/oom.h,2,2,0,0,0,0,OBSOLETE,32,4
include/trace/events/sock.h,2,2,0,0,0,0,OBSOLETE,2,2
include/uapi/linux/kcov.h,2,2,0,0,0,0,OBSOLETE,28,0
include/uapi/linux/sched.h,2,2,0,0,0,0,OBSOLETE,14,1
include/uapi/linux/vbox_vmmdev_types.h,2,2,0,0,0,0,OBSOLETE,2,2
ipc/mq_sysctl.c,2,2,0,0,0,0,OBSOLETE,2,2
kernel/bpf/bpf_lru_list.h,2,2,0,0,0,0,OBSOLETE,2,5
kernel/bpf/percpu_freelist.h,2,2,0,0,0,0,OBSOLETE,2,4
kernel/bpf/tnum.c,2,2,0,0,0,0,OBSOLETE,16,0
kernel/cgroup/pids.c,2,2,0,0,0,0,OBSOLETE,1,4
kernel/gcov/base.c,2,2,0,0,0,0,OBSOLETE,3,83
kernel/kprobes.c,2,2,0,0,0,0,OBSOLETE,3,7
kernel/locking/qspinlock_paravirt.h,2,2,0,0,0,0,OBSOLETE,1,3
kernel/power/console.c,2,2,0,0,0,0,OBSOLETE,6,1
kernel/power/hibernate.c,2,2,0,0,0,0,OBSOLETE,6,1
kernel/ptrace.c,2,2,0,0,0,0,OBSOLETE,16,6
kernel/sched/autogroup.c,2,2,0,0,0,0,OBSOLETE,0,2
kernel/sched/loadavg.c,2,2,0,0,0,0,OBSOLETE,62,77
kernel/sys_ni.c,2,2,0,0,0,0,OBSOLETE,2,2
kernel/time/posix-timers.c,2,2,0,0,0,0,OBSOLETE,2,1
kernel/trace/trace_branch.c,2,2,0,0,0,0,OBSOLETE,4,4
kernel/tracepoint.c,2,2,0,0,0,0,OBSOLETE,3,1
lib/crc32.c,2,2,0,0,0,0,OBSOLETE,7,4
lib/strncpy_from_user.c,2,2,0,0,0,0,OBSOLETE,2,1
lib/strnlen_user.c,2,2,0,0,0,0,OBSOLETE,3,8
lib/test_user_copy.c,2,2,0,0,0,0,OBSOLETE,149,6
mm/slob.c,2,2,0,0,0,0,OBSOLETE,2,0
net/appletalk/ddp.c,2,2,0,0,0,0,OBSOLETE,5,3
net/batman-adv/main.c,2,2,0,0,0,0,OBSOLETE,2,1
net/ceph/auth.c,2,2,0,0,0,0,OBSOLETE,4,2
net/core/sock_diag.c,2,2,0,0,0,0,OBSOLETE,5,3
net/ipv4/esp4.c,2,2,0,0,0,0,OBSOLETE,4,3
net/ipv4/ipcomp.c,2,2,0,0,0,0,OBSOLETE,2,0
net/ipv4/netfilter/arpt_mangle.c,2,2,0,0,0,0,OBSOLETE,8,0
net/ipv4/netfilter/ip_tables.c,2,2,0,0,0,0,OBSOLETE,6,9
net/ipv4/raw.c,2,2,0,0,0,0,OBSOLETE,4,1
net/ipv4/tcp_fastopen.c,2,2,0,0,0,0,OBSOLETE,2,2
net/ipv4/tcp_offload.c,2,2,0,0,0,0,OBSOLETE,7,4
net/ipv6/ila/ila_xlat.c,2,2,0,0,0,0,OBSOLETE,11,5
net/ipv6/ip6_icmp.c,2,2,0,0,0,0,OBSOLETE,4,2
net/ipv6/ip6_tunnel.c,2,2,0,0,0,0,OBSOLETE,6,2
net/ipv6/ipcomp6.c,2,2,0,0,0,0,OBSOLETE,2,0
net/ipv6/netfilter/ip6_tables.c,2,2,0,0,0,0,OBSOLETE,6,9
net/ipv6/netfilter/nf_socket_ipv6.c,2,2,0,0,0,0,OBSOLETE,23,0
net/iucv/af_iucv.c,2,2,0,0,0,0,OBSOLETE,14,6
net/mac80211/rx.c,2,2,0,0,0,0,OBSOLETE,9,0
net/mac80211/sta_info.c,2,2,0,0,0,0,OBSOLETE,4,3
net/mac80211/tx.c,2,2,0,0,0,0,OBSOLETE,4,1
net/mac80211/util.c,2,2,0,0,0,0,OBSOLETE,4,1
net/ncsi/ncsi-pkt.h,2,2,0,0,0,0,OBSOLETE,11,12
net/netfilter/ipset/ip_set_hash_ipportnet.c,2,2,0,0,0,0,OBSOLETE,4,1
net/netfilter/ipvs/ip_vs_proto.c,2,2,0,0,0,0,OBSOLETE,1,3
net/netfilter/nf_conntrack_irc.c,2,2,0,0,0,0,OBSOLETE,2,2
net/netfilter/nft_fwd_netdev.c,2,2,0,0,0,0,OBSOLETE,10,0
net/netfilter/nft_set_rbtree.c,2,2,0,0,0,0,OBSOLETE,25,5
net/netfilter/x_tables.c,2,2,0,0,0,0,OBSOLETE,23,0
net/netfilter/xt_CT.c,2,2,0,0,0,0,OBSOLETE,4,0
net/netfilter/xt_cgroup.c,2,2,0,0,0,0,OBSOLETE,6,0
net/nfc/hci/core.c,2,2,0,0,0,0,OBSOLETE,10,0
net/nfc/llcp_sock.c,2,2,0,0,0,0,OBSOLETE,7,5
net/openvswitch/flow.h,2,2,0,0,0,0,OBSOLETE,2,2
net/phonet/pn_dev.c,2,2,0,0,0,0,OBSOLETE,8,4
net/rds/message.c,2,2,0,0,0,0,OBSOLETE,16,5
net/rds/tcp.c,2,2,0,0,0,0,OBSOLETE,2,4
net/rfkill/rfkill-gpio.c,2,2,0,0,0,0,OBSOLETE,19,3
net/rose/rose_route.c,2,2,0,0,0,0,OBSOLETE,5,10
net/sched/sch_skbprio.c,2,2,0,0,0,0,OBSOLETE,0,3
net/sched/sch_teql.c,2,2,0,0,0,0,OBSOLETE,6,0
net/tipc/group.c,2,2,0,0,0,0,OBSOLETE,5,1
net/x25/x25_in.c,2,2,0,0,0,0,OBSOLETE,6,3
scripts/dtc/fdtget.c,2,2,0,0,0,0,OBSOLETE,1,15
scripts/dtc/libfdt/fdt_wip.c,2,2,0,0,0,0,OBSOLETE,2,47
scripts/dtc/libfdt/libfdt_internal.h,2,2,0,0,0,0,OBSOLETE,148,51
scripts/kconfig/mconf.c,2,2,0,0,0,0,OBSOLETE,3,0
security/apparmor/include/policy.h,2,2,0,0,0,0,OBSOLETE,6,2
security/integrity/iint.c,2,2,0,0,0,0,OBSOLETE,6,2
security/selinux/include/netnode.h,2,2,0,0,0,0,OBSOLETE,1,11
security/selinux/include/netport.h,2,2,0,0,0,0,OBSOLETE,1,11
security/selinux/ss/mls.h,2,2,0,0,0,0,OBSOLETE,3,2
security/smack/smack_access.c,2,2,0,0,0,0,OBSOLETE,2,2
security/yama/yama_lsm.c,2,2,0,0,0,0,OBSOLETE,8,2
sound/core/misc.c,2,2,0,0,0,0,OBSOLETE,11,3
sound/firewire/dice/dice-extension.c,2,2,0,0,0,0,OBSOLETE,2,2
sound/isa/wavefront/wavefront_midi.c,2,2,0,0,0,0,OBSOLETE,2,0
sound/pci/ctxfi/ctamixer.c,2,2,0,0,0,0,OBSOLETE,2,0
sound/pci/es1968.c,2,2,0,0,0,0,OBSOLETE,4,2
sound/pci/lx6464es/lx_core.c,2,2,0,0,0,0,OBSOLETE,2,2
sound/soc/codecs/cs4271.c,2,2,0,0,0,0,OBSOLETE,7,3
sound/soc/codecs/wm0010.c,2,2,0,0,0,0,OBSOLETE,11,2
sound/soc/intel/boards/bytcr_rt5651.c,2,2,0,0,0,0,OBSOLETE,21,5
sound/soc/stm/stm32_sai_sub.c,2,2,0,0,0,0,OBSOLETE,3,0
sound/usb/midi.c,2,2,0,0,0,0,OBSOLETE,81,11
sound/usb/misc/ua101.c,2,2,0,0,0,0,OBSOLETE,10,2
sound/usb/mixer_us16x08.c,2,2,0,0,0,0,OBSOLETE,15,7
tools/accounting/getdelays.c,2,2,0,0,0,0,OBSOLETE,7,1
tools/build/Makefile.build,2,2,0,0,0,0,OBSOLETE,5,1
tools/include/linux/filter.h,2,2,0,0,0,0,OBSOLETE,20,0
tools/pci/pcitest.c,2,2,0,0,0,0,OBSOLETE,3,2
tools/testing/selftests/cgroup/test_memcontrol.c,2,2,0,0,0,0,OBSOLETE,10,1
tools/testing/selftests/net/udpgso.c,2,2,0,0,0,0,OBSOLETE,26,0
tools/testing/selftests/timers/freq-step.c,2,2,0,0,0,0,OBSOLETE,1,9
Documentation/ABI/testing/sysfs-block-zram,1,1,0,0,0,0,OBSOLETE,39,0
Documentation/ABI/testing/sysfs-bus-pci,1,1,0,0,0,0,OBSOLETE,11,0
Documentation/ABI/testing/sysfs-power,1,1,0,0,0,0,OBSOLETE,0,1
Documentation/admin-guide/dynamic-debug-howto.rst,1,1,0,0,0,0,OBSOLETE,3,0
Documentation/admin-guide/kernel-parameters.rst,1,1,0,0,0,0,OBSOLETE,1,0
Documentation/core-api/cachetlb.rst,1,1,0,0,0,0,OBSOLETE,0,10
Documentation/driver-api/device_link.rst,1,1,0,0,0,0,OBSOLETE,2,1
Documentation/process/kernel-enforcement-statement.rst,1,1,0,0,0,0,OBSOLETE,1,1
Documentation/trace/ftrace-uses.rst,1,1,0,0,0,0,OBSOLETE,8,0
Documentation/trace/ftrace.rst,1,1,0,0,0,0,OBSOLETE,3,1
Documentation/vm/hugetlbfs_reserv.rst,1,1,0,0,0,0,OBSOLETE,1,1
Kconfig,1,1,0,0,0,0,OBSOLETE,0,2
arch/arm64/boot/dts/hisilicon/hi3798cv200-poplar.dts,1,1,0,0,0,0,OBSOLETE,1,1
arch/arm64/boot/dts/hisilicon/hi3798cv200.dtsi,1,1,0,0,0,0,OBSOLETE,1,0
arch/arm64/boot/dts/nvidia/tegra210-smaug.dts,1,1,0,0,0,0,OBSOLETE,2,0
arch/arm64/boot/dts/renesas/r8a77970-eagle.dts,1,1,0,0,0,0,OBSOLETE,1,1
arch/arm64/boot/dts/renesas/salvator-common.dtsi,1,1,0,0,0,0,OBSOLETE,1,1
arch/arm64/boot/dts/rockchip/rk3399-puma-haikou.dts,1,1,0,0,0,0,OBSOLETE,0,8
arch/arm64/boot/dts/rockchip/rk3399-puma.dtsi,1,1,0,0,0,0,OBSOLETE,1,1
arch/arm64/crypto/.gitignore,1,1,0,0,0,0,OBSOLETE,1,0
arch/arm64/include/asm/acpi.h,1,1,0,0,0,0,OBSOLETE,1,1
arch/arm64/include/asm/clocksource.h,1,1,0,0,0,0,OBSOLETE,1,3
arch/arm64/include/asm/elf.h,1,1,0,0,0,0,OBSOLETE,17,3
arch/arm64/include/asm/signal32.h,1,1,0,0,0,0,OBSOLETE,45,1
arch/arm64/include/asm/suspend.h,1,1,0,0,0,0,OBSOLETE,1,1
arch/arm64/kernel/armv8_deprecated.c,1,1,0,0,0,0,OBSOLETE,1,1
arch/arm64/kernel/cacheinfo.c,1,1,0,0,0,0,OBSOLETE,7,5
arch/arm64/kvm/Kconfig,1,1,0,0,0,0,OBSOLETE,0,1
arch/arm64/net/bpf_jit.h,1,1,0,0,0,0,OBSOLETE,3,0
arch/h8300/include/asm/tlb.h,1,1,0,0,0,0,OBSOLETE,0,2
arch/h8300/kernel/vmlinux.lds.S,1,1,0,0,0,0,OBSOLETE,0,1
block/blk-cgroup.c,1,1,0,0,0,0,OBSOLETE,1,0
block/blk-settings.c,1,1,0,0,0,0,OBSOLETE,2,1
crypto/algif_rng.c,1,1,0,0,0,0,OBSOLETE,1,0
crypto/sha1_generic.c,1,1,0,0,0,0,OBSOLETE,2,2
drivers/acpi/Kconfig,1,1,0,0,0,0,OBSOLETE,1,1
drivers/acpi/acpi_pad.c,1,1,0,0,0,0,OBSOLETE,5,2
drivers/acpi/acpi_processor.c,1,1,0,0,0,0,OBSOLETE,1,1
drivers/acpi/acpi_video.c,1,1,0,0,0,0,OBSOLETE,3,1
drivers/acpi/acpica/nswalk.c,1,1,0,0,0,0,OBSOLETE,6,3
drivers/acpi/device_pm.c,1,1,0,0,0,0,OBSOLETE,2,1
drivers/acpi/nfit/mce.c,1,1,0,0,0,0,OBSOLETE,1,9
drivers/acpi/nfit/nfit.h,1,1,0,0,0,0,OBSOLETE,1,9
drivers/acpi/processor_core.c,1,1,0,0,0,0,OBSOLETE,1,1
drivers/acpi/video_detect.c,1,1,0,0,0,0,OBSOLETE,8,0
drivers/amba/tegra-ahb.c,1,1,0,0,0,0,OBSOLETE,1,0
drivers/ata/Kconfig,1,1,0,0,0,0,OBSOLETE,26,9
drivers/ata/libata-eh.c,1,1,0,0,0,0,OBSOLETE,9,2
drivers/ata/pata_cs5536.c,1,1,0,0,0,0,OBSOLETE,1,1
drivers/ata/pata_ftide010.c,1,1,0,0,0,0,OBSOLETE,3,3
drivers/ata/pata_pxa.c,1,1,0,0,0,0,OBSOLETE,6,0
drivers/ata/pata_via.c,1,1,0,0,0,0,OBSOLETE,2,1
drivers/ata/sata_highbank.c,1,1,0,0,0,0,OBSOLETE,1,0
drivers/atm/firestream.c,1,1,0,0,0,0,OBSOLETE,0,2
drivers/atm/he.c,1,1,0,0,0,0,OBSOLETE,2,1
drivers/atm/horizon.c,1,1,0,0,0,0,OBSOLETE,0,40
drivers/atm/lanai.c,1,1,0,0,0,0,OBSOLETE,0,2
drivers/atm/solos-pci.c,1,1,0,0,0,0,OBSOLETE,0,2
drivers/auxdisplay/arm-charlcd.c,1,1,0,0,0,0,OBSOLETE,1,1
drivers/base/bus.c,1,1,0,0,0,0,OBSOLETE,2,0
drivers/base/power/wakeirq.c,1,1,0,0,0,0,OBSOLETE,6,3
drivers/block/drbd/drbd_bitmap.c,1,1,0,0,0,0,OBSOLETE,1,3
drivers/block/drbd/drbd_interval.h,1,1,0,0,0,0,OBSOLETE,4,1
drivers/block/drbd/drbd_receiver.c,1,1,0,0,0,0,OBSOLETE,5,1
drivers/bluetooth/hci_bcsp.c,1,1,0,0,0,0,OBSOLETE,3,0
drivers/bluetooth/hci_ll.c,1,1,0,0,0,0,OBSOLETE,2,0
drivers/char/agp/amd64-agp.c,1,1,0,0,0,0,OBSOLETE,1,1
drivers/char/tpm/st33zp24/st33zp24.c,1,1,0,0,0,0,OBSOLETE,4,2
drivers/char/tpm/tpm_i2c_infineon.c,1,1,0,0,0,0,OBSOLETE,4,2
drivers/clk/clk-composite.c,1,1,0,0,0,0,OBSOLETE,1,1
drivers/clk/clk-devres.c,1,1,0,0,0,0,OBSOLETE,1,1
drivers/clk/clk-divider.c,1,1,0,0,0,0,OBSOLETE,1,1
drivers/clk/qcom/clk-alpha-pll.c,1,1,0,0,0,0,OBSOLETE,2,0
drivers/clk/renesas/Makefile,1,1,0,0,0,0,OBSOLETE,4,0
drivers/clk/renesas/r8a77995-cpg-mssr.c,1,1,0,0,0,0,OBSOLETE,1,1
drivers/clk/renesas/rcar-gen2-cpg.c,1,1,0,0,0,0,OBSOLETE,1,1
drivers/clk/rockchip/clk-rk3036.c,1,1,0,0,0,0,OBSOLETE,1,0
drivers/clk/rockchip/clk-rk3328.c,1,1,0,0,0,0,OBSOLETE,1,1
drivers/cpufreq/cpufreq_governor.h,1,1,0,0,0,0,OBSOLETE,1,0
drivers/cpufreq/longhaul.c,1,1,0,0,0,0,OBSOLETE,3,0
drivers/cpuidle/cpuidle-powernv.c,1,1,0,0,0,0,OBSOLETE,4,1
drivers/cpuidle/cpuidle-pseries.c,1,1,0,0,0,0,OBSOLETE,4,1
drivers/crypto/atmel-ecc.c,1,1,0,0,0,0,OBSOLETE,1,0
drivers/crypto/cavium/cpt/cptvf_main.c,1,1,0,0,0,0,OBSOLETE,2,1
drivers/crypto/ccp/ccp-debugfs.c,1,1,0,0,0,0,OBSOLETE,3,0
drivers/crypto/ccp/sp-pci.c,1,1,0,0,0,0,OBSOLETE,9,6
drivers/crypto/ccree/cc_hash.c,1,1,0,0,0,0,OBSOLETE,1,0
drivers/crypto/hisilicon/sec/sec_algs.c,1,1,0,0,0,0,OBSOLETE,1,1
drivers/crypto/img-hash.c,1,1,0,0,0,0,OBSOLETE,1,1
drivers/crypto/omap-crypto.c,1,1,0,0,0,0,OBSOLETE,1,1
drivers/crypto/qat/qat_common/adf_transport_debug.c,1,1,0,0,0,0,OBSOLETE,3,1
drivers/crypto/qce/core.c,1,1,0,0,0,0,OBSOLETE,1,1
drivers/crypto/virtio/virtio_crypto_algs.c,1,1,0,0,0,0,OBSOLETE,0,2
drivers/crypto/virtio/virtio_crypto_core.c,1,1,0,0,0,0,OBSOLETE,5,0
drivers/dax/dax-private.h,1,1,0,0,0,0,OBSOLETE,1,9
drivers/dma/at_xdmac.c,1,1,0,0,0,0,OBSOLETE,2,0
drivers/dma/sh/rcar-dmac.c,1,1,0,0,0,0,OBSOLETE,2,2
drivers/edac/altera_edac.h,1,1,0,0,0,0,OBSOLETE,2,0
drivers/edac/i5000_edac.c,1,1,0,0,0,0,OBSOLETE,1,0
drivers/edac/i5400_edac.c,1,1,0,0,0,0,OBSOLETE,1,1
drivers/extcon/extcon-adc-jack.c,1,1,0,0,0,0,OBSOLETE,2,0
drivers/firmware/Kconfig,1,1,0,0,0,0,OBSOLETE,1,1
drivers/firmware/efi/capsule-loader.c,1,1,0,0,0,0,OBSOLETE,1,1
drivers/firmware/google/framebuffer-coreboot.c,1,1,0,0,0,0,OBSOLETE,1,1
drivers/firmware/iscsi_ibft.c,1,1,0,0,0,0,OBSOLETE,4,1
drivers/fpga/of-fpga-region.c,1,1,0,0,0,0,OBSOLETE,1,2
drivers/gpio/Kconfig,1,1,0,0,0,0,OBSOLETE,0,1
drivers/gpio/gpio-tps65912.c,1,1,0,0,0,0,OBSOLETE,5,2
drivers/gpio/gpio-zynq.c,1,1,0,0,0,0,OBSOLETE,1,0
drivers/gpu/drm/amd/amdgpu/amdgpu_device.c,1,1,0,0,0,0,OBSOLETE,16,0
drivers/gpu/drm/amd/amdgpu/amdgpu_gem.c,1,1,0,0,0,0,OBSOLETE,2,0
drivers/gpu/drm/amd/amdgpu/dce_v10_0.c,1,1,0,0,0,0,OBSOLETE,0,5
drivers/gpu/drm/amd/amdgpu/dce_v11_0.c,1,1,0,0,0,0,OBSOLETE,0,5
drivers/gpu/drm/amd/amdgpu/dce_v6_0.c,1,1,0,0,0,0,OBSOLETE,0,5
drivers/gpu/drm/amd/amdgpu/dce_v8_0.c,1,1,0,0,0,0,OBSOLETE,0,5
drivers/gpu/drm/amd/amdgpu/gfx_v7_0.c,1,1,0,0,0,0,OBSOLETE,0,2
drivers/gpu/drm/amd/amdgpu/gfx_v8_0.c,1,1,0,0,0,0,OBSOLETE,0,2
drivers/gpu/drm/amd/display/dc/bios/bios_parser_helper.c,1,1,0,0,0,0,OBSOLETE,6,3
drivers/gpu/drm/amd/display/dc/bios/bios_parser_helper.h,1,1,0,0,0,0,OBSOLETE,5,0
drivers/gpu/drm/amd/display/dc/bios/command_table.c,1,1,0,0,0,0,OBSOLETE,1,1
drivers/gpu/drm/amd/display/dc/core/dc_resource.c,1,1,0,0,0,0,OBSOLETE,5,2
drivers/gpu/drm/amd/display/dc/dce/dce_link_encoder.c,1,1,0,0,0,0,OBSOLETE,3,1
drivers/gpu/drm/amd/display/include/grph_object_ctrl_defs.h,1,1,0,0,0,0,OBSOLETE,4,0
drivers/gpu/drm/ast/ast_dp501.c,1,1,0,0,0,0,OBSOLETE,1,1
drivers/gpu/drm/bridge/adv7511/adv7533.c,1,1,0,0,0,0,OBSOLETE,1,1
drivers/gpu/drm/drm_client.c,1,1,0,0,0,0,OBSOLETE,0,1
drivers/gpu/drm/exynos/exynos_drm_drv.h,1,1,0,0,0,0,OBSOLETE,1,0
drivers/gpu/drm/gma500/mid_bios.c,1,1,0,0,0,0,OBSOLETE,5,0
drivers/gpu/drm/nouveau/dispnv50/atom.h,1,1,0,0,0,0,OBSOLETE,13,0
drivers/gpu/drm/nouveau/dispnv50/curs507a.c,1,1,0,0,0,0,OBSOLETE,1,0
drivers/gpu/drm/nouveau/nouveau_bo.c,1,1,0,0,0,0,OBSOLETE,1,1
drivers/gpu/drm/nouveau/nvkm/core/enum.c,1,1,0,0,0,0,OBSOLETE,1,1
drivers/gpu/drm/pl111/pl111_drv.c,1,1,0,0,0,0,OBSOLETE,1,1
drivers/gpu/drm/radeon/r300.c,1,1,0,0,0,0,OBSOLETE,2,1
drivers/gpu/drm/radeon/radeon_asic.h,1,1,0,0,0,0,OBSOLETE,1,0
drivers/gpu/drm/radeon/radeon_cs.c,1,1,0,0,0,0,OBSOLETE,2,2
drivers/gpu/drm/radeon/radeon_vce.c,1,1,0,0,0,0,OBSOLETE,1,1
drivers/gpu/drm/radeon/rs400.c,1,1,0,0,0,0,OBSOLETE,16,2
drivers/gpu/drm/rcar-du/rcar_du_encoder.h,1,1,0,0,0,0,OBSOLETE,1,2
drivers/gpu/drm/sti/Makefile,1,1,0,0,0,0,OBSOLETE,0,2
drivers/gpu/drm/sti/sti_mixer.c,1,1,0,0,0,0,OBSOLETE,1,1
drivers/gpu/drm/sti/sti_vtg.c,1,1,0,0,0,0,OBSOLETE,6,1
drivers/gpu/drm/sun4i/sun4i_backend.c,1,1,0,0,0,0,OBSOLETE,2,1
drivers/gpu/drm/tegra/dsi.c,1,1,0,0,0,0,OBSOLETE,2,4
drivers/gpu/drm/tegra/hub.h,1,1,0,0,0,0,OBSOLETE,2,1
drivers/gpu/drm/vgem/vgem_fence.c,1,1,0,0,0,0,OBSOLETE,1,1
drivers/gpu/drm/vmwgfx/vmwgfx_shader.c,1,1,0,0,0,0,OBSOLETE,3,1
drivers/hid/hid-alps.c,1,1,0,0,0,0,OBSOLETE,3,0
drivers/hid/hid-appleir.c,1,1,0,0,0,0,OBSOLETE,1,1
drivers/hid/hid-magicmouse.c,1,1,0,0,0,0,OBSOLETE,5,0
drivers/hid/hid-pl.c,1,1,0,0,0,0,OBSOLETE,6,1
drivers/hid/hid-prodikeys.c,1,1,0,0,0,0,OBSOLETE,4,0
drivers/hid/intel-ish-hid/ishtp-hid-client.c,1,1,0,0,0,0,OBSOLETE,1,0
drivers/hid/intel-ish-hid/ishtp-hid.c,1,1,0,0,0,0,OBSOLETE,3,1
drivers/hid/usbhid/usbkbd.c,1,1,0,0,0,0,OBSOLETE,1,1
drivers/hid/wacom_wac.h,1,1,0,0,0,0,OBSOLETE,1,0
drivers/hsi/clients/ssi_protocol.c,1,1,0,0,0,0,OBSOLETE,1,0
drivers/hv/hv_snapshot.c,1,1,0,0,0,0,OBSOLETE,6,0
drivers/hwmon/dell-smm-hwmon.c,1,1,0,0,0,0,OBSOLETE,7,0
drivers/hwmon/nct6775.c,1,1,0,0,0,0,OBSOLETE,2,2
drivers/hwmon/ntc_thermistor.c,1,1,0,0,0,0,OBSOLETE,33,33
drivers/hwtracing/coresight/coresight-catu.c,1,1,0,0,0,0,OBSOLETE,1,1
drivers/i2c/busses/i2c-cros-ec-tunnel.c,1,1,0,0,0,0,OBSOLETE,3,0
drivers/i2c/busses/i2c-designware-slave.c,1,1,0,0,0,0,OBSOLETE,1,1
drivers/i2c/busses/i2c-imx-lpi2c.c,1,1,0,0,0,0,OBSOLETE,2,2
drivers/i2c/busses/i2c-pxa.c,1,1,0,0,0,0,OBSOLETE,4,1
drivers/i2c/busses/i2c-qup.c,1,1,0,0,0,0,OBSOLETE,3,1
drivers/i2c/busses/i2c-riic.c,1,1,0,0,0,0,OBSOLETE,1,1
drivers/i2c/busses/i2c-s3c2410.c,1,1,0,0,0,0,OBSOLETE,6,1
drivers/i2c/busses/i2c-stm32f7.c,1,1,0,0,0,0,OBSOLETE,2,2
drivers/i2c/i2c-core-of.c,1,1,0,0,0,0,OBSOLETE,1,0
drivers/i2c/i2c-dev.c,1,1,0,0,0,0,OBSOLETE,5,4
drivers/i2c/i2c-stub.c,1,1,0,0,0,0,OBSOLETE,5,0
drivers/i2c/muxes/i2c-demux-pinctrl.c,1,1,0,0,0,0,OBSOLETE,3,1
drivers/iio/Kconfig,1,1,0,0,0,0,OBSOLETE,0,1
drivers/iio/accel/adis16201.c,1,1,0,0,0,0,OBSOLETE,2,2
drivers/iio/accel/sca3000.c,1,1,0,0,0,0,OBSOLETE,5,1
drivers/iio/adc/at91-sama5d2_adc.c,1,1,0,0,0,0,OBSOLETE,1,0
drivers/iio/adc/at91_adc.c,1,1,0,0,0,0,OBSOLETE,1,1
drivers/iio/adc/dln2-adc.c,1,1,0,0,0,0,OBSOLETE,1,1
drivers/iio/adc/ti-ads8688.c,1,1,0,0,0,0,OBSOLETE,1,1
drivers/iio/adc/viperboard_adc.c,1,1,0,0,0,0,OBSOLETE,3,1
drivers/iio/chemical/bme680_core.c,1,1,0,0,0,0,OBSOLETE,1,1
drivers/iio/dac/ds4424.c,1,1,0,0,0,0,OBSOLETE,1,1
drivers/iio/dummy/iio_simple_dummy_buffer.c,1,1,0,0,0,0,OBSOLETE,1,1
drivers/iio/gyro/itg3200_buffer.c,1,1,0,0,0,0,OBSOLETE,1,1
drivers/iio/gyro/itg3200_core.c,1,1,0,0,0,0,OBSOLETE,2,0
drivers/iio/imu/kmx61.c,1,1,0,0,0,0,OBSOLETE,1,1
drivers/iio/imu/st_lsm6dsx/st_lsm6dsx_buffer.c,1,1,0,0,0,0,OBSOLETE,3,0
drivers/iio/industrialio-core.c,1,1,0,0,0,0,OBSOLETE,2,2
drivers/iio/light/bh1780.c,1,1,0,0,0,0,OBSOLETE,2,2
drivers/iio/light/cm3323.c,1,1,0,0,0,0,OBSOLETE,2,3
drivers/iio/light/hid-sensor-prox.c,1,1,0,0,0,0,OBSOLETE,1,2
drivers/iio/potentiometer/mcp4131.c,1,1,0,0,0,0,OBSOLETE,1,1
drivers/iio/pressure/zpa2326.c,1,1,0,0,0,0,OBSOLETE,3,1
drivers/iio/proximity/isl29501.c,1,1,0,0,0,0,OBSOLETE,11,5
drivers/iio/temperature/tsys01.c,1,1,0,0,0,0,OBSOLETE,1,1
drivers/infiniband/core/cache.c,1,1,0,0,0,0,OBSOLETE,2,2
drivers/infiniband/core/iwcm.h,1,1,0,0,0,0,OBSOLETE,1,1
drivers/infiniband/core/uverbs_ioctl.c,1,1,0,0,0,0,OBSOLETE,1,1
drivers/infiniband/hw/bnxt_re/qplib_fp.c,1,1,0,0,0,0,OBSOLETE,0,2
drivers/infiniband/hw/bnxt_re/qplib_res.c,1,1,0,0,0,0,OBSOLETE,1,3
drivers/infiniband/hw/cxgb4/device.c,1,1,0,0,0,0,OBSOLETE,4,2
drivers/infiniband/hw/hfi1/affinity.c,1,1,0,0,0,0,OBSOLETE,24,20
drivers/infiniband/hw/hfi1/sdma.c,1,1,0,0,0,0,OBSOLETE,1,1
drivers/infiniband/hw/hfi1/verbs.h,1,1,0,0,0,0,OBSOLETE,2,2
drivers/infiniband/hw/hns/hns_roce_main.c,1,1,0,0,0,0,OBSOLETE,1,1
drivers/infiniband/hw/mlx4/main.c,1,1,0,0,0,0,OBSOLETE,3,3
drivers/infiniband/hw/mlx5/cq.c,1,1,0,0,0,0,OBSOLETE,1,1
drivers/infiniband/hw/ocrdma/ocrdma_verbs.c,1,1,0,0,0,0,OBSOLETE,2,2
drivers/infiniband/sw/rxe/rxe_recv.c,1,1,0,0,0,0,OBSOLETE,13,1
drivers/infiniband/ulp/isert/ib_isert.c,1,1,0,0,0,0,OBSOLETE,6,0
drivers/infiniband/ulp/opa_vnic/opa_vnic_ethtool.c,1,1,0,0,0,0,OBSOLETE,1,1
drivers/input/keyboard/cros_ec_keyb.c,1,1,0,0,0,0,OBSOLETE,6,0
drivers/input/misc/ati_remote2.c,1,1,0,0,0,0,OBSOLETE,1,1
drivers/input/misc/cm109.c,1,1,0,0,0,0,OBSOLETE,1,1
drivers/input/misc/powermate.c,1,1,0,0,0,0,OBSOLETE,1,1
drivers/input/misc/yealink.c,1,1,0,0,0,0,OBSOLETE,1,1
drivers/input/mouse/elan_i2c_core.c,1,1,0,0,0,0,OBSOLETE,5,0
drivers/input/tablet/acecad.c,1,1,0,0,0,0,OBSOLETE,1,1
drivers/input/touchscreen/ti_am335x_tsc.c,1,1,0,0,0,0,OBSOLETE,1,1
drivers/iommu/exynos-iommu.c,1,1,0,0,0,0,OBSOLETE,3,6
drivers/iommu/omap-iommu.c,1,1,0,0,0,0,OBSOLETE,1,0
drivers/irqchip/irq-ath79-cpu.c,1,1,0,0,0,0,OBSOLETE,0,7
drivers/irqchip/irq-gic.c,1,1,0,0,0,0,OBSOLETE,1,1
drivers/irqchip/irq-pic32-evic.c,1,1,0,0,0,0,OBSOLETE,1,1
drivers/irqchip/irq-sunxi-nmi.c,1,1,0,0,0,0,OBSOLETE,2,1
drivers/isdn/mISDN/dsp_hwec.c,1,1,0,0,0,0,OBSOLETE,3,3
drivers/leds/leds-lp8860.c,1,1,0,0,0,0,OBSOLETE,1,1
drivers/leds/trigger/ledtrig-activity.c,1,1,0,0,0,0,OBSOLETE,1,1
drivers/macintosh/mac_hid.c,1,1,0,0,0,0,OBSOLETE,3,3
drivers/mcb/mcb-parse.c,1,1,0,0,0,0,OBSOLETE,1,1
drivers/md/dm-cache-policy-smq.c,1,1,0,0,0,0,OBSOLETE,12,4
drivers/md/dm-integrity.c,1,1,0,0,0,0,OBSOLETE,1,1
drivers/md/dm-log-writes.c,1,1,0,0,0,0,OBSOLETE,1,0
drivers/md/dm-unstripe.c,1,1,0,0,0,0,OBSOLETE,1,1
drivers/md/persistent-data/dm-btree-remove.c,1,1,0,0,0,0,OBSOLETE,8,0
drivers/md/persistent-data/dm-transaction-manager.c,1,1,0,0,0,0,OBSOLETE,9,0
drivers/md/raid1.c,1,1,0,0,0,0,OBSOLETE,1,0
drivers/md/raid5-ppl.c,1,1,0,0,0,0,OBSOLETE,1,1
drivers/md/raid5.c,1,1,0,0,0,0,OBSOLETE,7,1
drivers/media/common/siano/smsdvb-main.c,1,1,0,0,0,0,OBSOLETE,2,0
drivers/media/dvb-core/dvb_net.c,1,1,0,0,0,0,OBSOLETE,3,0
drivers/media/dvb-frontends/cxd2841er.c,1,1,0,0,0,0,OBSOLETE,2,6
drivers/media/dvb-frontends/dib3000mb.c,1,1,0,0,0,0,OBSOLETE,1,1
drivers/media/dvb-frontends/ts2020.c,1,1,0,0,0,0,OBSOLETE,7,1
drivers/media/i2c/adv7180.c,1,1,0,0,0,0,OBSOLETE,7,0
drivers/media/i2c/adv748x/adv748x.h,1,1,0,0,0,0,OBSOLETE,1,1
drivers/media/i2c/ir-kbd-i2c.c,1,1,0,0,0,0,OBSOLETE,3,3
drivers/media/i2c/msp3400-kthreads.c,1,1,0,0,0,0,OBSOLETE,2,0
drivers/media/i2c/mt9v111.c,1,1,0,0,0,0,OBSOLETE,1,1
drivers/media/i2c/ov2659.c,1,1,0,0,0,0,OBSOLETE,2,1
drivers/media/i2c/ov5640.c,1,1,0,0,0,0,OBSOLETE,1,0
drivers/media/i2c/rj54n1cb0c.c,1,1,0,0,0,0,OBSOLETE,6,3
drivers/media/i2c/tda1997x.c,1,1,0,0,0,0,OBSOLETE,0,1
drivers/media/i2c/tw9903.c,1,1,0,0,0,0,OBSOLETE,1,0
drivers/media/i2c/tw9906.c,1,1,0,0,0,0,OBSOLETE,1,0
drivers/media/pci/b2c2/flexcop-pci.c,1,1,0,0,0,0,OBSOLETE,1,1
drivers/media/pci/cx18/cx18-queue.c,1,1,0,0,0,0,OBSOLETE,10,2
drivers/media/pci/cx23885/cx23885-417.c,1,1,0,0,0,0,OBSOLETE,1,1
drivers/media/pci/cx23885/cx23885-alsa.c,1,1,0,0,0,0,OBSOLETE,3,1
drivers/media/pci/cx25821/cx25821-alsa.c,1,1,0,0,0,0,OBSOLETE,1,0
drivers/media/pci/cx25821/cx25821-core.c,1,1,0,0,0,0,OBSOLETE,1,0
drivers/media/pci/cx88/cx88-alsa.c,1,1,0,0,0,0,OBSOLETE,3,1
drivers/media/pci/cx88/cx88-blackbird.c,1,1,0,0,0,0,OBSOLETE,1,1
drivers/media/pci/cx88/cx88-video.c,1,1,0,0,0,0,OBSOLETE,1,1
drivers/media/pci/ivtv/ivtv-alsa-pcm.c,1,1,0,0,0,0,OBSOLETE,0,2
drivers/media/pci/saa7134/saa7134-empress.c,1,1,0,0,0,0,OBSOLETE,2,2
drivers/media/platform/exynos4-is/fimc-capture.c,1,1,0,0,0,0,OBSOLETE,1,1
drivers/media/platform/exynos4-is/fimc-is-regs.c,1,1,0,0,0,0,OBSOLETE,1,0
drivers/media/platform/exynos4-is/media-dev.c,1,1,0,0,0,0,OBSOLETE,6,4
drivers/media/platform/exynos4-is/mipi-csis.c,1,1,0,0,0,0,OBSOLETE,8,2
drivers/media/platform/qcom/venus/vdec.c,1,1,0,0,0,0,OBSOLETE,2,3
drivers/media/platform/s3c-camif/camif-core.c,1,1,0,0,0,0,OBSOLETE,11,2
drivers/media/platform/s5p-mfc/s5p_mfc_dec.c,1,1,0,0,0,0,OBSOLETE,2,2
drivers/media/platform/s5p-mfc/s5p_mfc_enc.c,1,1,0,0,0,0,OBSOLETE,2,2
drivers/media/platform/vsp1/vsp1_drv.c,1,1,0,0,0,0,OBSOLETE,1,1
drivers/media/rc/iguanair.c,1,1,0,0,0,0,OBSOLETE,3,1
drivers/media/rc/redrat3.c,1,1,0,0,0,0,OBSOLETE,1,1
drivers/media/rc/st_rc.c,1,1,0,0,0,0,OBSOLETE,1,1
drivers/media/tuners/xc4000.c,1,1,0,0,0,0,OBSOLETE,4,4
drivers/media/usb/as102/as102_usb_drv.c,1,1,0,0,0,0,OBSOLETE,2,0
drivers/media/usb/cpia2/cpia2_v4l.c,1,1,0,0,0,0,OBSOLETE,1,1
drivers/media/usb/cx231xx/cx231xx-cards.c,1,1,0,0,0,0,OBSOLETE,2,0
drivers/media/usb/cx231xx/cx231xx-video.c,1,1,0,0,0,0,OBSOLETE,2,2
drivers/media/usb/dvb-usb/dtv5100.c,1,1,0,0,0,0,OBSOLETE,5,0
drivers/media/usb/gspca/ov534.c,1,1,0,0,0,0,OBSOLETE,1,1
drivers/media/usb/gspca/stv06xx/stv06xx_hdcs.c,1,1,0,0,0,0,OBSOLETE,4,3
drivers/media/usb/hdpvr/hdpvr-i2c.c,1,1,0,0,0,0,OBSOLETE,6,0
drivers/media/usb/msi2500/msi2500.c,1,1,0,0,0,0,OBSOLETE,1,1
drivers/media/usb/tm6000/tm6000-video.c,1,1,0,0,0,0,OBSOLETE,1,1
drivers/media/usb/usbtv/usbtv-video.c,1,1,0,0,0,0,OBSOLETE,4,0
drivers/media/usb/uvc/uvc_status.c,1,1,0,0,0,0,OBSOLETE,1,0
drivers/media/v4l2-core/v4l2-device.c,1,1,0,0,0,0,OBSOLETE,2,1
drivers/memory/tegra/tegra124-emc.c,1,1,0,0,0,0,OBSOLETE,1,1
drivers/mfd/arizona-core.c,1,1,0,0,0,0,OBSOLETE,1,1
drivers/mfd/da9052-spi.c,1,1,0,0,0,0,OBSOLETE,1,1
drivers/mfd/da9055-core.c,1,1,0,0,0,0,OBSOLETE,1,0
drivers/mfd/exynos-lpass.c,1,1,0,0,0,0,OBSOLETE,0,1
drivers/mfd/lpc_ich.c,1,1,0,0,0,0,OBSOLETE,2,1
drivers/mfd/max14577.c,1,1,0,0,0,0,OBSOLETE,1,0
drivers/mfd/mc13xxx-core.c,1,1,0,0,0,0,OBSOLETE,1,1
drivers/mfd/stmpe-spi.c,1,1,0,0,0,0,OBSOLETE,1,1
drivers/mfd/stmpe.c,1,1,0,0,0,0,OBSOLETE,3,0
drivers/misc/eeprom/digsy_mtc_eeprom.c,1,1,0,0,0,0,OBSOLETE,1,1
drivers/misc/genwqe/card_ddcb.c,1,1,0,0,0,0,OBSOLETE,1,1
drivers/misc/genwqe/card_utils.c,1,1,0,0,0,0,OBSOLETE,1,1
drivers/misc/ibmasm/lowlevel.c,1,1,0,0,0,0,OBSOLETE,8,4
drivers/misc/ibmasm/remote.c,1,1,0,0,0,0,OBSOLETE,5,0
drivers/mmc/core/host.h,1,1,0,0,0,0,OBSOLETE,6,0
drivers/mmc/core/sd_ops.h,1,1,0,0,0,0,OBSOLETE,1,0
drivers/mmc/host/atmel-mci.c,1,1,0,0,0,0,OBSOLETE,3,1
drivers/mmc/host/mmci_qcom_dml.c,1,1,0,0,0,0,OBSOLETE,1,0
drivers/mmc/host/mvsdio.c,1,1,0,0,0,0,OBSOLETE,1,1
drivers/mmc/host/rtsx_usb_sdmmc.c,1,1,0,0,0,0,OBSOLETE,1,3
drivers/mmc/host/sdhci-pxav3.c,1,1,0,0,0,0,OBSOLETE,1,0
drivers/mmc/host/sdhci-tegra.c,1,1,0,0,0,0,OBSOLETE,0,1
drivers/mmc/host/tmio_mmc.h,1,1,0,0,0,0,OBSOLETE,2,0
drivers/mmc/host/vub300.c,1,1,0,0,0,0,OBSOLETE,1,1
drivers/mtd/ftl.c,1,1,0,0,0,0,OBSOLETE,1,1
drivers/mtd/inftlcore.c,1,1,0,0,0,0,OBSOLETE,5,4
drivers/mtd/mtdcore.h,1,1,0,0,0,0,OBSOLETE,1,0
drivers/mtd/nand/onenand/onenand_base.c,1,1,0,0,0,0,OBSOLETE,1,0
drivers/mtd/nand/raw/brcmnand/brcmnand.c,1,1,0,0,0,0,OBSOLETE,1,1
drivers/mtd/nand/raw/diskonchip.c,1,1,0,0,0,0,OBSOLETE,1,1
drivers/mtd/ubi/ubi.h,1,1,0,0,0,0,OBSOLETE,1,1
drivers/net/Makefile,1,1,0,0,0,0,OBSOLETE,1,0
drivers/net/appletalk/ipddp.c,1,1,0,0,0,0,OBSOLETE,5,1
drivers/net/bonding/bond_debugfs.c,1,1,0,0,0,0,OBSOLETE,11,5
drivers/net/caif/caif_virtio.c,1,1,0,0,0,0,OBSOLETE,1,1
drivers/net/can/c_can/c_can_platform.c,1,1,0,0,0,0,OBSOLETE,3,2
drivers/net/can/sja1000/sja1000.c,1,1,0,0,0,0,OBSOLETE,2,2
drivers/net/can/usb/peak_usb/pcan_usb_core.c,1,1,0,0,0,0,OBSOLETE,1,1
drivers/net/can/usb/usb_8dev.c,1,1,0,0,0,0,OBSOLETE,7,1
drivers/net/can/vxcan.c,1,1,0,0,0,0,OBSOLETE,1,1
drivers/net/ethernet/3com/3c59x.c,1,1,0,0,0,0,OBSOLETE,1,1
drivers/net/ethernet/altera/altera_tse_main.c,1,1,0,0,0,0,OBSOLETE,1,0
drivers/net/ethernet/amd/xgbe/xgbe-common.h,1,1,0,0,0,0,OBSOLETE,2,0
drivers/net/ethernet/amd/xgbe/xgbe-desc.c,1,1,0,0,0,0,OBSOLETE,7,2
drivers/net/ethernet/amd/xgbe/xgbe-ethtool.c,1,1,0,0,0,0,OBSOLETE,2,2
drivers/net/ethernet/amd/xgbe/xgbe-main.c,1,1,0,0,0,0,OBSOLETE,0,1
drivers/net/ethernet/arc/emac_main.c,1,1,0,0,0,0,OBSOLETE,11,0
drivers/net/ethernet/broadcom/b44.c,1,1,0,0,0,0,OBSOLETE,3,0
drivers/net/ethernet/broadcom/bnxt/bnxt_dcb.c,1,1,0,0,0,0,OBSOLETE,2,0
drivers/net/ethernet/broadcom/cnic.c,1,1,0,0,0,0,OBSOLETE,1,2
drivers/net/ethernet/broadcom/genet/bcmgenet_wol.c,1,1,0,0,0,0,OBSOLETE,1,1
drivers/net/ethernet/cadence/macb_ptp.c,1,1,0,0,0,0,OBSOLETE,3,1
drivers/net/ethernet/cavium/liquidio/request_manager.c,1,1,0,0,0,0,OBSOLETE,1,1
drivers/net/ethernet/cavium/thunder/nicvf_main.c,1,1,0,0,0,0,OBSOLETE,2,7
drivers/net/ethernet/cisco/enic/enic_main.c,1,1,0,0,0,0,OBSOLETE,2,2
drivers/net/ethernet/davicom/dm9000.c,1,1,0,0,0,0,OBSOLETE,2,1
drivers/net/ethernet/ec_bhf.c,1,1,0,0,0,0,OBSOLETE,1,1
drivers/net/ethernet/emulex/benet/be.h,1,1,0,0,0,0,OBSOLETE,1,1
drivers/net/ethernet/emulex/benet/be_ethtool.c,1,1,0,0,0,0,OBSOLETE,1,1
drivers/net/ethernet/freescale/dpaa/dpaa_ethtool.c,1,1,0,0,0,0,OBSOLETE,3,1
drivers/net/ethernet/freescale/fec_mpc52xx_phy.c,1,1,0,0,0,0,OBSOLETE,1,1
drivers/net/ethernet/freescale/fs_enet/mii-bitbang.c,1,1,0,0,0,0,OBSOLETE,1,1
drivers/net/ethernet/freescale/fsl_pq_mdio.c,1,1,0,0,0,0,OBSOLETE,2,0
drivers/net/ethernet/freescale/gianfar_ethtool.c,1,1,0,0,0,0,OBSOLETE,3,1
drivers/net/ethernet/ibm/ibmveth.h,1,1,0,0,0,0,OBSOLETE,1,0
drivers/net/ethernet/intel/fm10k/fm10k_common.c,1,1,0,0,0,0,OBSOLETE,2,3
drivers/net/ethernet/intel/fm10k/fm10k_common.h,1,1,0,0,0,0,OBSOLETE,1,1
drivers/net/ethernet/intel/fm10k/fm10k_ethtool.c,1,1,0,0,0,0,OBSOLETE,1,1
drivers/net/ethernet/intel/fm10k/fm10k_pf.c,1,1,0,0,0,0,OBSOLETE,1,1
drivers/net/ethernet/intel/fm10k/fm10k_vf.c,1,1,0,0,0,0,OBSOLETE,1,1
drivers/net/ethernet/intel/i40e/i40e_common.c,1,1,0,0,0,0,OBSOLETE,4,3
drivers/net/ethernet/intel/i40e/i40e_lan_hmc.c,1,1,0,0,0,0,OBSOLETE,1,1
drivers/net/ethernet/intel/ice/ice_ethtool.c,1,1,0,0,0,0,OBSOLETE,1,1
drivers/net/ethernet/intel/ice/ice_lan_tx_rx.h,1,1,0,0,0,0,OBSOLETE,1,1
drivers/net/ethernet/intel/igb/igb_main.c,1,1,0,0,0,0,OBSOLETE,4,0
drivers/net/ethernet/intel/ixgb/ixgb_ethtool.c,1,1,0,0,0,0,OBSOLETE,2,2
drivers/net/ethernet/intel/ixgbe/ixgbe.h,1,1,0,0,0,0,OBSOLETE,2,1
drivers/net/ethernet/intel/ixgbevf/ethtool.c,1,1,0,0,0,0,OBSOLETE,2,2
drivers/net/ethernet/intel/ixgbevf/ixgbevf_main.c,1,1,0,0,0,0,OBSOLETE,1,0
drivers/net/ethernet/marvell/skge.c,1,1,0,0,0,0,OBSOLETE,0,1
drivers/net/ethernet/marvell/sky2.c,1,1,0,0,0,0,OBSOLETE,1,0
drivers/net/ethernet/mellanox/mlx4/en_clock.c,1,1,0,0,0,0,OBSOLETE,1,1
drivers/net/ethernet/mellanox/mlx5/core/en_selftest.c,1,1,0,0,0,0,OBSOLETE,3,0
drivers/net/ethernet/mellanox/mlx5/core/fpga/ipsec.c,1,1,0,0,0,0,OBSOLETE,3,3
drivers/net/ethernet/netronome/nfp/bpf/cmsg.c,1,1,0,0,0,0,OBSOLETE,2,0
drivers/net/ethernet/netronome/nfp/nfp_net_ethtool.c,1,1,0,0,0,0,OBSOLETE,1,1
drivers/net/ethernet/oki-semi/pch_gbe/pch_gbe_ethtool.c,1,1,0,0,0,0,OBSOLETE,1,1
drivers/net/ethernet/qlogic/qed/qed_mcp.c,1,1,0,0,0,0,OBSOLETE,3,1
drivers/net/ethernet/qlogic/qlcnic/qlcnic_ethtool.c,1,1,0,0,0,0,OBSOLETE,1,1
drivers/net/ethernet/qualcomm/qca_spi.c,1,1,0,0,0,0,OBSOLETE,1,1
drivers/net/ethernet/qualcomm/qca_uart.c,1,1,0,0,0,0,OBSOLETE,1,1
drivers/net/ethernet/samsung/sxgbe/sxgbe_ethtool.c,1,1,0,0,0,0,OBSOLETE,1,1
drivers/net/ethernet/samsung/sxgbe/sxgbe_main.c,1,1,0,0,0,0,OBSOLETE,3,1
drivers/net/ethernet/stmicro/stmmac/stmmac_platform.c,1,1,0,0,0,0,OBSOLETE,6,0
drivers/net/ethernet/stmicro/stmmac/stmmac_ptp.h,1,1,0,0,0,0,OBSOLETE,7,2
drivers/net/ethernet/xilinx/xilinx_emaclite.c,1,1,0,0,0,0,OBSOLETE,1,1
drivers/net/ethernet/xircom/xirc2ps_cs.c,1,1,0,0,0,0,OBSOLETE,1,1
drivers/net/fjes/fjes_ethtool.c,1,1,0,0,0,0,OBSOLETE,1,1
drivers/net/hyperv/netvsc_drv.c,1,1,0,0,0,0,OBSOLETE,1,1
drivers/net/usb/Kconfig,1,1,0,0,0,0,OBSOLETE,0,1
drivers/net/usb/cdc-phonet.c,1,1,0,0,0,0,OBSOLETE,6,1
drivers/net/usb/cdc_mbim.c,1,1,0,0,0,0,OBSOLETE,1,0
drivers/net/usb/dm9601.c,1,1,0,0,0,0,OBSOLETE,0,4
drivers/net/usb/gl620a.c,1,1,0,0,0,0,OBSOLETE,1,3
drivers/net/usb/kalmia.c,1,1,0,0,0,0,OBSOLETE,7,0
drivers/net/usb/lan78xx.h,1,1,0,0,0,0,OBSOLETE,3,0
drivers/net/usb/r8152.c,1,1,0,0,0,0,OBSOLETE,2,0
drivers/net/wan/fsl_ucc_hdlc.c,1,1,0,0,0,0,OBSOLETE,2,6
drivers/net/wireless/Makefile,1,1,0,0,0,0,OBSOLETE,2,0
drivers/net/wireless/ath/ath10k/wmi.c,1,1,0,0,0,0,OBSOLETE,1,0
drivers/net/wireless/ath/ath5k/base.c,1,1,0,0,0,0,OBSOLETE,2,1
drivers/net/wireless/ath/ath5k/pci.c,1,1,0,0,0,0,OBSOLETE,2,0
drivers/net/wireless/ath/ath6kl/bmi.c,1,1,0,0,0,0,OBSOLETE,3,1
drivers/net/wireless/ath/ath9k/htc_drv_beacon.c,1,1,0,0,0,0,OBSOLETE,3,0
drivers/net/wireless/ath/carl9170/usb.c,1,1,0,0,0,0,OBSOLETE,13,6
drivers/net/wireless/atmel/at76c50x-usb.c,1,1,0,0,0,0,OBSOLETE,1,1
drivers/net/wireless/broadcom/b43/xmit.c,1,1,0,0,0,0,OBSOLETE,2,1
drivers/net/wireless/broadcom/b43legacy/xmit.c,1,1,0,0,0,0,OBSOLETE,2,1
drivers/net/wireless/broadcom/brcm80211/brcmfmac/bcmsdh.c,1,1,0,0,0,0,OBSOLETE,1,1
drivers/net/wireless/broadcom/brcm80211/brcmfmac/core.c,1,1,0,0,0,0,OBSOLETE,5,0
drivers/net/wireless/broadcom/brcm80211/brcmfmac/p2p.h,1,1,0,0,0,0,OBSOLETE,1,2
drivers/net/wireless/broadcom/brcm80211/brcmfmac/usb.c,1,1,0,0,0,0,OBSOLETE,4,2
drivers/net/wireless/broadcom/brcm80211/brcmsmac/dma.c,1,1,0,0,0,0,OBSOLETE,1,1
drivers/net/wireless/broadcom/brcm80211/brcmsmac/phy/phy_lcn.c,1,1,0,0,0,0,OBSOLETE,1,1
drivers/net/wireless/intel/iwlegacy/3945-mac.c,1,1,0,0,0,0,OBSOLETE,2,0
drivers/net/wireless/intel/iwlwifi/dvm/rs.c,1,1,0,0,0,0,OBSOLETE,1,1
drivers/net/wireless/intel/iwlwifi/mvm/ops.c,1,1,0,0,0,0,OBSOLETE,3,1
drivers/net/wireless/intel/iwlwifi/mvm/rxmq.c,1,1,0,0,0,0,OBSOLETE,1,1
drivers/net/wireless/intersil/p54/p54.h,1,1,0,0,0,0,OBSOLETE,1,0
drivers/net/wireless/marvell/libertas/cfg.c,1,1,0,0,0,0,OBSOLETE,6,3
drivers/net/wireless/marvell/libertas/debugfs.c,1,1,0,0,0,0,OBSOLETE,1,1
drivers/net/wireless/marvell/libertas/if_usb.c,1,1,0,0,0,0,OBSOLETE,2,0
drivers/net/wireless/marvell/libertas/main.c,1,1,0,0,0,0,OBSOLETE,2,2
drivers/net/wireless/marvell/mwifiex/init.c,1,1,0,0,0,0,OBSOLETE,1,1
drivers/net/wireless/marvell/mwifiex/util.h,1,1,0,0,0,0,OBSOLETE,2,2
drivers/net/wireless/ralink/rt2x00/rt2x00usb.c,1,1,0,0,0,0,OBSOLETE,1,1
drivers/net/wireless/realtek/rtl8xxxu/rtl8xxxu.h,1,1,0,0,0,0,OBSOLETE,1,9
drivers/net/wireless/realtek/rtl8xxxu/rtl8xxxu_regs.h,1,1,0,0,0,0,OBSOLETE,1,9
drivers/net/wireless/realtek/rtlwifi/rtl8192cu/sw.c,1,1,0,0,0,0,OBSOLETE,0,1
drivers/net/wireless/rsi/rsi_91x_mac80211.c,1,1,0,0,0,0,OBSOLETE,1,0
drivers/net/wireless/rsi/rsi_common.h,1,1,0,0,0,0,OBSOLETE,2,3
drivers/net/wireless/st/cw1200/bh.c,1,1,0,0,0,0,OBSOLETE,4,2
drivers/net/wireless/st/cw1200/sta.c,1,1,0,0,0,0,OBSOLETE,1,1
drivers/net/wireless/ti/wlcore/rx.c,1,1,0,0,0,0,OBSOLETE,1,1
drivers/net/wireless/zydas/zd1211rw/zd_mac.c,1,1,0,0,0,0,OBSOLETE,5,1
drivers/net/xen-netback/xenbus.c,1,1,0,0,0,0,OBSOLETE,3,2
drivers/ntb/hw/intel/ntb_hw_gen3.c,1,1,0,0,0,0,OBSOLETE,3,0
drivers/ntb/ntb_transport.c,1,1,0,0,0,0,OBSOLETE,2,2
drivers/ntb/test/ntb_perf.c,1,1,0,0,0,0,OBSOLETE,1,3
drivers/nvdimm/Makefile,1,1,0,0,0,0,OBSOLETE,1,0
drivers/nvdimm/badrange.c,1,1,0,0,0,0,OBSOLETE,1,9
drivers/nvdimm/btt_devs.c,1,1,0,0,0,0,OBSOLETE,1,9
drivers/nvdimm/dimm.c,1,1,0,0,0,0,OBSOLETE,1,9
drivers/nvdimm/label.c,1,1,0,0,0,0,OBSOLETE,1,9
drivers/nvdimm/label.h,1,1,0,0,0,0,OBSOLETE,1,9
drivers/nvdimm/namespace_devs.c,1,1,0,0,0,0,OBSOLETE,1,9
drivers/nvdimm/nd-core.h,1,1,0,0,0,0,OBSOLETE,1,9
drivers/nvdimm/pfn_devs.c,1,1,0,0,0,0,OBSOLETE,1,9
drivers/nvdimm/region.c,1,1,0,0,0,0,OBSOLETE,1,9
drivers/nvme/host/pci.c,1,1,0,0,0,0,OBSOLETE,1,1
drivers/nvme/target/core.c,1,1,0,0,0,0,OBSOLETE,1,1
drivers/nvmem/meson-mx-efuse.c,1,1,0,0,0,0,OBSOLETE,1,9
drivers/nvmem/rockchip-efuse.c,1,1,0,0,0,0,OBSOLETE,1,9
drivers/parisc/gsc.c,1,1,0,0,0,0,OBSOLETE,3,1
drivers/pci/controller/pci-tegra.c,1,1,0,0,0,0,OBSOLETE,1,1
drivers/pci/controller/pcie-rockchip-host.c,1,1,0,0,0,0,OBSOLETE,1,1
drivers/pci/pci-acpi.c,1,1,0,0,0,0,OBSOLETE,1,3
drivers/pcmcia/rsrc_iodyn.c,1,1,0,0,0,0,OBSOLETE,3,0
drivers/perf/arm_pmu.c,1,1,0,0,0,0,OBSOLETE,3,5
drivers/perf/arm_spe_pmu.c,1,1,0,0,0,0,OBSOLETE,2,1
drivers/phy/allwinner/phy-sun4i-usb.c,1,1,0,0,0,0,OBSOLETE,2,1
drivers/phy/mediatek/Makefile,1,1,0,0,0,0,OBSOLETE,1,0
drivers/phy/mediatek/phy-mtk-xsphy.c,1,1,0,0,0,0,OBSOLETE,1,1
drivers/phy/qualcomm/phy-qcom-qusb2.c,1,1,0,0,0,0,OBSOLETE,2,1
drivers/phy/qualcomm/phy-qcom-usb-hs.c,1,1,0,0,0,0,OBSOLETE,2,1
drivers/phy/renesas/Kconfig,1,1,0,0,0,0,OBSOLETE,1,1
drivers/phy/st/phy-stm32-usbphyc.c,1,1,0,0,0,0,OBSOLETE,1,1
drivers/phy/tegra/xusb.c,1,1,0,0,0,0,OBSOLETE,4,4
drivers/phy/ti/phy-da8xx-usb.c,1,1,0,0,0,0,OBSOLETE,2,1
drivers/phy/ti/phy-tusb1210.c,1,1,0,0,0,0,OBSOLETE,1,1
drivers/pinctrl/mediatek/mtk-eint.h,1,1,0,0,0,0,OBSOLETE,2,2
drivers/pinctrl/mediatek/pinctrl-mtk-common.c,1,1,0,0,0,0,OBSOLETE,6,3
drivers/pinctrl/nomadik/pinctrl-abx500.c,1,1,0,0,0,0,OBSOLETE,1,1
drivers/pinctrl/pinconf-generic.c,1,1,0,0,0,0,OBSOLETE,1,0
drivers/pinctrl/pinctrl-at91.c,1,1,0,0,0,0,OBSOLETE,5,1
drivers/pinctrl/stm32/pinctrl-stm32.c,1,1,0,0,0,0,OBSOLETE,1,0
drivers/platform/x86/asus-laptop.c,1,1,0,0,0,0,OBSOLETE,6,3
drivers/platform/x86/asus-wmi.c,1,1,0,0,0,0,OBSOLETE,2,1
drivers/platform/x86/ibm_rtl.c,1,1,0,0,0,0,OBSOLETE,1,1
drivers/platform/x86/msi-laptop.c,1,1,0,0,0,0,OBSOLETE,3,0
drivers/platform/x86/toshiba_haps.c,1,1,0,0,0,0,OBSOLETE,1,1
drivers/power/supply/apm_power.c,1,1,0,0,0,0,OBSOLETE,2,1
drivers/power/supply/da9150-fg.c,1,1,0,0,0,0,OBSOLETE,2,2
drivers/power/supply/max17042_battery.c,1,1,0,0,0,0,OBSOLETE,1,1
drivers/power/supply/max77693_charger.c,1,1,0,0,0,0,OBSOLETE,1,1
drivers/pwm/pwm-stm32.c,1,1,0,0,0,0,OBSOLETE,1,2
drivers/rapidio/devices/rio_mport_cdev.c,1,1,0,0,0,0,OBSOLETE,2,1
drivers/rapidio/rio_cm.c,1,1,0,0,0,0,OBSOLETE,3,0
drivers/regulator/max14577-regulator.c,1,1,0,0,0,0,OBSOLETE,4,1
drivers/remoteproc/qcom_sysmon.c,1,1,0,0,0,0,OBSOLETE,1,1
drivers/rpmsg/qcom_smd.c,1,1,0,0,0,0,OBSOLETE,1,1
drivers/rpmsg/rpmsg_core.c,1,1,0,0,0,0,OBSOLETE,27,39
drivers/rtc/rtc-hym8563.c,1,1,0,0,0,0,OBSOLETE,1,1
drivers/rtc/rtc-pcf8563.c,1,1,0,0,0,0,OBSOLETE,1,1
drivers/rtc/rtc-sh.c,1,1,0,0,0,0,OBSOLETE,9,3
drivers/s390/cio/chp.c,1,1,0,0,0,0,OBSOLETE,2,1
drivers/s390/net/ctcm_mpc.c,1,1,0,0,0,0,OBSOLETE,0,1
drivers/s390/scsi/zfcp_sysfs.c,1,1,0,0,0,0,OBSOLETE,2,0
drivers/scsi/aacraid/comminit.c,1,1,0,0,0,0,OBSOLETE,1,2
drivers/scsi/aic94xx/aic94xx_init.c,1,1,0,0,0,0,OBSOLETE,3,0
drivers/scsi/be2iscsi/be_cmds.h,1,1,0,0,0,0,OBSOLETE,1,1
drivers/scsi/bfa/bfad_im.c,1,1,0,0,0,0,OBSOLETE,1,0
drivers/scsi/fcoe/fcoe_ctlr.c,1,1,0,0,0,0,OBSOLETE,1,1
drivers/scsi/hpsa.c,1,1,0,0,0,0,OBSOLETE,12,9
drivers/scsi/ibmvscsi/ibmvfc.c,1,1,0,0,0,0,OBSOLETE,2,1
drivers/scsi/isci/host.c,1,1,0,0,0,0,OBSOLETE,3,0
drivers/scsi/isci/request.c,1,1,0,0,0,0,OBSOLETE,1,1
drivers/scsi/lpfc/lpfc_debugfs.c,1,1,0,0,0,0,OBSOLETE,0,1
drivers/scsi/mpt3sas/mpt3sas_base.c,1,1,0,0,0,0,OBSOLETE,1,2
drivers/scsi/mpt3sas/mpt3sas_transport.c,1,1,0,0,0,0,OBSOLETE,3,5
drivers/scsi/pm8001/pm8001_ctl.c,1,1,0,0,0,0,OBSOLETE,1,1
drivers/scsi/qla1280.h,1,1,0,0,0,0,OBSOLETE,6,6
drivers/scsi/qla2xxx/qla_attr.c,1,1,0,0,0,0,OBSOLETE,1,0
drivers/scsi/qla2xxx/qla_os.c,1,1,0,0,0,0,OBSOLETE,2,1
drivers/scsi/smartpqi/smartpqi_init.c,1,1,0,0,0,0,OBSOLETE,3,3
drivers/scsi/sr.h,1,1,0,0,0,0,OBSOLETE,0,1
drivers/scsi/st.h,1,1,0,0,0,0,OBSOLETE,2,0
drivers/scsi/stex.c,1,1,0,0,0,0,OBSOLETE,1,0
drivers/scsi/ufs/ufs-sysfs.h,1,1,0,0,0,0,OBSOLETE,2,2
drivers/scsi/ufs/ufshcd-pci.c,1,1,0,0,0,0,OBSOLETE,1,1
drivers/sh/clk/core.c,1,1,0,0,0,0,OBSOLETE,1,1
drivers/slimbus/messaging.c,1,1,0,0,0,0,OBSOLETE,3,2
drivers/slimbus/qcom-ngd-ctrl.c,1,1,0,0,0,0,OBSOLETE,1,0
drivers/soc/imx/gpc.c,1,1,0,0,0,0,OBSOLETE,2,0
drivers/soc/qcom/smem.c,1,1,0,0,0,0,OBSOLETE,1,1
drivers/soc/qcom/smem_state.c,1,1,0,0,0,0,OBSOLETE,2,1
drivers/soc/renesas/Makefile,1,1,0,0,0,0,OBSOLETE,4,0
drivers/spi/spi-bcm63xx.c,1,1,0,0,0,0,OBSOLETE,14,0
drivers/spi/spi-fsl-spi.c,1,1,0,0,0,0,OBSOLETE,1,1
drivers/spi/spi-mpc52xx.c,1,1,0,0,0,0,OBSOLETE,2,0
drivers/spi/spi-rockchip.c,1,1,0,0,0,0,OBSOLETE,1,0
drivers/spi/spi-xilinx.c,1,1,0,0,0,0,OBSOLETE,1,1
drivers/staging/greybus/light.c,1,1,0,0,0,0,OBSOLETE,6,2
drivers/staging/iio/frequency/ad9832.c,1,1,0,0,0,0,OBSOLETE,1,1
drivers/staging/iio/frequency/ad9834.c,1,1,0,0,0,0,OBSOLETE,1,1
drivers/staging/iio/impedance-analyzer/ad5933.c,1,1,0,0,0,0,OBSOLETE,1,1
drivers/staging/media/omap4iss/iss_video.c,1,1,0,0,0,0,OBSOLETE,2,1
drivers/staging/nvec/nvec_power.c,1,1,0,0,0,0,OBSOLETE,1,1
drivers/target/iscsi/cxgbit/cxgbit_main.c,1,1,0,0,0,0,OBSOLETE,1,1
drivers/target/iscsi/iscsi_target_parameters.h,1,1,0,0,0,0,OBSOLETE,1,1
drivers/target/loopback/tcm_loop.c,1,1,0,0,0,0,OBSOLETE,3,0
drivers/target/sbp/sbp_target.c,1,1,0,0,0,0,OBSOLETE,2,2
drivers/target/target_core_file.c,1,1,0,0,0,0,OBSOLETE,3,0
drivers/target/target_core_iblock.c,1,1,0,0,0,0,OBSOLETE,4,0
drivers/thermal/rockchip_thermal.c,1,1,0,0,0,0,OBSOLETE,1,0
drivers/thermal/spear_thermal.c,1,1,0,0,0,0,OBSOLETE,1,1
drivers/thunderbolt/ctl.c,1,1,0,0,0,0,OBSOLETE,5,0
drivers/thunderbolt/domain.c,1,1,0,0,0,0,OBSOLETE,1,1
drivers/tty/hvc/hvc_console.c,1,1,0,0,0,0,OBSOLETE,3,3
drivers/tty/vt/vc_screen.c,1,1,0,0,0,0,OBSOLETE,1,1
drivers/tty/vt/vt.c,1,1,0,0,0,0,OBSOLETE,1,0
drivers/usb/dwc2/core.c,1,1,0,0,0,0,OBSOLETE,1,0
drivers/usb/dwc2/core.h,1,1,0,0,0,0,OBSOLETE,1,1
drivers/usb/dwc2/gadget.c,1,1,0,0,0,0,OBSOLETE,1,0
drivers/usb/dwc2/platform.c,1,1,0,0,0,0,OBSOLETE,5,2
drivers/usb/early/xhci-dbc.c,1,1,0,0,0,0,OBSOLETE,4,0
drivers/usb/gadget/function/f_eem.c,1,1,0,0,0,0,OBSOLETE,6,1
drivers/usb/gadget/function/f_phonet.c,1,1,0,0,0,0,OBSOLETE,9,0
drivers/usb/gadget/function/f_uac1_legacy.c,1,1,0,0,0,0,OBSOLETE,37,10
drivers/usb/gadget/function/u_audio.h,1,1,0,0,0,0,OBSOLETE,1,1
drivers/usb/gadget/function/u_tcm.h,1,1,0,0,0,0,OBSOLETE,1,1
drivers/usb/gadget/function/u_uac1.h,1,1,0,0,0,0,OBSOLETE,1,1
drivers/usb/gadget/function/u_uac1_legacy.h,1,1,0,0,0,0,OBSOLETE,1,1
drivers/usb/gadget/legacy/Makefile,1,1,0,0,0,0,OBSOLETE,1,0
drivers/usb/gadget/legacy/zero.c,1,1,0,0,0,0,OBSOLETE,2,2
drivers/usb/gadget/u_f.c,1,1,0,0,0,0,OBSOLETE,1,1
drivers/usb/gadget/u_f.h,1,1,0,0,0,0,OBSOLETE,1,1
drivers/usb/gadget/u_os_desc.h,1,1,0,0,0,0,OBSOLETE,1,1
drivers/usb/gadget/udc/Kconfig,1,1,0,0,0,0,OBSOLETE,1,1
drivers/usb/gadget/udc/aspeed-vhub/dev.c,1,1,0,0,0,0,OBSOLETE,3,0
drivers/usb/gadget/udc/net2280.c,1,1,0,0,0,0,OBSOLETE,1,3
drivers/usb/host/ohci-platform.c,1,1,0,0,0,0,OBSOLETE,1,0
drivers/usb/host/pci-quirks.c,1,1,0,0,0,0,OBSOLETE,9,0
drivers/usb/misc/chaoskey.c,1,1,0,0,0,0,OBSOLETE,13,3
drivers/usb/mon/mon_bin.c,1,1,0,0,0,0,OBSOLETE,8,6
drivers/usb/mtu3/Kconfig,1,1,0,0,0,0,OBSOLETE,1,0
drivers/usb/musb/tusb6010.c,1,1,0,0,0,0,OBSOLETE,1,1
drivers/usb/phy/phy-twl6030-usb.c,1,1,0,0,0,0,OBSOLETE,1,2
drivers/usb/renesas_usbhs/mod_gadget.c,1,1,0,0,0,0,OBSOLETE,1,1
drivers/usb/renesas_usbhs/pipe.c,1,1,0,0,0,0,OBSOLETE,2,0
drivers/usb/serial/cp210x.c,1,1,0,0,0,0,OBSOLETE,1,0
drivers/usb/serial/digi_acceleport.c,1,1,0,0,0,0,OBSOLETE,21,2
drivers/usb/serial/io_usbvend.h,1,1,0,0,0,0,OBSOLETE,1,0
drivers/usb/serial/keyspan.c,1,1,0,0,0,0,OBSOLETE,4,0
drivers/usb/serial/kl5kusb105.c,1,1,0,0,0,0,OBSOLETE,2,2
drivers/usb/serial/mxuport.c,1,1,0,0,0,0,OBSOLETE,8,0
drivers/usb/serial/quatech2.c,1,1,0,0,0,0,OBSOLETE,1,1
drivers/usb/storage/realtek_cr.c,1,1,0,0,0,0,OBSOLETE,1,1
drivers/usb/storage/sddr55.c,1,1,0,0,0,0,OBSOLETE,6,0
drivers/usb/typec/bus.c,1,1,0,0,0,0,OBSOLETE,3,0
drivers/usb/usbip/usbip_common.c,1,1,0,0,0,0,OBSOLETE,12,0
drivers/video/backlight/lp855x_bl.c,1,1,0,0,0,0,OBSOLETE,1,1
drivers/video/fbdev/au1100fb.c,1,1,0,0,0,0,OBSOLETE,3,1
drivers/video/fbdev/au1200fb.c,1,1,0,0,0,0,OBSOLETE,4,2
drivers/video/fbdev/core/fbcvt.c,1,1,0,0,0,0,OBSOLETE,1,1
drivers/video/fbdev/core/modedb.c,1,1,0,0,0,0,OBSOLETE,1,1
drivers/video/fbdev/core/tileblit.c,1,1,0,0,0,0,OBSOLETE,36,1
drivers/video/fbdev/fsl-diu-fb.c,1,1,0,0,0,0,OBSOLETE,1,0
drivers/video/fbdev/imxfb.c,1,1,0,0,0,0,OBSOLETE,7,2
drivers/video/fbdev/matrox/g450_pll.c,1,1,0,0,0,0,OBSOLETE,1,1
drivers/video/fbdev/offb.c,1,1,0,0,0,0,OBSOLETE,6,1
drivers/video/fbdev/omap2/omapfb/dss/dispc.c,1,1,0,0,0,0,OBSOLETE,5,1
drivers/video/fbdev/omap2/omapfb/dss/dss-of.c,1,1,0,0,0,0,OBSOLETE,1,0
drivers/video/fbdev/pxafb.c,1,1,0,0,0,0,OBSOLETE,6,6
drivers/video/fbdev/riva/riva_hw.c,1,1,0,0,0,0,OBSOLETE,3,0
drivers/video/fbdev/sm501fb.c,1,1,0,0,0,0,OBSOLETE,7,0
drivers/video/fbdev/tcx.c,1,1,0,0,0,0,OBSOLETE,1,1
drivers/video/fbdev/tdfxfb.c,1,1,0,0,0,0,OBSOLETE,3,0
drivers/w1/w1.c,1,1,0,0,0,0,OBSOLETE,0,2
drivers/watchdog/dw_wdt.c,1,1,0,0,0,0,OBSOLETE,2,0
drivers/watchdog/mpc8xxx_wdt.c,1,1,0,0,0,0,OBSOLETE,2,0
drivers/watchdog/via_wdt.c,1,1,0,0,0,0,OBSOLETE,1,0
drivers/xen/xen-acpi-processor.c,1,1,0,0,0,0,OBSOLETE,2,5
drivers/xen/xenbus/xenbus_dev_frontend.c,1,1,0,0,0,0,OBSOLETE,1,1
fs/afs/cache.c,1,1,0,0,0,0,OBSOLETE,1,1
fs/afs/dynroot.c,1,1,0,0,0,0,OBSOLETE,1,1
fs/afs/rotate.c,1,1,0,0,0,0,OBSOLETE,1,1
fs/afs/xdr_fs.h,1,1,0,0,0,0,OBSOLETE,1,1
fs/binfmt_flat.c,1,1,0,0,0,0,OBSOLETE,1,1
fs/btrfs/extent-tree.c,1,1,0,0,0,0,OBSOLETE,1,1
fs/btrfs/ref-verify.c,1,1,0,0,0,0,OBSOLETE,1,0
fs/btrfs/send.c,1,1,0,0,0,0,OBSOLETE,2,4
fs/btrfs/volumes.c,1,1,0,0,0,0,OBSOLETE,3,2
fs/ceph/locks.c,1,1,0,0,0,0,OBSOLETE,4,1
fs/ceph/xattr.c,1,1,0,0,0,0,OBSOLETE,1,0
fs/cifs/cifsfs.c,1,1,0,0,0,0,OBSOLETE,4,0
fs/configfs/dir.c,1,1,0,0,0,0,OBSOLETE,1,1
fs/crypto/Makefile,1,1,0,0,0,0,OBSOLETE,10,1
fs/dax.c,1,1,0,0,0,0,OBSOLETE,1,1
fs/dlm/lock.c,1,1,0,0,0,0,OBSOLETE,1,1
fs/efivarfs/inode.c,1,1,0,0,0,0,OBSOLETE,1,1
fs/efivarfs/internal.h,1,1,0,0,0,0,OBSOLETE,0,1
fs/ext4/balloc.c,1,1,0,0,0,0,OBSOLETE,2,2
fs/ext4/file.c,1,1,0,0,0,0,OBSOLETE,4,0
fs/f2fs/gc.h,1,1,0,0,0,0,OBSOLETE,1,4
fs/fs_struct.c,1,1,0,0,0,0,OBSOLETE,1,0
fs/fscache/main.c,1,1,0,0,0,0,OBSOLETE,1,2
fs/gfs2/inode.c,1,1,0,0,0,0,OBSOLETE,2,1
fs/gfs2/lock_dlm.c,1,1,0,0,0,0,OBSOLETE,2,1
fs/gfs2/quota.c,1,1,0,0,0,0,OBSOLETE,1,1
fs/hfs/mdb.c,1,1,0,0,0,0,OBSOLETE,1,1
fs/hfs/super.c,1,1,0,0,0,0,OBSOLETE,3,1
fs/hfsplus/btree.c,1,1,0,0,0,0,OBSOLETE,6,0
fs/hfsplus/dir.c,1,1,0,0,0,0,OBSOLETE,6,1
fs/hfsplus/extents.c,1,1,0,0,0,0,OBSOLETE,0,3
fs/hfsplus/xattr.c,1,1,0,0,0,0,OBSOLETE,5,1
fs/hpfs/alloc.c,1,1,0,0,0,0,OBSOLETE,1,1
fs/isofs/dir.c,1,1,0,0,0,0,OBSOLETE,2,1
fs/isofs/inode.c,1,1,0,0,0,0,OBSOLETE,8,1
fs/isofs/rock.c,1,1,0,0,0,0,OBSOLETE,9,0
fs/jbd2/checkpoint.c,1,1,0,0,0,0,OBSOLETE,1,0
fs/jffs2/compr_rtime.c,1,1,0,0,0,0,OBSOLETE,3,0
fs/jffs2/erase.c,1,1,0,0,0,0,OBSOLETE,3,1
fs/jffs2/file.c,1,1,0,0,0,0,OBSOLETE,2,2
fs/jffs2/scan.c,1,1,0,0,0,0,OBSOLETE,3,1
fs/jfs/file.c,1,1,0,0,0,0,OBSOLETE,3,0
fs/jfs/jfs_discard.c,1,1,0,0,0,0,OBSOLETE,2,1
fs/jfs/jfs_imap.c,1,1,0,0,0,0,OBSOLETE,1,1
fs/jfs/jfs_logmgr.c,1,1,0,0,0,0,OBSOLETE,1,0
fs/jfs/jfs_txnmgr.c,1,1,0,0,0,0,OBSOLETE,5,4
fs/jfs/xattr.c,1,1,0,0,0,0,OBSOLETE,10,5
fs/nfs/Makefile,1,1,0,0,0,0,OBSOLETE,2,1
fs/nfs/export.c,1,1,0,0,0,0,OBSOLETE,9,2
fs/nfs/flexfilelayout/flexfilelayout.c,1,1,0,0,0,0,OBSOLETE,1,0
fs/nfs/nfs4state.c,1,1,0,0,0,0,OBSOLETE,12,1
fs/nfs/nfs4trace.h,1,1,0,0,0,0,OBSOLETE,2,0
fs/nfsd/export.c,1,1,0,0,0,0,OBSOLETE,1,1
fs/nilfs2/btree.c,1,1,0,0,0,0,OBSOLETE,3,1
fs/nilfs2/dat.c,1,1,0,0,0,0,OBSOLETE,3,0
fs/nilfs2/direct.c,1,1,0,0,0,0,OBSOLETE,3,0
fs/nilfs2/ioctl.c,1,1,0,0,0,0,OBSOLETE,6,0
fs/nilfs2/nilfs.h,1,1,0,0,0,0,OBSOLETE,8,2
fs/nilfs2/page.h,1,1,0,0,0,0,OBSOLETE,2,2
fs/nilfs2/sysfs.h,1,1,0,0,0,0,OBSOLETE,4,4
fs/ocfs2/cluster/nodemanager.c,1,1,0,0,0,0,OBSOLETE,1,1
fs/ocfs2/ocfs2_trace.h,1,1,0,0,0,0,OBSOLETE,4,6
fs/ocfs2/stack_user.c,1,1,0,0,0,0,OBSOLETE,1,0
fs/omfs/inode.c,1,1,0,0,0,0,OBSOLETE,6,0
fs/proc/loadavg.c,1,1,0,0,0,0,OBSOLETE,0,3
fs/proc/vmcore.c,1,1,0,0,0,0,OBSOLETE,2,0
fs/squashfs/cache.c,1,1,0,0,0,0,OBSOLETE,3,0
fs/sysfs/group.c,1,1,0,0,0,0,OBSOLETE,1,1
fs/ubifs/Makefile,1,1,0,0,0,0,OBSOLETE,1,1
fs/ubifs/key.h,1,1,0,0,0,0,OBSOLETE,0,1
fs/ubifs/lprops.c,1,1,0,0,0,0,OBSOLETE,1,1
fs/ubifs/orphan.c,1,1,0,0,0,0,OBSOLETE,1,1
fs/udf/inode.c,1,1,0,0,0,0,OBSOLETE,3,0
fs/udf/misc.c,1,1,0,0,0,0,OBSOLETE,6,2
fs/xfs/libxfs/xfs_ialloc.c,1,1,0,0,0,0,OBSOLETE,6,5
fs/xfs/scrub/attr.c,1,1,0,0,0,0,OBSOLETE,4,1
fs/xfs/scrub/btree.c,1,1,0,0,0,0,OBSOLETE,2,0
fs/xfs/scrub/dabtree.c,1,1,0,0,0,0,OBSOLETE,2,0
include/acpi/acpixf.h,1,1,0,0,0,0,OBSOLETE,70,60
include/asm-generic/audit_change_attr.h,1,1,0,0,0,0,OBSOLETE,3,0
include/asm-generic/audit_read.h,1,1,0,0,0,0,OBSOLETE,6,0
include/crypto/if_alg.h,1,1,0,0,0,0,OBSOLETE,2,3
include/crypto/poly1305.h,1,1,0,0,0,0,OBSOLETE,74,15
include/drm/spsc_queue.h,1,1,0,0,0,0,OBSOLETE,3,1
include/linux/anon_inodes.h,1,1,0,0,0,0,OBSOLETE,5,0
include/linux/ata.h,1,1,0,0,0,0,OBSOLETE,1,0
include/linux/backing-dev.h,1,1,0,0,0,0,OBSOLETE,1,0
include/linux/buffer_head.h,1,1,0,0,0,0,OBSOLETE,1,1
include/linux/cgroup_rdma.h,1,1,0,0,0,0,OBSOLETE,1,4
include/linux/clocksource.h,1,1,0,0,0,0,OBSOLETE,2,0
include/linux/compat.h,1,1,0,0,0,0,OBSOLETE,6,0
include/linux/cper.h,1,1,0,0,0,0,OBSOLETE,4,1
include/linux/elfnote.h,1,1,0,0,0,0,OBSOLETE,1,1
include/linux/errno.h,1,1,0,0,0,0,OBSOLETE,1,0
include/linux/extable.h,1,1,0,0,0,0,OBSOLETE,10,0
include/linux/genalloc.h,1,1,0,0,0,0,OBSOLETE,1,0
include/linux/iio/frequency/adf4350.h,1,1,0,0,0,0,OBSOLETE,1,1
include/linux/irq.h,1,1,0,0,0,0,OBSOLETE,6,0
include/linux/kallsyms.h,1,1,0,0,0,0,OBSOLETE,1,1
include/linux/kprobes.h,1,1,0,0,0,0,OBSOLETE,1,1
include/linux/ktime.h,1,1,0,0,0,0,OBSOLETE,1,8
include/linux/log2.h,1,1,0,0,0,0,OBSOLETE,34,0
include/linux/mfd/wm8350/core.h,1,1,0,0,0,0,OBSOLETE,1,1
include/linux/mlx4/device.h,1,1,0,0,0,0,OBSOLETE,1,1
include/linux/mtd/super.h,1,1,0,0,0,0,OBSOLETE,3,3
include/linux/nd.h,1,1,0,0,0,0,OBSOLETE,1,9
include/linux/netfilter/ipset/ip_set.h,1,1,0,0,0,0,OBSOLETE,1,1
include/linux/nmi.h,1,1,0,0,0,0,OBSOLETE,5,10
include/linux/parport.h,1,1,0,0,0,0,OBSOLETE,1,0
include/linux/pci_ids.h,1,1,0,0,0,0,OBSOLETE,4,0
include/linux/platform_data/lp855x.h,1,1,0,0,0,0,OBSOLETE,2,2
include/linux/pm.h,1,1,0,0,0,0,OBSOLETE,1,0
include/linux/poll.h,1,1,0,0,0,0,OBSOLETE,9,1
include/linux/pps_kernel.h,1,1,0,0,0,0,OBSOLETE,2,2
include/linux/proc_ns.h,1,1,0,0,0,0,OBSOLETE,4,2
include/linux/quotaops.h,1,1,0,0,0,0,OBSOLETE,1,8
include/linux/rcutree.h,1,1,0,0,0,0,OBSOLETE,1,0
include/linux/sched/smt.h,1,1,0,0,0,0,OBSOLETE,1,1
include/linux/sock_diag.h,1,1,0,0,0,0,OBSOLETE,13,1
include/linux/socket.h,1,1,0,0,0,0,OBSOLETE,1,0
include/linux/textsearch.h,1,1,0,0,0,0,OBSOLETE,1,0
include/linux/time.h,1,1,0,0,0,0,OBSOLETE,3,0
include/linux/tnum.h,1,1,0,0,0,0,OBSOLETE,12,0
include/linux/types.h,1,1,0,0,0,0,OBSOLETE,2,1
include/linux/uprobes.h,1,1,0,0,0,0,OBSOLETE,1,0
include/linux/usb/typec_dp.h,1,1,0,0,0,0,OBSOLETE,1,0
include/linux/virtio_config.h,1,1,0,0,0,0,OBSOLETE,1,1
include/linux/wm97xx.h,1,1,0,0,0,0,OBSOLETE,0,1
include/media/v4l2-device.h,1,1,0,0,0,0,OBSOLETE,11,0
include/net/bluetooth/l2cap.h,1,1,0,0,0,0,OBSOLETE,1,0
include/net/dst_cache.h,1,1,0,0,0,0,OBSOLETE,11,0
include/net/garp.h,1,1,0,0,0,0,OBSOLETE,1,1
include/net/inet6_hashtables.h,1,1,0,0,0,0,OBSOLETE,1,2
include/net/ip_vs.h,1,1,0,0,0,0,OBSOLETE,1,2
include/net/ipv6.h,1,1,0,0,0,0,OBSOLETE,2,0
include/net/l3mdev.h,1,1,0,0,0,0,OBSOLETE,2,0
include/net/lapb.h,1,1,0,0,0,0,OBSOLETE,1,1
include/net/lwtunnel.h,1,1,0,0,0,0,OBSOLETE,2,0
include/net/mpls.h,1,1,0,0,0,0,OBSOLETE,1,9
include/net/mpls_iptunnel.h,1,1,0,0,0,0,OBSOLETE,1,9
include/net/mrp.h,1,1,0,0,0,0,OBSOLETE,1,1
include/net/netfilter/nf_conntrack_helper.h,1,1,0,0,0,0,OBSOLETE,1,1
include/net/netfilter/nf_tables_core.h,1,1,0,0,0,0,OBSOLETE,1,1
include/net/netprio_cgroup.h,1,1,0,0,0,0,OBSOLETE,1,1
include/net/nfc/nci_core.h,1,1,0,0,0,0,OBSOLETE,1,1
include/net/nfc/nfc.h,1,1,0,0,0,0,OBSOLETE,2,0
include/net/phonet/pn_dev.h,1,1,0,0,0,0,OBSOLETE,1,1
include/rdma/ib_verbs.h,1,1,0,0,0,0,OBSOLETE,1,1
include/scsi/libiscsi.h,1,1,0,0,0,0,OBSOLETE,2,0
include/trace/events/pagemap.h,1,1,0,0,0,0,OBSOLETE,4,7
include/uapi/linux/fcntl.h,1,1,0,0,0,0,OBSOLETE,1,0
include/uapi/linux/hyperv.h,1,1,0,0,0,0,OBSOLETE,1,1
include/uapi/linux/limits.h,1,1,0,0,0,0,OBSOLETE,2,2
include/uapi/linux/media.h,1,1,0,0,0,0,OBSOLETE,8,0
include/uapi/linux/mman.h,1,1,0,0,0,0,OBSOLETE,3,2
include/uapi/linux/ndctl.h,1,1,0,0,0,0,OBSOLETE,0,4
include/uapi/linux/netfilter_bridge.h,1,1,0,0,0,0,OBSOLETE,4,0
include/uapi/linux/nfs_mount.h,1,1,0,0,0,0,OBSOLETE,0,9
include/uapi/linux/sock_diag.h,1,1,0,0,0,0,OBSOLETE,26,0
include/uapi/linux/types.h,1,1,0,0,0,0,OBSOLETE,1,0
include/uapi/linux/udp.h,1,1,0,0,0,0,OBSOLETE,1,0
include/uapi/sound/asound.h,1,1,0,0,0,0,OBSOLETE,1,1
include/video/udlfb.h,1,1,0,0,0,0,OBSOLETE,1,0
kernel/Kconfig.locks,1,1,0,0,0,0,OBSOLETE,3,0
kernel/bpf/bpf_lru_list.c,1,1,0,0,0,0,OBSOLETE,1,4
kernel/cgroup/Makefile,1,1,0,0,0,0,OBSOLETE,2,2
kernel/debug/kdb/kdb_main.c,1,1,0,0,0,0,OBSOLETE,1,6
kernel/kthread.c,1,1,0,0,0,0,OBSOLETE,1,0
kernel/latencytop.c,1,1,0,0,0,0,OBSOLETE,2,2
kernel/locking/qrwlock.c,1,1,0,0,0,0,OBSOLETE,3,3
kernel/pid_namespace.c,1,1,0,0,0,0,OBSOLETE,1,1
kernel/power/autosleep.c,1,1,0,0,0,0,OBSOLETE,1,1
kernel/rcu/Kconfig.debug,1,1,0,0,0,0,OBSOLETE,11,0
kernel/sched/cpupri.h,1,1,0,0,0,0,OBSOLETE,5,1
kernel/taskstats.c,1,1,0,0,0,0,OBSOLETE,1,0
kernel/trace/trace_clock.c,1,1,0,0,0,0,OBSOLETE,1,1
kernel/trace/trace_events_hist.c,1,1,0,0,0,0,OBSOLETE,6,6
kernel/trace/trace_functions_graph.c,1,1,0,0,0,0,OBSOLETE,1,0
kernel/trace/trace_irqsoff.c,1,1,0,0,0,0,OBSOLETE,0,2
kernel/trace/trace_sched_wakeup.c,1,1,0,0,0,0,OBSOLETE,0,2
kernel/ucount.c,1,1,0,0,0,0,OBSOLETE,1,1
kernel/utsname_sysctl.c,1,1,0,0,0,0,OBSOLETE,1,1
lib/842/842_compress.c,1,1,0,0,0,0,OBSOLETE,2,0
lib/crypto/blake2s-generic.c,1,1,0,0,0,0,OBSOLETE,5,1
lib/dynamic_queue_limits.c,1,1,0,0,0,0,OBSOLETE,1,1
lib/find_bit_benchmark.c,1,1,0,0,0,0,OBSOLETE,1,9
lib/genalloc.c,1,1,0,0,0,0,OBSOLETE,4,1
lib/mpi/mpicoder.c,1,1,0,0,0,0,OBSOLETE,1,1
lib/sg_split.c,1,1,0,0,0,0,OBSOLETE,0,2
lib/ts_kmp.c,1,1,0,0,0,0,OBSOLETE,16,2
mm/memfd.c,1,1,0,0,0,0,OBSOLETE,2,1
mm/page_idle.c,1,1,0,0,0,0,OBSOLETE,0,10
mm/pgtable-generic.c,1,1,0,0,0,0,OBSOLETE,3,2
net/6lowpan/iphc.c,1,1,0,0,0,0,OBSOLETE,2,2
net/802/garp.c,1,1,0,0,0,0,OBSOLETE,1,1
net/802/psnap.c,1,1,0,0,0,0,OBSOLETE,2,2
net/8021q/vlan_netlink.c,1,1,0,0,0,0,OBSOLETE,6,1
net/atm/lec.h,1,1,0,0,0,0,OBSOLETE,1,1
net/atm/mpc.c,1,1,0,0,0,0,OBSOLETE,2,0
net/atm/raw.c,1,1,0,0,0,0,OBSOLETE,1,1
net/atm/resources.c,1,1,0,0,0,0,OBSOLETE,1,2
net/ax25/af_ax25.c,1,1,0,0,0,0,OBSOLETE,1,1
net/ax25/ax25_in.c,1,1,0,0,0,0,OBSOLETE,4,0
net/batman-adv/bat_v_elp.h,1,1,0,0,0,0,OBSOLETE,0,1
net/batman-adv/fragmentation.h,1,1,0,0,0,0,OBSOLETE,2,1
net/batman-adv/hard-interface.h,1,1,0,0,0,0,OBSOLETE,1,0
net/batman-adv/network-coding.c,1,1,0,0,0,0,OBSOLETE,6,1
net/batman-adv/routing.c,1,1,0,0,0,0,OBSOLETE,1,2
net/batman-adv/soft-interface.c,1,1,0,0,0,0,OBSOLETE,1,0
net/batman-adv/tp_meter.h,1,1,0,0,0,0,OBSOLETE,1,0
net/batman-adv/tvlv.h,1,1,0,0,0,0,OBSOLETE,1,1
net/bluetooth/bnep/core.c,1,1,0,0,0,0,OBSOLETE,1,1
net/bluetooth/bnep/sock.c,1,1,0,0,0,0,OBSOLETE,1,9
net/bluetooth/hci_conn.c,1,1,0,0,0,0,OBSOLETE,2,2
net/bluetooth/hci_sock.c,1,1,0,0,0,0,OBSOLETE,2,8
net/bluetooth/hidp/sock.c,1,1,0,0,0,0,OBSOLETE,1,9
net/bluetooth/smp.h,1,1,0,0,0,0,OBSOLETE,1,0
net/bpf/Makefile,1,1,0,0,0,0,OBSOLETE,1,1
net/bridge/br.c,1,1,0,0,0,0,OBSOLETE,1,1
net/bridge/br_netfilter_hooks.c,1,1,0,0,0,0,OBSOLETE,1,1
net/bridge/br_nf_core.c,1,1,0,0,0,0,OBSOLETE,2,5
net/bridge/netfilter/ebt_snat.c,1,1,0,0,0,0,OBSOLETE,3,0
net/caif/cffrml.c,1,1,0,0,0,0,OBSOLETE,8,1
net/caif/cfsrvl.c,1,1,0,0,0,0,OBSOLETE,12,2
net/core/dst_cache.c,1,1,0,0,0,0,OBSOLETE,19,0
net/core/page_pool.c,1,1,0,0,0,0,OBSOLETE,1,5
net/core/ptp_classifier.c,1,1,0,0,0,0,OBSOLETE,1,9
net/core/request_sock.c,1,1,0,0,0,0,OBSOLETE,1,1
net/core/utils.c,1,1,0,0,0,0,OBSOLETE,2,2
net/dccp/feat.c,1,1,0,0,0,0,OBSOLETE,5,1
net/dccp/ipv6.c,1,1,0,0,0,0,OBSOLETE,1,1
net/ieee802154/6lowpan/tx.c,1,1,0,0,0,0,OBSOLETE,5,0
net/ieee802154/socket.c,1,1,0,0,0,0,OBSOLETE,7,5
net/ipv4/fib_rules.c,1,1,0,0,0,0,OBSOLETE,2,2
net/ipv4/ip_options.c,1,1,0,0,0,0,OBSOLETE,4,0
net/ipv4/ip_tunnel_core.c,1,1,0,0,0,0,OBSOLETE,15,0
net/ipv4/ping.c,1,1,0,0,0,0,OBSOLETE,1,3
net/ipv4/tcp_metrics.c,1,1,0,0,0,0,OBSOLETE,0,10
net/ipv6/fib6_rules.c,1,1,0,0,0,0,OBSOLETE,2,2
net/ipv6/ila/ila_lwt.c,1,1,0,0,0,0,OBSOLETE,3,1
net/ipv6/ip6_flowlabel.c,1,1,0,0,0,0,OBSOLETE,0,5
net/ipv6/ip6_offload.c,1,1,0,0,0,0,OBSOLETE,3,1
net/ipv6/ip6_udp_tunnel.c,1,1,0,0,0,0,OBSOLETE,5,0
net/ipv6/netfilter/ip6t_hbh.c,1,1,0,0,0,0,OBSOLETE,4,0
net/ipv6/netfilter/ip6t_rt.c,1,1,0,0,0,0,OBSOLETE,4,0
net/ipv6/raw.c,1,1,0,0,0,0,OBSOLETE,1,1
net/ipv6/sit.c,1,1,0,0,0,0,OBSOLETE,1,0
net/ipv6/syncookies.c,1,1,0,0,0,0,OBSOLETE,2,1
net/ipv6/xfrm6_tunnel.c,1,1,0,0,0,0,OBSOLETE,1,1
net/llc/af_llc.c,1,1,0,0,0,0,OBSOLETE,4,4
net/llc/llc_input.c,1,1,0,0,0,0,OBSOLETE,1,1
net/mac80211/iface.c,1,1,0,0,0,0,OBSOLETE,3,0
net/mac80211/ocb.c,1,1,0,0,0,0,OBSOLETE,3,0
net/mac80211/tdls.c,1,1,0,0,0,0,OBSOLETE,1,1
net/mac802154/iface.c,1,1,0,0,0,0,OBSOLETE,4,0
net/ncsi/ncsi-aen.c,1,1,0,0,0,0,OBSOLETE,2,1
net/netfilter/ipvs/ip_vs_sched.c,1,1,0,0,0,0,OBSOLETE,7,7
net/netfilter/nf_conntrack_h323_main.c,1,1,0,0,0,0,OBSOLETE,5,5
net/netfilter/nf_conntrack_proto_tcp.c,1,1,0,0,0,0,OBSOLETE,2,1
net/netfilter/nf_conntrack_standalone.c,1,1,0,0,0,0,OBSOLETE,1,1
net/netfilter/nf_log.c,1,1,0,0,0,0,OBSOLETE,1,1
net/netfilter/nf_nat_amanda.c,1,1,0,0,0,0,OBSOLETE,1,1
net/netfilter/nft_exthdr.c,1,1,0,0,0,0,OBSOLETE,3,0
net/netfilter/nft_tproxy.c,1,1,0,0,0,0,OBSOLETE,2,2
net/netfilter/nft_tunnel.c,1,1,0,0,0,0,OBSOLETE,1,1
net/netfilter/xt_LED.c,1,1,0,0,0,0,OBSOLETE,3,1
net/netfilter/xt_NFQUEUE.c,1,1,0,0,0,0,OBSOLETE,1,1
net/netfilter/xt_RATEEST.c,1,1,0,0,0,0,OBSOLETE,1,1
net/netfilter/xt_cpu.c,1,1,0,0,0,0,OBSOLETE,1,1
net/netfilter/xt_dccp.c,1,1,0,0,0,0,OBSOLETE,2,2
net/netfilter/xt_mac.c,1,1,0,0,0,0,OBSOLETE,23,11
net/netfilter/xt_nfacct.c,1,1,0,0,0,0,OBSOLETE,2,2
net/netfilter/xt_owner.c,1,1,0,0,0,0,OBSOLETE,25,12
net/netfilter/xt_physdev.c,1,1,0,0,0,0,OBSOLETE,19,10
net/netfilter/xt_policy.c,1,1,0,0,0,0,OBSOLETE,1,1
net/netfilter/xt_rateest.c,1,1,0,0,0,0,OBSOLETE,5,0
net/netfilter/xt_realm.c,1,1,0,0,0,0,OBSOLETE,1,1
net/netfilter/xt_tcpmss.c,1,1,0,0,0,0,OBSOLETE,1,1
net/netfilter/xt_tcpudp.c,1,1,0,0,0,0,OBSOLETE,4,2
net/netfilter/xt_time.c,1,1,0,0,0,0,OBSOLETE,2,2
net/netlabel/netlabel_kapi.c,1,1,0,0,0,0,OBSOLETE,5,0
net/netrom/nr_out.c,1,1,0,0,0,0,OBSOLETE,3,1
net/nfc/digital_technology.c,1,1,0,0,0,0,OBSOLETE,6,0
net/nfc/nci/uart.c,1,1,0,0,0,0,OBSOLETE,4,4
net/nfc/rawsock.c,1,1,0,0,0,0,OBSOLETE,11,0
net/openvswitch/conntrack.h,1,1,0,0,0,0,OBSOLETE,1,9
net/openvswitch/flow_netlink.h,1,1,0,0,0,0,OBSOLETE,0,2
net/openvswitch/vport.c,1,1,0,0,0,0,OBSOLETE,3,0
net/phonet/sysctl.c,1,1,0,0,0,0,OBSOLETE,1,2
net/rds/ib.h,1,1,0,0,0,0,OBSOLETE,1,0
net/rds/ib_send.c,1,1,0,0,0,0,OBSOLETE,2,0
net/rds/rds.h,1,1,0,0,0,0,OBSOLETE,1,1
net/rds/send.c,1,1,0,0,0,0,OBSOLETE,4,2
net/rxrpc/call_accept.c,1,1,0,0,0,0,OBSOLETE,3,0
net/rxrpc/rxkad.c,1,1,0,0,0,0,OBSOLETE,6,1
net/rxrpc/sendmsg.c,1,1,0,0,0,0,OBSOLETE,1,1
net/sched/act_csum.c,1,1,0,0,0,0,OBSOLETE,5,1
net/sched/cls_flow.c,1,1,0,0,0,0,OBSOLETE,9,1
net/sched/em_meta.c,1,1,0,0,0,0,OBSOLETE,1,1
net/sched/sch_red.c,1,1,0,0,0,0,OBSOLETE,1,1
net/sctp/associola.c,1,1,0,0,0,0,OBSOLETE,2,1
net/sctp/inqueue.c,1,1,0,0,0,0,OBSOLETE,7,6
net/strparser/Kconfig,1,1,0,0,0,0,OBSOLETE,1,3
net/sunrpc/auth_gss/svcauth_gss.c,1,1,0,0,0,0,OBSOLETE,2,1
net/sunrpc/clnt.c,1,1,0,0,0,0,OBSOLETE,0,3
net/tipc/link.c,1,1,0,0,0,0,OBSOLETE,1,0
net/tipc/monitor.c,1,1,0,0,0,0,OBSOLETE,2,1
net/tipc/topsrv.c,1,1,0,0,0,0,OBSOLETE,2,0
net/unix/diag.c,1,1,0,0,0,0,OBSOLETE,13,8
net/wireless/mlme.c,1,1,0,0,0,0,OBSOLETE,2,1
net/wireless/radiotap.c,1,1,0,0,0,0,OBSOLETE,2,2
net/wireless/reg.c,1,1,0,0,0,0,OBSOLETE,2,1
net/wireless/wext-compat.c,1,1,0,0,0,0,OBSOLETE,1,1
net/wireless/wext-core.c,1,1,0,0,0,0,OBSOLETE,4,0
net/wireless/wext-priv.c,1,1,0,0,0,0,OBSOLETE,4,0
net/x25/x25_subr.c,1,1,0,0,0,0,OBSOLETE,1,0
net/xdp/Kconfig,1,1,0,0,0,0,OBSOLETE,8,0
net/xfrm/Kconfig,1,1,0,0,0,0,OBSOLETE,11,0
net/xfrm/Makefile,1,1,0,0,0,0,OBSOLETE,1,0
net/xfrm/xfrm_ipcomp.c,1,1,0,0,0,0,OBSOLETE,0,1
samples/bpf/test_cgrp2_sock.c,1,1,0,0,0,0,OBSOLETE,3,1
samples/mei/mei-amt-version.c,1,1,0,0,0,0,OBSOLETE,1,1
samples/v4l/v4l2-pci-skeleton.c,1,1,0,0,0,0,OBSOLETE,1,1
scripts/dtc/dt_to_config,1,1,0,0,0,0,OBSOLETE,1,2
scripts/dtc/fdtput.c,1,1,0,0,0,0,OBSOLETE,1,15
scripts/dtc/libfdt/fdt_empty_tree.c,1,1,0,0,0,0,OBSOLETE,1,46
scripts/dtc/libfdt/libfdt_env.h,1,1,0,0,0,0,OBSOLETE,3,46
scripts/gcc-plugins/gcc-common.h,1,1,0,0,0,0,OBSOLETE,32,0
scripts/genksyms/genksyms.h,1,1,0,0,0,0,OBSOLETE,1,1
scripts/kconfig/lxdialog/inputbox.c,1,1,0,0,0,0,OBSOLETE,4,2
scripts/kconfig/lxdialog/menubox.c,1,1,0,0,0,0,OBSOLETE,1,1
scripts/kconfig/merge_config.sh,1,1,0,0,0,0,OBSOLETE,2,2
scripts/kconfig/nconf.gui.c,1,1,0,0,0,0,OBSOLETE,1,0
scripts/mod/file2alias.c,1,1,0,0,0,0,OBSOLETE,2,2
security/apparmor/Kconfig,1,1,0,0,0,0,OBSOLETE,0,16
security/apparmor/domain.c,1,1,0,0,0,0,OBSOLETE,1,1
security/apparmor/include/cred.h,1,1,0,0,0,0,OBSOLETE,15,1
security/apparmor/include/file.h,1,1,0,0,0,0,OBSOLETE,4,1
security/apparmor/include/policy_ns.h,1,1,0,0,0,0,OBSOLETE,2,0
security/apparmor/include/secid.h,1,1,0,0,0,0,OBSOLETE,3,0
security/apparmor/policy_ns.c,1,1,0,0,0,0,OBSOLETE,2,0
security/apparmor/secid.c,1,1,0,0,0,0,OBSOLETE,1,2
security/commoncap.c,1,1,0,0,0,0,OBSOLETE,0,1
security/integrity/evm/evm_secfs.c,1,1,0,0,0,0,OBSOLETE,1,1
security/integrity/ima/ima_api.c,1,1,0,0,0,0,OBSOLETE,0,1
security/keys/encrypted-keys/masterkey_trusted.c,1,1,0,0,0,0,OBSOLETE,0,1
security/keys/request_key.c,1,1,0,0,0,0,OBSOLETE,1,1
security/keys/request_key_auth.c,1,1,0,0,0,0,OBSOLETE,0,1
security/selinux/include/audit.h,1,1,0,0,0,0,OBSOLETE,0,3
security/selinux/include/ibpkey.h,1,1,0,0,0,0,OBSOLETE,1,11
security/selinux/netif.c,1,1,0,0,0,0,OBSOLETE,1,1
sound/aoa/soundbus/i2sbus/core.c,1,1,0,0,0,0,OBSOLETE,3,0
sound/core/oss/pcm_oss.c,1,1,0,0,0,0,OBSOLETE,3,2
sound/core/seq/oss/seq_oss_rw.c,1,1,0,0,0,0,OBSOLETE,3,3
sound/core/sound.c,1,1,0,0,0,0,OBSOLETE,7,0
sound/firewire/fireworks/fireworks_command.c,1,1,0,0,0,0,OBSOLETE,4,1
sound/firewire/motu/motu-hwdep.c,1,1,0,0,0,0,OBSOLETE,1,1
sound/isa/sb/sb16_main.c,1,1,0,0,0,0,OBSOLETE,4,0
sound/pci/asihpi/hpicmn.c,1,1,0,0,0,0,OBSOLETE,6,0
sound/pci/asihpi/hpimsgx.c,1,1,0,0,0,0,OBSOLETE,4,2
sound/pci/asihpi/hpioctl.c,1,1,0,0,0,0,OBSOLETE,1,8
sound/pci/ctxfi/ctatc.c,1,1,0,0,0,0,OBSOLETE,2,1
sound/pci/ctxfi/ctdaio.c,1,1,0,0,0,0,OBSOLETE,1,0
sound/pci/ctxfi/ctvmem.h,1,1,0,0,0,0,OBSOLETE,1,1
sound/pci/hda/hda_bind.c,1,1,0,0,0,0,OBSOLETE,1,1
sound/pci/hda/patch_ca0132.c,1,1,0,0,0,0,OBSOLETE,1,1
sound/pci/hda/patch_conexant.c,1,1,0,0,0,0,OBSOLETE,2,0
sound/pcmcia/pdaudiocf/pdaudiocf.c,1,1,0,0,0,0,OBSOLETE,7,1
sound/pcmcia/vx/vxpocket.c,1,1,0,0,0,0,OBSOLETE,7,1
sound/sh/Kconfig,1,1,0,0,0,0,OBSOLETE,1,1
sound/soc/codecs/ab8500-codec.c,1,1,0,0,0,0,OBSOLETE,3,3
sound/soc/codecs/max98090.c,1,1,0,0,0,0,OBSOLETE,4,2
sound/soc/codecs/rt5640.c,1,1,0,0,0,0,OBSOLETE,5,0
sound/soc/codecs/wm8940.c,1,1,0,0,0,0,OBSOLETE,1,1
sound/soc/codecs/wm8962.c,1,1,0,0,0,0,OBSOLETE,1,1
sound/soc/codecs/wm8974.c,1,1,0,0,0,0,OBSOLETE,6,2
sound/soc/qcom/qdsp6/q6asm.c,1,1,0,0,0,0,OBSOLETE,1,1
sound/soc/sh/rcar/adg.c,1,1,0,0,0,0,OBSOLETE,1,1
sound/soc/sti/uniperif_player.c,1,1,0,0,0,0,OBSOLETE,7,2
sound/usb/6fire/control.c,1,1,0,0,0,0,OBSOLETE,6,4
sound/usb/caiaq/input.c,1,1,0,0,0,0,OBSOLETE,1,1
tools/bpf/bpftool/common.c,1,1,0,0,0,0,OBSOLETE,2,1
tools/include/uapi/linux/mman.h,1,1,0,0,0,0,OBSOLETE,3,2
tools/lib/lockdep/include/liblockdep/common.h,1,1,0,0,0,0,OBSOLETE,4,2
tools/lib/lockdep/include/liblockdep/mutex.h,1,1,0,0,0,0,OBSOLETE,1,1
tools/lib/lockdep/include/liblockdep/rwlock.h,1,1,0,0,0,0,OBSOLETE,1,1
tools/lib/subcmd/help.c,1,1,0,0,0,0,OBSOLETE,3,0
tools/perf/builtin-report.c,1,1,0,0,0,0,OBSOLETE,1,1
tools/perf/builtin-top.c,1,1,0,0,0,0,OBSOLETE,1,1
tools/perf/tests/bp_account.c,1,1,0,0,0,0,OBSOLETE,1,0
tools/perf/ui/browsers/hists.c,1,1,0,0,0,0,OBSOLETE,1,1
tools/perf/util/lzma.c,1,1,0,0,0,0,OBSOLETE,1,1
tools/perf/util/units.c,1,1,0,0,0,0,OBSOLETE,1,1
tools/perf/util/zlib.c,1,1,0,0,0,0,OBSOLETE,1,1
tools/power/cpupower/bench/parse.c,1,1,0,0,0,0,OBSOLETE,4,0
tools/spi/.gitignore,1,1,0,0,0,0,OBSOLETE,1,0
tools/testing/ktest/config-bisect.pl,1,1,0,0,0,0,OBSOLETE,2,2
tools/testing/nvdimm/test/iomap.c,1,1,0,0,0,0,OBSOLETE,1,9
tools/testing/nvdimm/test/nfit_test.h,1,1,0,0,0,0,OBSOLETE,1,9
tools/testing/selftests/bpf/test_lirc_mode2_user.c,1,1,0,0,0,0,OBSOLETE,1,1
tools/testing/selftests/bpf/test_maps.c,1,1,0,0,0,0,OBSOLETE,1,5
tools/testing/selftests/ftrace/test.d/ftrace/func-filter-glob.tc,1,1,0,0,0,0,OBSOLETE,1,1
tools/testing/selftests/ftrace/test.d/ftrace/func_traceonoff_triggers.tc,1,1,0,0,0,0,OBSOLETE,3,2
tools/testing/selftests/futex/include/futextest.h,1,1,0,0,0,0,OBSOLETE,11,0
tools/testing/selftests/lib.mk,1,1,0,0,0,0,OBSOLETE,1,0
tools/testing/selftests/seccomp/seccomp_bpf.c,1,1,0,0,0,0,OBSOLETE,5,2
arch/x86/net/bpf_jit_comp.c,20,0,0,0,0,0,SKIP_ARCH,1249,108
arch/s390/mm/gmap.c,15,0,0,0,0,0,SKIP_ARCH,21,21
arch/x86/kvm/x86.c,13,0,0,0,0,0,SKIP_ARCH,41,10
arch/parisc/mm/init.c,12,0,0,0,0,0,SKIP_ARCH,48,56
arch/s390/kvm/priv.c,10,0,0,0,0,0,SKIP_ARCH,17,17
arch/x86/mm/fault.c,10,0,0,0,0,0,SKIP_ARCH,19,19
arch/alpha/kernel/entry.S,9,0,0,0,0,0,SKIP_ARCH,10,14
arch/s390/kvm/kvm-s390.c,9,0,0,0,0,0,SKIP_ARCH,13,13
arch/sparc/mm/fault_32.c,9,0,0,0,0,0,SKIP_ARCH,11,11
arch/arm/crypto/aes-cipher-core.S,8,0,0,0,0,0,SKIP_ARCH,52,10
arch/sparc/mm/fault_64.c,8,0,0,0,0,0,SKIP_ARCH,8,8
arch/x86/Kconfig,8,0,0,0,0,0,SKIP_ARCH,13,4
arch/x86/crypto/Makefile,8,0,0,0,0,0,SKIP_ARCH,29,5
arch/x86/entry/vdso/Makefile,8,0,0,0,0,0,SKIP_ARCH,17,6
arch/x86/mm/kasan_init_64.c,8,0,0,0,0,0,SKIP_ARCH,30,27
arch/ia64/include/asm/machvec.h,7,0,0,0,0,0,SKIP_ARCH,0,13
arch/m68k/kernel/head.S,7,0,0,0,0,0,SKIP_ARCH,26,15
arch/microblaze/mm/fault.c,7,0,0,0,0,0,SKIP_ARCH,8,8
arch/mips/vdso/Makefile,7,0,0,0,0,0,SKIP_ARCH,35,8
arch/powerpc/perf/core-book3s.c,7,0,0,0,0,0,SKIP_ARCH,8,10
arch/x86/crypto/aegis128-aesni-asm.S,7,0,0,0,0,0,SKIP_ARCH,15,14
arch/x86/kernel/cpu/amd.c,7,0,0,0,0,0,SKIP_ARCH,91,12
arch/arm/kernel/topology.c,6,0,0,0,0,0,SKIP_ARCH,172,47
arch/ia64/mm/fault.c,6,0,0,0,0,0,SKIP_ARCH,6,6
arch/m68k/kernel/sys_m68k.c,6,0,0,0,0,0,SKIP_ARCH,9,7
arch/mips/kernel/pm-cps.c,6,0,0,0,0,0,SKIP_ARCH,17,13
arch/mips/kernel/vdso.c,6,0,0,0,0,0,SKIP_ARCH,8,33
arch/nds32/mm/fault.c,6,0,0,0,0,0,SKIP_ARCH,8,8
arch/powerpc/mm/fault.c,6,0,0,0,0,0,SKIP_ARCH,7,7
arch/powerpc/mm/subpage-prot.c,6,0,0,0,0,0,SKIP_ARCH,7,7
arch/sh/mm/fault.c,6,0,0,0,0,0,SKIP_ARCH,7,7
arch/x86/crypto/sha1_ssse3_glue.c,6,0,0,0,0,0,SKIP_ARCH,30,40
arch/x86/crypto/sha256_ssse3_glue.c,6,0,0,0,0,0,SKIP_ARCH,22,22
arch/x86/entry/vdso/vma.c,6,0,0,0,0,0,SKIP_ARCH,6,42
arch/x86/xen/mmu_pv.c,6,0,0,0,0,0,SKIP_ARCH,5,7
arch/xtensa/mm/fault.c,6,0,0,0,0,0,SKIP_ARCH,6,6
arch/alpha/mm/fault.c,5,0,0,0,0,0,SKIP_ARCH,8,8
arch/arc/mm/fault.c,5,0,0,0,0,0,SKIP_ARCH,5,5
arch/arm/Kconfig,5,0,0,0,0,0,SKIP_ARCH,5,2
arch/arm/Makefile,5,0,0,0,0,0,SKIP_ARCH,16,3
arch/arm/boot/dts/vexpress-v2p-ca15_a7.dts,5,0,0,0,0,0,SKIP_ARCH,5,0
arch/arm/kernel/ftrace.c,5,0,0,0,0,0,SKIP_ARCH,0,51
arch/arm/kernel/setup.c,5,0,0,0,0,0,SKIP_ARCH,24,1
arch/arm/kernel/smp.c,5,0,0,0,0,0,SKIP_ARCH,29,2
arch/arm/lib/uaccess_with_memcpy.c,5,0,0,0,0,0,SKIP_ARCH,8,8
arch/arm/mm/fault.c,5,0,0,0,0,0,SKIP_ARCH,13,5
arch/hexagon/mm/vm_fault.c,5,0,0,0,0,0,SKIP_ARCH,6,6
arch/ia64/kernel/perfmon.c,5,0,0,0,0,0,SKIP_ARCH,14,11
arch/m68k/mm/fault.c,5,0,0,0,0,0,SKIP_ARCH,5,5
arch/mips/net/bpf_jit.c,5,0,0,0,0,0,SKIP_ARCH,9,9
arch/nios2/mm/fault.c,5,0,0,0,0,0,SKIP_ARCH,7,7
arch/openrisc/mm/fault.c,5,0,0,0,0,0,SKIP_ARCH,6,6
arch/parisc/kernel/entry.S,5,0,0,0,0,0,SKIP_ARCH,13,5
arch/parisc/mm/fault.c,5,0,0,0,0,0,SKIP_ARCH,5,5
arch/riscv/mm/fault.c,5,0,0,0,0,0,SKIP_ARCH,6,6
arch/s390/hypfs/inode.c,5,0,0,0,0,0,SKIP_ARCH,70,58
arch/s390/include/asm/tlb.h,5,0,0,0,0,0,SKIP_ARCH,39,107
arch/s390/mm/cmm.c,5,0,0,0,0,0,SKIP_ARCH,5,7
arch/s390/mm/fault.c,5,0,0,0,0,0,SKIP_ARCH,5,6
arch/sparc/lib/NGmemcpy.S,5,0,0,0,0,0,SKIP_ARCH,18,11
arch/x86/include/asm/syscall_wrapper.h,5,0,0,0,0,0,SKIP_ARCH,24,9
arch/x86/kernel/cpu/intel.c,5,0,0,0,0,0,SKIP_ARCH,36,18
arch/x86/kvm/emulate.c,5,0,0,0,0,0,SKIP_ARCH,4,6
arch/arm/boot/dts/am335x-bone-common.dtsi,4,0,0,0,0,0,SKIP_ARCH,13,1
arch/arm/boot/dts/dra7.dtsi,4,0,0,0,0,0,SKIP_ARCH,0,11
arch/arm/configs/multi_v7_defconfig,4,0,0,0,0,0,SKIP_ARCH,12,4
arch/arm/mach-omap2/control.c,4,0,0,0,0,0,SKIP_ARCH,22,7
arch/arm/mach-omap2/timer.c,4,0,0,0,0,0,SKIP_ARCH,1,52
arch/m68k/include/asm/bitops.h,4,0,0,0,0,0,SKIP_ARCH,14,11
arch/mips/Makefile,4,0,0,0,0,0,SKIP_ARCH,4,4
arch/powerpc/kernel/prom_init.c,4,0,0,0,0,0,SKIP_ARCH,28,3
arch/powerpc/net/bpf_jit_comp.c,4,0,0,0,0,0,SKIP_ARCH,8,8
arch/s390/appldata/appldata_base.c,4,0,0,0,0,0,SKIP_ARCH,5,6
arch/sparc/lib/M7memcpy.S,4,0,0,0,0,0,SKIP_ARCH,10,10
arch/um/kernel/trap.c,4,0,0,0,0,0,SKIP_ARCH,4,4
arch/unicore32/mm/fault.c,4,0,0,0,0,0,SKIP_ARCH,5,5
arch/x86/boot/compressed/string.c,4,0,0,0,0,0,SKIP_ARCH,10,4
arch/x86/crypto/sha512_ssse3_glue.c,4,0,0,0,0,0,SKIP_ARCH,15,16
arch/x86/kernel/cpu/bugs.c,4,0,0,0,0,0,SKIP_ARCH,5,8
arch/x86/kernel/cpu/common.c,4,0,0,0,0,0,SKIP_ARCH,34,9
arch/x86/kernel/head_64.S,4,0,0,0,0,0,SKIP_ARCH,6,7
arch/x86/mm/init_64.c,4,0,0,0,0,0,SKIP_ARCH,4,4
arch/x86/mm/mpx.c,4,0,0,0,0,0,SKIP_ARCH,6,6
arch/x86/mm/pti.c,4,0,0,0,0,0,SKIP_ARCH,12,11
arch/arm/boot/compressed/head.S,3,0,0,0,0,0,SKIP_ARCH,9,14
arch/arm/boot/dts/mt2701-evb.dts,3,0,0,0,0,0,SKIP_ARCH,21,0
arch/arm/crypto/Kconfig,3,0,0,0,0,0,SKIP_ARCH,46,3
arch/arm/crypto/Makefile,3,0,0,0,0,0,SKIP_ARCH,24,3
arch/arm/include/asm/pgtable-2level.h,3,0,0,0,0,0,SKIP_ARCH,11,4
arch/arm/include/asm/pgtable.h,3,0,0,0,0,0,SKIP_ARCH,6,1
arch/arm/include/asm/word-at-a-time.h,3,0,0,0,0,0,SKIP_ARCH,5,5
arch/arm/kernel/entry-ftrace.S,3,0,0,0,0,0,SKIP_ARCH,4,71
arch/arm/lib/backtrace.S,3,0,0,0,0,0,SKIP_ARCH,20,1
arch/arm/mach-integrator/integrator_cp.c,3,0,0,0,0,0,SKIP_ARCH,4,9
arch/arm/mm/Makefile,3,0,0,0,0,0,SKIP_ARCH,9,0
arch/arm/mm/dma-mapping.c,3,0,0,0,0,0,SKIP_ARCH,3,2
arch/m68k/kernel/early_printk.c,3,0,0,0,0,0,SKIP_ARCH,14,28
arch/mips/kernel/mips-cm.c,3,0,0,0,0,0,SKIP_ARCH,14,0
arch/mips/mm/c-r4k.c,3,0,0,0,0,0,SKIP_ARCH,3,3
arch/mips/mm/tlb-r4k.c,3,0,0,0,0,0,SKIP_ARCH,82,1
arch/nds32/kernel/vdso.c,3,0,0,0,0,0,SKIP_ARCH,4,3
arch/parisc/kernel/head.S,3,0,0,0,0,0,SKIP_ARCH,7,2
arch/parisc/kernel/pdt.c,3,0,0,0,0,0,SKIP_ARCH,3,1
arch/powerpc/include/asm/tlb.h,3,0,0,0,0,0,SKIP_ARCH,13,18
arch/powerpc/kernel/vdso.c,3,0,0,0,0,0,SKIP_ARCH,4,4
arch/powerpc/mm/ptdump/hashpagetable.c,3,0,0,0,0,0,SKIP_ARCH,7,1
arch/powerpc/net/bpf_jit_comp64.c,3,0,0,0,0,0,SKIP_ARCH,37,18
arch/s390/kernel/debug.c,3,0,0,0,0,0,SKIP_ARCH,9,1
arch/s390/kernel/vdso.c,3,0,0,0,0,0,SKIP_ARCH,3,3
arch/s390/kvm/gaccess.c,3,0,0,0,0,0,SKIP_ARCH,3,3
arch/s390/kvm/vsie.c,3,0,0,0,0,0,SKIP_ARCH,19,6
arch/s390/mm/pgalloc.c,3,0,0,0,0,0,SKIP_ARCH,2,62
arch/sparc/mm/hugetlbpage.c,3,0,0,0,0,0,SKIP_ARCH,22,2
arch/sparc/mm/tlb.c,3,0,0,0,0,0,SKIP_ARCH,5,2
arch/x86/Makefile,3,0,0,0,0,0,SKIP_ARCH,9,6
arch/x86/crypto/poly1305_glue.c,3,0,0,0,0,0,SKIP_ARCH,209,122
arch/x86/entry/syscalls/syscall_32.tbl,3,0,0,0,0,0,SKIP_ARCH,6,2
arch/x86/hyperv/hv_init.c,3,0,0,0,0,0,SKIP_ARCH,3,3
arch/x86/include/asm/pgtable.h,3,0,0,0,0,0,SKIP_ARCH,9,3
arch/x86/include/asm/segment.h,3,0,0,0,0,0,SKIP_ARCH,43,3
arch/x86/kernel/cpu/mcheck/mce_amd.c,3,0,0,0,0,0,SKIP_ARCH,17,11
arch/x86/kernel/nmi.c,3,0,0,0,0,0,SKIP_ARCH,42,0
arch/x86/kvm/svm.c,3,0,0,0,0,0,SKIP_ARCH,3,3
arch/x86/mm/debug_pagetables.c,3,0,0,0,0,0,SKIP_ARCH,5,5
arch/x86/mm/dump_pagetables.c,3,0,0,0,0,0,SKIP_ARCH,7,6
arch/x86/mm/pageattr.c,3,0,0,0,0,0,SKIP_ARCH,11,3
arch/x86/mm/pgtable.c,3,0,0,0,0,0,SKIP_ARCH,5,2
arch/x86/mm/tlb.c,3,0,0,0,0,0,SKIP_ARCH,9,9
arch/x86/xen/xen-pvh.S,3,0,0,0,0,0,SKIP_ARCH,4,0
arch/alpha/kernel/traps.c,2,0,0,0,0,0,SKIP_ARCH,3,3
arch/arc/kernel/troubleshoot.c,2,0,0,0,0,0,SKIP_ARCH,2,2
arch/arm/boot/dts/Makefile,2,0,0,0,0,0,SKIP_ARCH,1,12
arch/arm/boot/dts/mt7623.dtsi,2,0,0,0,0,0,SKIP_ARCH,2,2
arch/arm/boot/dts/qcom-apq8064.dtsi,2,0,0,0,0,0,SKIP_ARCH,4,9
arch/arm/boot/dts/usb_a9263.dts,2,0,0,0,0,0,SKIP_ARCH,2,2
arch/arm/include/asm/processor.h,2,0,0,0,0,0,SKIP_ARCH,1,10
arch/arm/kernel/process.c,2,0,0,0,0,0,SKIP_ARCH,2,2
arch/arm/kernel/unwind.c,2,0,0,0,0,0,SKIP_ARCH,4,1
arch/arm/lib/Makefile,2,0,0,0,0,0,SKIP_ARCH,7,1
arch/arm/mach-mediatek/mediatek.c,2,0,0,0,0,0,SKIP_ARCH,1,2
arch/arm/mach-omap2/board-generic.c,2,0,0,0,0,0,SKIP_ARCH,2,2
arch/arm/mach-omap2/cm33xx.c,2,0,0,0,0,0,SKIP_ARCH,13,1
arch/arm/mach-omap2/cm_common.c,2,0,0,0,0,0,SKIP_ARCH,6,2
arch/arm/mach-omap2/prm_common.c,2,0,0,0,0,0,SKIP_ARCH,6,2
arch/arm/mm/cache-v7.S,2,0,0,0,0,0,SKIP_ARCH,2,2
arch/hexagon/kernel/vdso.c,2,0,0,0,0,0,SKIP_ARCH,2,2
arch/ia64/include/asm/machvec_sn2.h,2,0,0,0,0,0,SKIP_ARCH,0,2
arch/ia64/mm/init.c,2,0,0,0,0,0,SKIP_ARCH,6,6
arch/ia64/mm/tlb.c,2,0,0,0,0,0,SKIP_ARCH,21,2
arch/m68k/include/asm/vga.h,2,0,0,0,0,0,SKIP_ARCH,4,4
arch/m68k/lib/memmove.c,2,0,0,0,0,0,SKIP_ARCH,18,0
arch/m68k/mac/config.c,2,0,0,0,0,0,SKIP_ARCH,2,2
arch/mips/Kconfig,2,0,0,0,0,0,SKIP_ARCH,2,0
arch/mips/include/asm/mips-cm.h,2,0,0,0,0,0,SKIP_ARCH,22,0
arch/mips/include/asm/processor.h,2,0,0,0,0,0,SKIP_ARCH,1,15
arch/mips/include/asm/vdso.h,2,0,0,0,0,0,SKIP_ARCH,2,76
arch/mips/kernel/process.c,2,0,0,0,0,0,SKIP_ARCH,10,8
arch/mips/kernel/traps.c,2,0,0,0,0,0,SKIP_ARCH,3,3
arch/mips/lasat/sysctl.c,2,0,0,0,0,0,SKIP_ARCH,5,8
arch/mips/lib/multi3.c,2,0,0,0,0,0,SKIP_ARCH,3,3
arch/mips/mm/c-octeon.c,2,0,0,0,0,0,SKIP_ARCH,3,3
arch/nds32/kernel/vdso/gettimeofday.c,2,0,0,0,0,0,SKIP_ARCH,3,1
arch/nios2/include/asm/pgtable.h,2,0,0,0,0,0,SKIP_ARCH,16,1
arch/nios2/mm/init.c,2,0,0,0,0,0,SKIP_ARCH,3,3
arch/parisc/Kconfig,2,0,0,0,0,0,SKIP_ARCH,4,8
arch/parisc/include/asm/pgtable.h,2,0,0,0,0,0,SKIP_ARCH,1,2
arch/parisc/kernel/asm-offsets.c,2,0,0,0,0,0,SKIP_ARCH,3,1
arch/parisc/kernel/traps.c,2,0,0,0,0,0,SKIP_ARCH,3,3
arch/powerpc/boot/addnote.c,2,0,0,0,0,0,SKIP_ARCH,4,3
arch/powerpc/kernel/kvm.c,2,0,0,0,0,0,SKIP_ARCH,4,4
arch/powerpc/kernel/vmlinux.lds.S,2,0,0,0,0,0,SKIP_ARCH,0,8
arch/powerpc/kvm/book3s_64_mmu_hv.c,2,0,0,0,0,0,SKIP_ARCH,2,2
arch/powerpc/kvm/book3s_64_vio.c,2,0,0,0,0,0,SKIP_ARCH,2,2
arch/powerpc/kvm/book3s_hv.c,2,0,0,0,0,0,SKIP_ARCH,3,3
arch/powerpc/kvm/e500_mmu_host.c,2,0,0,0,0,0,SKIP_ARCH,2,2
arch/powerpc/lib/code-patching.c,2,0,0,0,0,0,SKIP_ARCH,2,2
arch/powerpc/mm/copro_fault.c,2,0,0,0,0,0,SKIP_ARCH,2,2
arch/powerpc/mm/hugetlbpage.c,2,0,0,0,0,0,SKIP_ARCH,3,2
arch/powerpc/mm/mmu_context_iommu.c,2,0,0,0,0,0,SKIP_ARCH,2,2
arch/powerpc/oprofile/cell/spu_task_sync.c,2,0,0,0,0,0,SKIP_ARCH,3,3
arch/powerpc/platforms/cell/spufs/inode.c,2,0,0,0,0,0,SKIP_ARCH,7,2
arch/powerpc/platforms/cell/spufs/sched.c,2,0,0,0,0,0,SKIP_ARCH,3,6
arch/riscv/kernel/vdso.c,2,0,0,0,0,0,SKIP_ARCH,2,2
arch/s390/configs/debug_defconfig,2,0,0,0,0,0,SKIP_ARCH,1,1
arch/s390/configs/performance_defconfig,2,0,0,0,0,0,SKIP_ARCH,1,1
arch/s390/include/asm/timex.h,2,0,0,0,0,0,SKIP_ARCH,6,7
arch/s390/kvm/trace-s390.h,2,0,0,0,0,0,SKIP_ARCH,2,2
arch/s390/pci/pci_mmio.c,2,0,0,0,0,0,SKIP_ARCH,2,2
arch/sh/include/asm/tlb.h,2,0,0,0,0,0,SKIP_ARCH,1,141
arch/sh/kernel/sys_sh.c,2,0,0,0,0,0,SKIP_ARCH,3,3
arch/sh/kernel/vsyscall/vsyscall.c,2,0,0,0,0,0,SKIP_ARCH,2,2
arch/sparc/lib/U1memcpy.S,2,0,0,0,0,0,SKIP_ARCH,10,9
arch/sparc/lib/U3memcpy.S,2,0,0,0,0,0,SKIP_ARCH,1,1
arch/sparc/net/bpf_jit_comp_32.c,2,0,0,0,0,0,SKIP_ARCH,4,4
arch/sparc/vdso/vma.c,2,0,0,0,0,0,SKIP_ARCH,2,2
arch/um/drivers/cow_user.c,2,0,0,0,0,0,SKIP_ARCH,7,1
arch/um/include/asm/mmu_context.h,2,0,0,0,0,0,SKIP_ARCH,3,2
arch/um/kernel/sysrq.c,2,0,0,0,0,0,SKIP_ARCH,1,3
arch/um/kernel/tlb.c,2,0,0,0,0,0,SKIP_ARCH,2,2
arch/x86/crypto/sha1_ssse3_asm.S,2,0,0,0,0,0,SKIP_ARCH,9,5
arch/x86/entry/syscall_32.c,2,0,0,0,0,0,SKIP_ARCH,3,5
arch/x86/entry/syscall_64.c,2,0,0,0,0,0,SKIP_ARCH,9,3
arch/x86/events/intel/core.c,2,0,0,0,0,0,SKIP_ARCH,6,3
arch/x86/ia32/ia32_signal.c,2,0,0,0,0,0,SKIP_ARCH,2,2
arch/x86/include/asm/cpufeatures.h,2,0,0,0,0,0,SKIP_ARCH,6,1
arch/x86/include/asm/msr-index.h,2,0,0,0,0,0,SKIP_ARCH,4,0
arch/x86/include/asm/processor.h,2,0,0,0,0,0,SKIP_ARCH,1,11
arch/x86/include/asm/smap.h,2,0,0,0,0,0,SKIP_ARCH,20,0
arch/x86/include/asm/tlbflush.h,2,0,0,0,0,0,SKIP_ARCH,13,5
arch/x86/include/asm/vgtod.h,2,0,0,0,0,0,SKIP_ARCH,9,87
arch/x86/kernel/apic/apic.c,2,0,0,0,0,0,SKIP_ARCH,6,0
arch/x86/kernel/dumpstack.c,2,0,0,0,0,0,SKIP_ARCH,2,3
arch/x86/kernel/kprobes/core.c,2,0,0,0,0,0,SKIP_ARCH,4,11
arch/x86/kernel/module.c,2,0,0,0,0,0,SKIP_ARCH,5,1
arch/x86/kernel/reboot.c,2,0,0,0,0,0,SKIP_ARCH,5,9
arch/x86/kernel/tsc.c,2,0,0,0,0,0,SKIP_ARCH,2,2
arch/x86/kernel/vm86_32.c,2,0,0,0,0,0,SKIP_ARCH,3,3
arch/x86/kernel/vmlinux.lds.S,2,0,0,0,0,0,SKIP_ARCH,13,3
arch/x86/kvm/lapic.c,2,0,0,0,0,0,SKIP_ARCH,25,7
arch/x86/kvm/vmx/vmx.c,2,0,0,0,0,0,SKIP_ARCH,1,1
arch/x86/pci/mmconfig-shared.c,2,0,0,0,0,0,SKIP_ARCH,2,2
arch/x86/tools/relocs.c,2,0,0,0,0,0,SKIP_ARCH,7,0
arch/x86/um/vdso/vma.c,2,0,0,0,0,0,SKIP_ARCH,2,2
arch/x86/xen/enlighten_pv.c,2,0,0,0,0,0,SKIP_ARCH,2,2
arch/xtensa/mm/kasan_init.c,2,0,0,0,0,0,SKIP_ARCH,11,7
arch/alpha/Kconfig,1,0,0,0,0,0,SKIP_ARCH,1,0
arch/alpha/boot/bootp.c,1,0,0,0,0,0,SKIP_ARCH,1,1
arch/alpha/boot/bootpz.c,1,0,0,0,0,0,SKIP_ARCH,1,1
arch/alpha/boot/main.c,1,0,0,0,0,0,SKIP_ARCH,1,1
arch/alpha/include/asm/io.h,1,0,0,0,0,0,SKIP_ARCH,1,1
arch/alpha/include/asm/pgtable.h,1,0,0,0,0,0,SKIP_ARCH,0,1
arch/alpha/include/asm/tlb.h,1,0,0,0,0,0,SKIP_ARCH,0,6
arch/alpha/include/uapi/asm/ioctls.h,1,0,0,0,0,0,SKIP_ARCH,4,4
arch/alpha/include/uapi/asm/ptrace.h,1,0,0,0,0,0,SKIP_ARCH,2,0
arch/alpha/include/uapi/asm/socket.h,1,0,0,0,0,0,SKIP_ARCH,2,0
arch/alpha/kernel/asm-offsets.c,1,0,0,0,0,0,SKIP_ARCH,2,0
arch/alpha/kernel/process.c,1,0,0,0,0,0,SKIP_ARCH,1,1
arch/alpha/kernel/proto.h,1,0,0,0,0,0,SKIP_ARCH,1,1
arch/alpha/kernel/ptrace.c,1,0,0,0,0,0,SKIP_ARCH,1,1
arch/alpha/kernel/setup.c,1,0,0,0,0,0,SKIP_ARCH,1,1
arch/alpha/kernel/smp.c,1,0,0,0,0,0,SKIP_ARCH,1,1
arch/alpha/kernel/sys_alcor.c,1,0,0,0,0,0,SKIP_ARCH,1,1
arch/alpha/kernel/sys_cabriolet.c,1,0,0,0,0,0,SKIP_ARCH,1,1
arch/alpha/kernel/sys_dp264.c,1,0,0,0,0,0,SKIP_ARCH,1,1
arch/alpha/kernel/sys_eb64p.c,1,0,0,0,0,0,SKIP_ARCH,1,1
arch/alpha/kernel/sys_eiger.c,1,0,0,0,0,0,SKIP_ARCH,1,1
arch/alpha/kernel/sys_jensen.c,1,0,0,0,0,0,SKIP_ARCH,1,1
arch/alpha/kernel/sys_marvel.c,1,0,0,0,0,0,SKIP_ARCH,1,1
arch/alpha/kernel/sys_miata.c,1,0,0,0,0,0,SKIP_ARCH,1,1
arch/alpha/kernel/sys_mikasa.c,1,0,0,0,0,0,SKIP_ARCH,1,1
arch/alpha/kernel/sys_nautilus.c,1,0,0,0,0,0,SKIP_ARCH,1,1
arch/alpha/kernel/sys_noritake.c,1,0,0,0,0,0,SKIP_ARCH,1,1
arch/alpha/kernel/sys_rawhide.c,1,0,0,0,0,0,SKIP_ARCH,1,1
arch/alpha/kernel/sys_ruffian.c,1,0,0,0,0,0,SKIP_ARCH,1,1
arch/alpha/kernel/sys_rx164.c,1,0,0,0,0,0,SKIP_ARCH,1,1
arch/alpha/kernel/sys_sable.c,1,0,0,0,0,0,SKIP_ARCH,1,1
arch/alpha/kernel/sys_sio.c,1,0,0,0,0,0,SKIP_ARCH,1,1
arch/alpha/kernel/sys_sx164.c,1,0,0,0,0,0,SKIP_ARCH,1,1
arch/alpha/kernel/sys_takara.c,1,0,0,0,0,0,SKIP_ARCH,1,1
arch/alpha/kernel/sys_titan.c,1,0,0,0,0,0,SKIP_ARCH,1,1
arch/alpha/kernel/sys_wildfire.c,1,0,0,0,0,0,SKIP_ARCH,1,1
arch/alpha/mm/init.c,1,0,0,0,0,0,SKIP_ARCH,1,1
arch/arc/include/asm/bitops.h,1,0,0,0,0,0,SKIP_ARCH,2,0
arch/arc/include/asm/pgtable.h,1,0,0,0,0,0,SKIP_ARCH,0,1
arch/arc/include/asm/tlb.h,1,0,0,0,0,0,SKIP_ARCH,0,32
arch/arc/kernel/process.c,1,0,0,0,0,0,SKIP_ARCH,2,2
arch/arc/kernel/unwind.c,1,0,0,0,0,0,SKIP_ARCH,3,3
arch/arc/kernel/vmlinux.lds.S,1,0,0,0,0,0,SKIP_ARCH,0,1
arch/arc/mm/highmem.c,1,0,0,0,0,0,SKIP_ARCH,1,1
arch/arc/mm/tlbex.S,1,0,0,0,0,0,SKIP_ARCH,1,1
arch/arm/Kconfig.debug,1,0,0,0,0,0,SKIP_ARCH,17,34
arch/arm/boot/dts/at91sam9263ek.dts,1,0,0,0,0,0,SKIP_ARCH,1,1
arch/arm/boot/dts/imx6q-ba16.dtsi,1,0,0,0,0,0,SKIP_ARCH,1,1
arch/arm/boot/dts/mt2701.dtsi,1,0,0,0,0,0,SKIP_ARCH,33,0
arch/arm/boot/dts/socfpga_cyclone5_de0_sockit.dts,1,0,0,0,0,0,SKIP_ARCH,0,112
arch/arm/boot/dts/sun5i-a13-utoo-p66.dts,1,0,0,0,0,0,SKIP_ARCH,1,0
arch/arm/boot/dts/tegra114.dtsi,1,0,0,0,0,0,SKIP_ARCH,1,1
arch/arm/boot/dts/tny_a9263.dts,1,0,0,0,0,0,SKIP_ARCH,1,1
arch/arm/boot/dts/vfxxx.dtsi,1,0,0,0,0,0,SKIP_ARCH,1,1
arch/arm/configs/badge4_defconfig,1,0,0,0,0,0,SKIP_ARCH,1,0
arch/arm/configs/bcm2835_defconfig,1,0,0,0,0,0,SKIP_ARCH,1,0
arch/arm/configs/corgi_defconfig,1,0,0,0,0,0,SKIP_ARCH,1,0
arch/arm/configs/pxa_defconfig,1,0,0,0,0,0,SKIP_ARCH,1,0
arch/arm/configs/s3c2410_defconfig,1,0,0,0,0,0,SKIP_ARCH,1,0
arch/arm/configs/socfpga_defconfig,1,0,0,0,0,0,SKIP_ARCH,1,0
arch/arm/configs/spitz_defconfig,1,0,0,0,0,0,SKIP_ARCH,1,0
arch/arm/crypto/.gitignore,1,0,0,0,0,0,SKIP_ARCH,1,0
arch/arm/crypto/chacha20-neon-core.S,1,0,0,0,0,0,SKIP_ARCH,0,521
arch/arm/crypto/chacha20-neon-glue.c,1,0,0,0,0,0,SKIP_ARCH,0,127
arch/arm/include/asm/assembler.h,1,0,0,0,0,0,SKIP_ARCH,17,0
arch/arm/include/asm/cacheflush.h,1,0,0,0,0,0,SKIP_ARCH,6,0
arch/arm/include/asm/clocksource.h,1,0,0,0,0,0,SKIP_ARCH,3,4
arch/arm/include/asm/cp15.h,1,0,0,0,0,0,SKIP_ARCH,1,19
arch/arm/include/asm/efi.h,1,0,0,0,0,0,SKIP_ARCH,1,1
arch/arm/include/asm/fixmap.h,1,0,0,0,0,0,SKIP_ARCH,1,1
arch/arm/include/asm/ftrace.h,1,0,0,0,0,0,SKIP_ARCH,0,3
arch/arm/include/asm/idmap.h,1,0,0,0,0,0,SKIP_ARCH,1,1
arch/arm/include/asm/pgtable-3level.h,1,0,0,0,0,0,SKIP_ARCH,0,6
arch/arm/include/asm/pgtable-nommu.h,1,0,0,0,0,0,SKIP_ARCH,0,1
arch/arm/include/asm/smp.h,1,0,0,0,0,0,SKIP_ARCH,6,0
arch/arm/include/asm/string.h,1,0,0,0,0,0,SKIP_ARCH,9,2
arch/arm/include/asm/system_misc.h,1,0,0,0,0,0,SKIP_ARCH,1,0
arch/arm/include/asm/tlb.h,1,0,0,0,0,0,SKIP_ARCH,13,250
arch/arm/include/asm/topology.h,1,0,0,0,0,0,SKIP_ARCH,11,0
arch/arm/include/uapi/asm/setup.h,1,0,0,0,0,0,SKIP_ARCH,1,1
arch/arm/kernel/armksyms.c,1,0,0,0,0,0,SKIP_ARCH,0,3
arch/arm/kernel/head.S,1,0,0,0,0,0,SKIP_ARCH,1,1
arch/arm/kernel/machine_kexec.c,1,0,0,0,0,0,SKIP_ARCH,1,1
arch/arm/kernel/module.c,1,0,0,0,0,0,SKIP_ARCH,1,1
arch/arm/kernel/ptrace.c,1,0,0,0,0,0,SKIP_ARCH,1,1
arch/arm/kernel/suspend.c,1,0,0,0,0,0,SKIP_ARCH,1,1
arch/arm/kernel/swp_emulate.c,1,0,0,0,0,0,SKIP_ARCH,2,2
arch/arm/kernel/vmlinux-xip.lds.S,1,0,0,0,0,0,SKIP_ARCH,0,1
arch/arm/kernel/vmlinux.lds.S,1,0,0,0,0,0,SKIP_ARCH,1,1
arch/arm/kvm/Kconfig,1,0,0,0,0,0,SKIP_ARCH,0,1
arch/arm/mach-ebsa110/core.c,1,0,0,0,0,0,SKIP_ARCH,1,1
arch/arm/mach-footbridge/common.c,1,0,0,0,0,0,SKIP_ARCH,1,1
arch/arm/mach-imx/mm-imx21.c,1,0,0,0,0,0,SKIP_ARCH,1,1
arch/arm/mach-imx/mm-imx27.c,1,0,0,0,0,0,SKIP_ARCH,1,1
arch/arm/mach-imx/mm-imx3.c,1,0,0,0,0,0,SKIP_ARCH,1,1
arch/arm/mach-integrator/core.c,1,0,0,0,0,0,SKIP_ARCH,1,1
arch/arm/mach-iop32x/iq31244.c,1,0,0,0,0,0,SKIP_ARCH,1,1
arch/arm/mach-iop32x/iq80321.c,1,0,0,0,0,0,SKIP_ARCH,1,1
arch/arm/mach-iop32x/n2100.c,1,0,0,0,0,0,SKIP_ARCH,1,1
arch/arm/mach-iop33x/iq80331.c,1,0,0,0,0,0,SKIP_ARCH,1,1
arch/arm/mach-iop33x/iq80332.c,1,0,0,0,0,0,SKIP_ARCH,1,1
arch/arm/mach-iop33x/uart.c,1,0,0,0,0,0,SKIP_ARCH,1,1
arch/arm/mach-ixp4xx/common.c,1,0,0,0,0,0,SKIP_ARCH,1,1
arch/arm/mach-keystone/platsmp.c,1,0,0,0,0,0,SKIP_ARCH,1,1
arch/arm/mach-mediatek/Kconfig,1,0,0,0,0,0,SKIP_ARCH,225,6
arch/arm/mach-mediatek/platsmp.c,1,0,0,0,0,0,SKIP_ARCH,1,1
arch/arm/mach-omap2/clockdomain.h,1,0,0,0,0,0,SKIP_ARCH,1,0
arch/arm/mach-omap2/clockdomains33xx_data.c,1,0,0,0,0,0,SKIP_ARCH,1,1
arch/arm/mach-pxa/mioa701.c,1,0,0,0,0,0,SKIP_ARCH,0,1
arch/arm/mach-pxa/palm27x.c,1,0,0,0,0,0,SKIP_ARCH,0,1
arch/arm/mach-pxa/palmte2.c,1,0,0,0,0,0,SKIP_ARCH,0,1
arch/arm/mach-sa1100/assabet.c,1,0,0,0,0,0,SKIP_ARCH,1,1
arch/arm/mach-sa1100/hackkit.c,1,0,0,0,0,0,SKIP_ARCH,1,1
arch/arm/mach-shmobile/headsmp.S,1,0,0,0,0,0,SKIP_ARCH,1,0
arch/arm/mach-socfpga/platsmp.c,1,0,0,0,0,0,SKIP_ARCH,1,0
arch/arm/mach-tegra/iomap.h,1,0,0,0,0,0,SKIP_ARCH,1,1
arch/arm/mach-tegra/reset.c,1,0,0,0,0,0,SKIP_ARCH,1,1
arch/arm/mach-zynq/common.c,1,0,0,0,0,0,SKIP_ARCH,1,1
arch/arm/mm/copypage-v4mc.c,1,0,0,0,0,0,SKIP_ARCH,1,1
arch/arm/mm/copypage-v6.c,1,0,0,0,0,0,SKIP_ARCH,1,1
arch/arm/mm/copypage-xscale.c,1,0,0,0,0,0,SKIP_ARCH,1,1
arch/arm/mm/dump.c,1,0,0,0,0,0,SKIP_ARCH,1,1
arch/arm/mm/fault-armv.c,1,0,0,0,0,0,SKIP_ARCH,1,1
arch/arm/mm/idmap.c,1,0,0,0,0,0,SKIP_ARCH,1,1
arch/arm/mm/mm.h,1,0,0,0,0,0,SKIP_ARCH,1,1
arch/arm/mm/pageattr.c,1,0,0,0,0,0,SKIP_ARCH,1,1
arch/arm/mm/physaddr.c,1,0,0,0,0,0,SKIP_ARCH,1,1
arch/arm/mm/proc-arm1020.S,1,0,0,0,0,0,SKIP_ARCH,1,1
arch/arm/mm/proc-arm1020e.S,1,0,0,0,0,0,SKIP_ARCH,1,1
arch/arm/mm/proc-arm1022.S,1,0,0,0,0,0,SKIP_ARCH,1,1
arch/arm/mm/proc-arm1026.S,1,0,0,0,0,0,SKIP_ARCH,1,1
arch/arm/mm/proc-arm720.S,1,0,0,0,0,0,SKIP_ARCH,1,1
arch/arm/mm/proc-arm740.S,1,0,0,0,0,0,SKIP_ARCH,1,1
arch/arm/mm/proc-arm7tdmi.S,1,0,0,0,0,0,SKIP_ARCH,1,1
arch/arm/mm/proc-arm920.S,1,0,0,0,0,0,SKIP_ARCH,1,1
arch/arm/mm/proc-arm922.S,1,0,0,0,0,0,SKIP_ARCH,1,1
arch/arm/mm/proc-arm925.S,1,0,0,0,0,0,SKIP_ARCH,1,1
arch/arm/mm/proc-arm926.S,1,0,0,0,0,0,SKIP_ARCH,1,1
arch/arm/mm/proc-arm940.S,1,0,0,0,0,0,SKIP_ARCH,1,1
arch/arm/mm/proc-arm946.S,1,0,0,0,0,0,SKIP_ARCH,1,1
arch/arm/mm/proc-arm9tdmi.S,1,0,0,0,0,0,SKIP_ARCH,1,1
arch/arm/mm/proc-fa526.S,1,0,0,0,0,0,SKIP_ARCH,1,1
arch/arm/mm/proc-feroceon.S,1,0,0,0,0,0,SKIP_ARCH,1,1
arch/arm/mm/proc-macros.S,1,0,0,0,0,0,SKIP_ARCH,8,8
arch/arm/mm/proc-mohawk.S,1,0,0,0,0,0,SKIP_ARCH,1,1
arch/arm/mm/proc-sa110.S,1,0,0,0,0,0,SKIP_ARCH,1,1
arch/arm/mm/proc-sa1100.S,1,0,0,0,0,0,SKIP_ARCH,1,1
arch/arm/mm/proc-v6.S,1,0,0,0,0,0,SKIP_ARCH,1,1
arch/arm/mm/proc-v7.S,1,0,0,0,0,0,SKIP_ARCH,1,1
arch/arm/mm/proc-xsc3.S,1,0,0,0,0,0,SKIP_ARCH,1,1
arch/arm/mm/proc-xscale.S,1,0,0,0,0,0,SKIP_ARCH,1,1
arch/arm/mm/pv-fixup-asm.S,1,0,0,0,0,0,SKIP_ARCH,1,1
arch/arm/plat-iop/i2c.c,1,0,0,0,0,0,SKIP_ARCH,1,1
arch/arm/tools/syscall.tbl,1,0,0,0,0,0,SKIP_ARCH,4,0
arch/c6x/Kconfig,1,0,0,0,0,0,SKIP_ARCH,1,0
arch/c6x/include/asm/pgtable.h,1,0,0,0,0,0,SKIP_ARCH,0,1
arch/c6x/include/asm/tlb.h,1,0,0,0,0,0,SKIP_ARCH,0,2
arch/hexagon/include/asm/cmpxchg.h,1,0,0,0,0,0,SKIP_ARCH,1,1
arch/hexagon/include/asm/pgtable.h,1,0,0,0,0,0,SKIP_ARCH,0,3
arch/hexagon/include/asm/tlb.h,1,0,0,0,0,0,SKIP_ARCH,0,12
arch/hexagon/kernel/traps.c,1,0,0,0,0,0,SKIP_ARCH,3,1
arch/hexagon/mm/uaccess.c,1,0,0,0,0,0,SKIP_ARCH,1,1
arch/ia64/hp/sim/boot/bootloader.c,1,0,0,0,0,0,SKIP_ARCH,1,1
arch/ia64/hp/sim/hpsim_console.c,1,0,0,0,0,0,SKIP_ARCH,1,1
arch/ia64/hp/sim/hpsim_setup.c,1,0,0,0,0,0,SKIP_ARCH,1,1
arch/ia64/include/asm/pgtable.h,1,0,0,0,0,0,SKIP_ARCH,0,1
arch/ia64/include/asm/tlb.h,1,0,0,0,0,0,SKIP_ARCH,1,268
arch/ia64/include/asm/tlbflush.h,1,0,0,0,0,0,SKIP_ARCH,25,0
arch/ia64/include/asm/uaccess.h,1,0,0,0,0,0,SKIP_ARCH,1,1
arch/ia64/include/uapi/asm/socket.h,1,0,0,0,0,0,SKIP_ARCH,2,0
arch/ia64/kernel/efi.c,1,0,0,0,0,0,SKIP_ARCH,1,1
arch/ia64/kernel/entry.S,1,0,0,0,0,0,SKIP_ARCH,1,1
arch/ia64/kernel/head.S,1,0,0,0,0,0,SKIP_ARCH,1,1
arch/ia64/kernel/irq_ia64.c,1,0,0,0,0,0,SKIP_ARCH,1,1
arch/ia64/kernel/ivt.S,1,0,0,0,0,0,SKIP_ARCH,1,1
arch/ia64/kernel/kprobes.c,1,0,0,0,0,0,SKIP_ARCH,1,1
arch/ia64/kernel/mca_asm.S,1,0,0,0,0,0,SKIP_ARCH,1,1
arch/ia64/kernel/ptrace.c,1,0,0,0,0,0,SKIP_ARCH,1,1
arch/ia64/kernel/relocate_kernel.S,1,0,0,0,0,0,SKIP_ARCH,1,1
arch/ia64/kernel/setup.c,1,0,0,0,0,0,SKIP_ARCH,1,1
arch/ia64/kernel/smp.c,1,0,0,0,0,0,SKIP_ARCH,1,1
arch/ia64/kernel/smpboot.c,1,0,0,0,0,0,SKIP_ARCH,1,1
arch/ia64/kernel/uncached.c,1,0,0,0,0,0,SKIP_ARCH,1,1
arch/ia64/kernel/vmlinux.lds.S,1,0,0,0,0,0,SKIP_ARCH,1,1
arch/ia64/mm/contig.c,1,0,0,0,0,0,SKIP_ARCH,1,1
arch/ia64/mm/hugetlbpage.c,1,0,0,0,0,0,SKIP_ARCH,2,1
arch/ia64/sn/kernel/sn2/sn2_smp.c,1,0,0,0,0,0,SKIP_ARCH,0,7
arch/m68k/68000/m68EZ328.c,1,0,0,0,0,0,SKIP_ARCH,1,1
arch/m68k/68000/m68VZ328.c,1,0,0,0,0,0,SKIP_ARCH,1,1
arch/m68k/68000/timers.c,1,0,0,0,0,0,SKIP_ARCH,1,1
arch/m68k/Kconfig,1,0,0,0,0,0,SKIP_ARCH,1,0
arch/m68k/Kconfig.debug,1,0,0,0,0,0,SKIP_ARCH,1,1
arch/m68k/amiga/config.c,1,0,0,0,0,0,SKIP_ARCH,1,1
arch/m68k/apollo/config.c,1,0,0,0,0,0,SKIP_ARCH,1,1
arch/m68k/atari/atasound.c,1,0,0,0,0,0,SKIP_ARCH,1,1
arch/m68k/atari/stram.c,1,0,0,0,0,0,SKIP_ARCH,1,1
arch/m68k/bvme6000/config.c,1,0,0,0,0,0,SKIP_ARCH,1,1
arch/m68k/fpsp040/skeleton.S,1,0,0,0,0,0,SKIP_ARCH,2,1
arch/m68k/include/asm/pgtable_mm.h,1,0,0,0,0,0,SKIP_ARCH,0,1
arch/m68k/include/asm/pgtable_no.h,1,0,0,0,0,0,SKIP_ARCH,0,1
arch/m68k/include/asm/sun3xflop.h,1,0,0,0,0,0,SKIP_ARCH,1,1
arch/m68k/include/asm/tlb.h,1,0,0,0,0,0,SKIP_ARCH,0,14
arch/m68k/kernel/entry.S,1,0,0,0,0,0,SKIP_ARCH,2,0
arch/m68k/kernel/process.c,1,0,0,0,0,0,SKIP_ARCH,1,1
arch/m68k/kernel/ptrace.c,1,0,0,0,0,0,SKIP_ARCH,1,1
arch/m68k/kernel/setup_no.c,1,0,0,0,0,0,SKIP_ARCH,1,1
arch/m68k/kernel/signal.c,1,0,0,0,0,0,SKIP_ARCH,1,1
arch/m68k/kernel/traps.c,1,0,0,0,0,0,SKIP_ARCH,1,1
arch/m68k/kernel/uboot.c,1,0,0,0,0,0,SKIP_ARCH,1,1
arch/m68k/mm/mcfmmu.c,1,0,0,0,0,0,SKIP_ARCH,1,1
arch/m68k/mm/sun3kmap.c,1,0,0,0,0,0,SKIP_ARCH,1,1
arch/m68k/mm/sun3mmu.c,1,0,0,0,0,0,SKIP_ARCH,1,1
arch/m68k/mvme147/config.c,1,0,0,0,0,0,SKIP_ARCH,1,1
arch/m68k/mvme16x/config.c,1,0,0,0,0,0,SKIP_ARCH,1,1
arch/m68k/q40/config.c,1,0,0,0,0,0,SKIP_ARCH,1,1
arch/m68k/sun3/config.c,1,0,0,0,0,0,SKIP_ARCH,1,1
arch/m68k/sun3/dvma.c,1,0,0,0,0,0,SKIP_ARCH,1,1
arch/m68k/sun3/mmu_emu.c,1,0,0,0,0,0,SKIP_ARCH,1,1
arch/m68k/sun3/sun3dvma.c,1,0,0,0,0,0,SKIP_ARCH,1,1
arch/m68k/sun3x/dvma.c,1,0,0,0,0,0,SKIP_ARCH,1,1
arch/m68k/sun3x/prom.c,1,0,0,0,0,0,SKIP_ARCH,1,1
arch/microblaze/Kconfig,1,0,0,0,0,0,SKIP_ARCH,1,0
arch/microblaze/include/asm/pgalloc.h,1,0,0,0,0,0,SKIP_ARCH,1,1
arch/microblaze/include/asm/pgtable.h,1,0,0,0,0,0,SKIP_ARCH,0,1
arch/microblaze/include/asm/tlb.h,1,0,0,0,0,0,SKIP_ARCH,0,9
arch/microblaze/include/asm/uaccess.h,1,0,0,0,0,0,SKIP_ARCH,1,1
arch/microblaze/kernel/hw_exception_handler.S,1,0,0,0,0,0,SKIP_ARCH,1,1
arch/microblaze/kernel/module.c,1,0,0,0,0,0,SKIP_ARCH,1,1
arch/microblaze/kernel/setup.c,1,0,0,0,0,0,SKIP_ARCH,1,1
arch/microblaze/kernel/signal.c,1,0,0,0,0,0,SKIP_ARCH,1,1
arch/microblaze/kernel/vmlinux.lds.S,1,0,0,0,0,0,SKIP_ARCH,0,2
arch/microblaze/mm/consistent.c,1,0,0,0,0,0,SKIP_ARCH,1,1
arch/microblaze/mm/pgtable.c,1,0,0,0,0,0,SKIP_ARCH,1,1
arch/mips/boot/dts/lantiq/danube.dtsi,1,0,0,0,0,0,SKIP_ARCH,4,0
arch/mips/configs/generic_defconfig,1,0,0,0,0,0,SKIP_ARCH,1,1
arch/mips/crypto/Makefile,1,0,0,0,0,0,SKIP_ARCH,18,0
arch/mips/dec/prom/init.c,1,0,0,0,0,0,SKIP_ARCH,1,1
arch/mips/fw/arc/memory.c,1,0,0,0,0,0,SKIP_ARCH,1,1
arch/mips/include/asm/clocksource.h,1,0,0,0,0,0,SKIP_ARCH,1,14
arch/mips/include/asm/ds1287.h,1,0,0,0,0,0,SKIP_ARCH,1,1
arch/mips/include/asm/ftrace.h,1,0,0,0,0,0,SKIP_ARCH,16,0
arch/mips/include/asm/mach-generic/floppy.h,1,0,0,0,0,0,SKIP_ARCH,1,1
arch/mips/include/asm/mach-jazz/floppy.h,1,0,0,0,0,0,SKIP_ARCH,1,1
arch/mips/include/asm/pgtable.h,1,0,0,0,0,0,SKIP_ARCH,0,1
arch/mips/include/asm/ptrace.h,1,0,0,0,0,0,SKIP_ARCH,2,1
arch/mips/include/asm/tlb.h,1,0,0,0,0,0,SKIP_ARCH,0,17
arch/mips/include/asm/vpe.h,1,0,0,0,0,0,SKIP_ARCH,8,0
arch/mips/include/uapi/asm/socket.h,1,0,0,0,0,0,SKIP_ARCH,2,0
arch/mips/jazz/irq.c,1,0,0,0,0,0,SKIP_ARCH,1,1
arch/mips/jazz/jazzdma.c,1,0,0,0,0,0,SKIP_ARCH,1,1
arch/mips/jazz/setup.c,1,0,0,0,0,0,SKIP_ARCH,1,1
arch/mips/kernel/cevt-ds1287.c,1,0,0,0,0,0,SKIP_ARCH,1,0
arch/mips/kernel/ftrace.c,1,0,0,0,0,0,SKIP_ARCH,1,1
arch/mips/kernel/module.c,1,0,0,0,0,0,SKIP_ARCH,1,1
arch/mips/kernel/ptrace.c,1,0,0,0,0,0,SKIP_ARCH,1,1
arch/mips/kernel/ptrace32.c,1,0,0,0,0,0,SKIP_ARCH,1,1
arch/mips/kernel/relocate.c,1,0,0,0,0,0,SKIP_ARCH,13,0
arch/mips/kernel/smp-bmips.c,1,0,0,0,0,0,SKIP_ARCH,1,1
arch/mips/kvm/Kconfig,1,0,0,0,0,0,SKIP_ARCH,0,1
arch/mips/kvm/mips.c,1,0,0,0,0,0,SKIP_ARCH,1,1
arch/mips/kvm/tlb.c,1,0,0,0,0,0,SKIP_ARCH,1,1
arch/mips/lantiq/xway/sysctrl.c,1,0,0,0,0,0,SKIP_ARCH,1,1
arch/mips/lib/dump_tlb.c,1,0,0,0,0,0,SKIP_ARCH,1,1
arch/mips/lib/r3k_dump_tlb.c,1,0,0,0,0,0,SKIP_ARCH,1,1
arch/mips/mm/c-r3k.c,1,0,0,0,0,0,SKIP_ARCH,1,1
arch/mips/mm/c-tx39.c,1,0,0,0,0,0,SKIP_ARCH,1,1
arch/mips/mm/fault.c,1,0,0,0,0,0,SKIP_ARCH,1,1
arch/mips/mm/gup.c,1,0,0,0,0,0,SKIP_ARCH,1,1
arch/mips/mm/hugetlbpage.c,1,0,0,0,0,0,SKIP_ARCH,2,2
arch/mips/mm/init.c,1,0,0,0,0,0,SKIP_ARCH,1,1
arch/mips/mm/page.c,1,0,0,0,0,0,SKIP_ARCH,1,1
arch/mips/mm/pgtable-32.c,1,0,0,0,0,0,SKIP_ARCH,1,1
arch/mips/mm/pgtable-64.c,1,0,0,0,0,0,SKIP_ARCH,1,1
arch/mips/mm/sc-ip22.c,1,0,0,0,0,0,SKIP_ARCH,1,1
arch/mips/mm/sc-mips.c,1,0,0,0,0,0,SKIP_ARCH,1,1
arch/mips/mm/sc-r5k.c,1,0,0,0,0,0,SKIP_ARCH,1,1
arch/mips/mm/tlb-r3k.c,1,0,0,0,0,0,SKIP_ARCH,1,1
arch/mips/mm/tlb-r8k.c,1,0,0,0,0,0,SKIP_ARCH,1,1
arch/mips/mm/tlbex.c,1,0,0,0,0,0,SKIP_ARCH,1,1
arch/mips/mti-malta/malta-init.c,1,0,0,0,0,0,SKIP_ARCH,13,7
arch/mips/mti-malta/malta-setup.c,1,0,0,0,0,0,SKIP_ARCH,1,1
arch/mips/rb532/devices.c,1,0,0,0,0,0,SKIP_ARCH,3,2
arch/mips/sgi-ip22/ip22-gio.c,1,0,0,0,0,0,SKIP_ARCH,2,1
arch/mips/sgi-ip27/ip27-init.c,1,0,0,0,0,0,SKIP_ARCH,1,1
arch/mips/sgi-ip27/ip27-timer.c,1,0,0,0,0,0,SKIP_ARCH,1,1
arch/mips/sgi-ip32/ip32-memory.c,1,0,0,0,0,0,SKIP_ARCH,1,1
arch/mips/vdso/elf.S,1,0,0,0,0,0,SKIP_ARCH,1,1
arch/mips/vdso/sigreturn.S,1,0,0,0,0,0,SKIP_ARCH,1,1
arch/mips/vdso/vdso.h,1,0,0,0,0,0,SKIP_ARCH,0,89
arch/mips/vdso/vdso.lds.S,1,0,0,0,0,0,SKIP_ARCH,4,0
arch/nds32/configs/defconfig,1,0,0,0,0,0,SKIP_ARCH,1,1
arch/nds32/include/asm/highmem.h,1,0,0,0,0,0,SKIP_ARCH,1,1
arch/nds32/include/asm/pgtable.h,1,0,0,0,0,0,SKIP_ARCH,0,1
arch/nds32/include/asm/tlb.h,1,0,0,0,0,0,SKIP_ARCH,0,16
arch/nds32/include/asm/tlbflush.h,1,0,0,0,0,0,SKIP_ARCH,0,1
arch/nds32/include/asm/vdso_datapage.h,1,0,0,0,0,0,SKIP_ARCH,1,0
arch/nds32/kernel/head.S,1,0,0,0,0,0,SKIP_ARCH,1,1
arch/nds32/kernel/module.c,1,0,0,0,0,0,SKIP_ARCH,1,1
arch/nds32/mm/ioremap.c,1,0,0,0,0,0,SKIP_ARCH,1,1
arch/nds32/mm/proc.c,1,0,0,0,0,0,SKIP_ARCH,1,1
arch/nios2/Kconfig,1,0,0,0,0,0,SKIP_ARCH,1,0
arch/nios2/include/asm/tlb.h,1,0,0,0,0,0,SKIP_ARCH,2,12
arch/nios2/kernel/module.c,1,0,0,0,0,0,SKIP_ARCH,1,1
arch/nios2/kernel/nios2_ksyms.c,1,0,0,0,0,0,SKIP_ARCH,1,1
arch/nios2/mm/pgtable.c,1,0,0,0,0,0,SKIP_ARCH,1,1
arch/nios2/mm/tlb.c,1,0,0,0,0,0,SKIP_ARCH,1,1
arch/openrisc/Kconfig,1,0,0,0,0,0,SKIP_ARCH,1,0
arch/openrisc/include/asm/barrier.h,1,0,0,0,0,0,SKIP_ARCH,2,0
arch/openrisc/include/asm/io.h,1,0,0,0,0,0,SKIP_ARCH,1,1
arch/openrisc/include/asm/pgtable.h,1,0,0,0,0,0,SKIP_ARCH,0,1
arch/openrisc/include/asm/tlb.h,1,0,0,0,0,0,SKIP_ARCH,2,6
arch/openrisc/include/asm/tlbflush.h,1,0,0,0,0,0,SKIP_ARCH,1,1
arch/openrisc/kernel/asm-offsets.c,1,0,0,0,0,0,SKIP_ARCH,1,1
arch/openrisc/kernel/entry.S,1,0,0,0,0,0,SKIP_ARCH,1,1
arch/openrisc/kernel/head.S,1,0,0,0,0,0,SKIP_ARCH,1,1
arch/openrisc/kernel/or32_ksyms.c,1,0,0,0,0,0,SKIP_ARCH,1,1
arch/openrisc/kernel/process.c,1,0,0,0,0,0,SKIP_ARCH,1,1
arch/openrisc/kernel/ptrace.c,1,0,0,0,0,0,SKIP_ARCH,1,1
arch/openrisc/kernel/setup.c,1,0,0,0,0,0,SKIP_ARCH,1,1
arch/openrisc/kernel/traps.c,1,0,0,0,0,0,SKIP_ARCH,1,1
arch/openrisc/mm/init.c,1,0,0,0,0,0,SKIP_ARCH,1,1
arch/openrisc/mm/ioremap.c,1,0,0,0,0,0,SKIP_ARCH,1,1
arch/openrisc/mm/tlb.c,1,0,0,0,0,0,SKIP_ARCH,1,1
arch/parisc/boot/compressed/Makefile,1,0,0,0,0,0,SKIP_ARCH,1,0
arch/parisc/include/asm/io.h,1,0,0,0,0,0,SKIP_ARCH,1,1
arch/parisc/include/asm/mmu_context.h,1,0,0,0,0,0,SKIP_ARCH,1,1
arch/parisc/include/asm/mmzone.h,1,0,0,0,0,0,SKIP_ARCH,1,57
arch/parisc/include/asm/page.h,1,0,0,0,0,0,SKIP_ARCH,2,2
arch/parisc/include/asm/tlb.h,1,0,0,0,0,0,SKIP_ARCH,0,18
arch/parisc/include/uapi/asm/ioctls.h,1,0,0,0,0,0,SKIP_ARCH,4,4
arch/parisc/include/uapi/asm/socket.h,1,0,0,0,0,0,SKIP_ARCH,2,0
arch/parisc/kernel/drivers.c,1,0,0,0,0,0,SKIP_ARCH,1,1
arch/parisc/kernel/module.c,1,0,0,0,0,0,SKIP_ARCH,1,1
arch/parisc/kernel/pacache.S,1,0,0,0,0,0,SKIP_ARCH,1,1
arch/parisc/kernel/parisc_ksyms.c,1,0,0,0,0,0,SKIP_ARCH,0,6
arch/parisc/kernel/process.c,1,0,0,0,0,0,SKIP_ARCH,3,0
arch/parisc/kernel/ptrace.c,1,0,0,0,0,0,SKIP_ARCH,1,1
arch/parisc/kernel/smp.c,1,0,0,0,0,0,SKIP_ARCH,1,1
arch/parisc/mm/hugetlbpage.c,1,0,0,0,0,0,SKIP_ARCH,1,1
arch/powerpc/Kconfig,1,0,0,0,0,0,SKIP_ARCH,1,0
arch/powerpc/boot/util.S,1,0,0,0,0,0,SKIP_ARCH,2,2
arch/powerpc/configs/ppc6xx_defconfig,1,0,0,0,0,0,SKIP_ARCH,0,1
arch/powerpc/include/asm/book3s/64/hash-4k.h,1,0,0,0,0,0,SKIP_ARCH,28,0
arch/powerpc/include/asm/book3s/64/pgtable.h,1,0,0,0,0,0,SKIP_ARCH,0,26
arch/powerpc/include/asm/fixmap.h,1,0,0,0,0,0,SKIP_ARCH,1,1
arch/powerpc/include/asm/kup.h,1,0,0,0,0,0,SKIP_ARCH,1,1
arch/powerpc/include/asm/nohash/pgtable.h,1,0,0,0,0,0,SKIP_ARCH,1,1
arch/powerpc/include/asm/pgtable.h,1,0,0,0,0,0,SKIP_ARCH,0,1
arch/powerpc/include/asm/uaccess.h,1,0,0,0,0,0,SKIP_ARCH,1,1
arch/powerpc/include/uapi/asm/ioctls.h,1,0,0,0,0,0,SKIP_ARCH,4,4
arch/powerpc/kernel/asm-offsets.c,1,0,0,0,0,0,SKIP_ARCH,1,1
arch/powerpc/kernel/btext.c,1,0,0,0,0,0,SKIP_ARCH,1,1
arch/powerpc/kernel/eeh.c,1,0,0,0,0,0,SKIP_ARCH,2,0
arch/powerpc/kernel/fpu.S,1,0,0,0,0,0,SKIP_ARCH,1,1
arch/powerpc/kernel/head_32.S,1,0,0,0,0,0,SKIP_ARCH,1,1
arch/powerpc/kernel/head_40x.S,1,0,0,0,0,0,SKIP_ARCH,1,1
arch/powerpc/kernel/head_44x.S,1,0,0,0,0,0,SKIP_ARCH,1,1
arch/powerpc/kernel/head_8xx.S,1,0,0,0,0,0,SKIP_ARCH,1,1
arch/powerpc/kernel/head_fsl_booke.S,1,0,0,0,0,0,SKIP_ARCH,1,1
arch/powerpc/kernel/io-workarounds.c,1,0,0,0,0,0,SKIP_ARCH,1,1
arch/powerpc/kernel/irq.c,1,0,0,0,0,0,SKIP_ARCH,1,1
arch/powerpc/kernel/mce_power.c,1,0,0,0,0,0,SKIP_ARCH,1,1
arch/powerpc/kernel/paca.c,1,0,0,0,0,0,SKIP_ARCH,1,1
arch/powerpc/kernel/process.c,1,0,0,0,0,0,SKIP_ARCH,1,1
arch/powerpc/kernel/prom.c,1,0,0,0,0,0,SKIP_ARCH,1,1
arch/powerpc/kernel/ptrace.c,1,0,0,0,0,0,SKIP_ARCH,1,1
arch/powerpc/kernel/ptrace32.c,1,0,0,0,0,0,SKIP_ARCH,1,1
arch/powerpc/kernel/rtas_pci.c,1,0,0,0,0,0,SKIP_ARCH,1,1
arch/powerpc/kernel/setup-common.c,1,0,0,0,0,0,SKIP_ARCH,1,1
arch/powerpc/kernel/setup_32.c,1,0,0,0,0,0,SKIP_ARCH,1,1
arch/powerpc/kernel/setup_64.c,1,0,0,0,0,0,SKIP_ARCH,1,1
arch/powerpc/kernel/signal_32.c,1,0,0,0,0,0,SKIP_ARCH,1,1
arch/powerpc/kernel/signal_64.c,1,0,0,0,0,0,SKIP_ARCH,1,1
arch/powerpc/kernel/smp.c,1,0,0,0,0,0,SKIP_ARCH,1,1
arch/powerpc/kernel/traps.c,1,0,0,0,0,0,SKIP_ARCH,1,1
arch/powerpc/kvm/Kconfig,1,0,0,0,0,0,SKIP_ARCH,0,1
arch/powerpc/kvm/book3s_64_mmu_radix.c,1,0,0,0,0,0,SKIP_ARCH,1,1
arch/powerpc/kvm/book3s_hv_rm_xics.c,1,0,0,0,0,0,SKIP_ARCH,1,1
arch/powerpc/kvm/book3s_hv_rm_xive.c,1,0,0,0,0,0,SKIP_ARCH,1,1
arch/powerpc/kvm/fpu.S,1,0,0,0,0,0,SKIP_ARCH,1,1
arch/powerpc/lib/pmem.c,1,0,0,0,0,0,SKIP_ARCH,1,9
arch/powerpc/mm/40x_mmu.c,1,0,0,0,0,0,SKIP_ARCH,1,1
arch/powerpc/mm/fsl_booke_mmu.c,1,0,0,0,0,0,SKIP_ARCH,1,1
arch/powerpc/mm/hash_low_32.S,1,0,0,0,0,0,SKIP_ARCH,1,1
arch/powerpc/mm/hash_native_64.c,1,0,0,0,0,0,SKIP_ARCH,1,1
arch/powerpc/mm/hash_utils_64.c,1,0,0,0,0,0,SKIP_ARCH,1,1
arch/powerpc/mm/hugetlbpage-hash64.c,1,0,0,0,0,0,SKIP_ARCH,1,1
arch/powerpc/mm/hugetlbpage-radix.c,1,0,0,0,0,0,SKIP_ARCH,1,1
arch/powerpc/mm/init-common.c,1,0,0,0,0,0,SKIP_ARCH,1,1
arch/powerpc/mm/init_32.c,1,0,0,0,0,0,SKIP_ARCH,1,1
arch/powerpc/mm/init_64.c,1,0,0,0,0,0,SKIP_ARCH,1,1
arch/powerpc/mm/mem.c,1,0,0,0,0,0,SKIP_ARCH,1,1
arch/powerpc/mm/pgtable-hash64.c,1,0,0,0,0,0,SKIP_ARCH,1,1
arch/powerpc/mm/pgtable-radix.c,1,0,0,0,0,0,SKIP_ARCH,1,1
arch/powerpc/mm/pgtable_32.c,1,0,0,0,0,0,SKIP_ARCH,1,1
arch/powerpc/mm/pgtable_64.c,1,0,0,0,0,0,SKIP_ARCH,1,1
arch/powerpc/mm/ptdump/8xx.c,1,0,0,0,0,0,SKIP_ARCH,1,1
arch/powerpc/mm/ptdump/bats.c,1,0,0,0,0,0,SKIP_ARCH,1,1
arch/powerpc/mm/ptdump/book3s64.c,1,0,0,0,0,0,SKIP_ARCH,1,1
arch/powerpc/mm/ptdump/ptdump.c,1,0,0,0,0,0,SKIP_ARCH,1,1
arch/powerpc/mm/ptdump/shared.c,1,0,0,0,0,0,SKIP_ARCH,1,1
arch/powerpc/mm/slb.c,1,0,0,0,0,0,SKIP_ARCH,1,1
arch/powerpc/mm/slb_low.S,1,0,0,0,0,0,SKIP_ARCH,1,1
arch/powerpc/mm/tlb_low_64e.S,1,0,0,0,0,0,SKIP_ARCH,1,1
arch/powerpc/net/bpf_jit32.h,1,0,0,0,0,0,SKIP_ARCH,2,2
arch/powerpc/perf/callchain.c,1,0,0,0,0,0,SKIP_ARCH,1,1
arch/powerpc/platforms/44x/warp.c,1,0,0,0,0,0,SKIP_ARCH,2,0
arch/powerpc/platforms/512x/mpc512x_lpbfifo.c,1,0,0,0,0,0,SKIP_ARCH,2,4
arch/powerpc/platforms/83xx/km83xx.c,1,0,0,0,0,0,SKIP_ARCH,2,2
arch/powerpc/platforms/85xx/corenet_generic.c,1,0,0,0,0,0,SKIP_ARCH,1,1
arch/powerpc/platforms/85xx/mpc85xx_cds.c,1,0,0,0,0,0,SKIP_ARCH,1,1
arch/powerpc/platforms/85xx/qemu_e500.c,1,0,0,0,0,0,SKIP_ARCH,1,1
arch/powerpc/platforms/85xx/sbc8548.c,1,0,0,0,0,0,SKIP_ARCH,1,1
arch/powerpc/platforms/85xx/smp.c,1,0,0,0,0,0,SKIP_ARCH,1,1
arch/powerpc/platforms/86xx/mpc86xx_smp.c,1,0,0,0,0,0,SKIP_ARCH,1,1
arch/powerpc/platforms/cell/cbe_regs.c,1,0,0,0,0,0,SKIP_ARCH,1,1
arch/powerpc/platforms/cell/cpufreq_spudemand.c,1,0,0,0,0,0,SKIP_ARCH,1,1
arch/powerpc/platforms/cell/interrupt.c,1,0,0,0,0,0,SKIP_ARCH,1,1
arch/powerpc/platforms/cell/pervasive.c,1,0,0,0,0,0,SKIP_ARCH,1,1
arch/powerpc/platforms/cell/setup.c,1,0,0,0,0,0,SKIP_ARCH,1,1
arch/powerpc/platforms/cell/smp.c,1,0,0,0,0,0,SKIP_ARCH,1,1
arch/powerpc/platforms/cell/spider-pic.c,1,0,0,0,0,0,SKIP_ARCH,1,1
arch/powerpc/platforms/cell/spufs/file.c,1,0,0,0,0,0,SKIP_ARCH,2,2
arch/powerpc/platforms/chrp/pci.c,1,0,0,0,0,0,SKIP_ARCH,1,1
arch/powerpc/platforms/chrp/setup.c,1,0,0,0,0,0,SKIP_ARCH,1,1
arch/powerpc/platforms/chrp/smp.c,1,0,0,0,0,0,SKIP_ARCH,1,1
arch/powerpc/platforms/maple/setup.c,1,0,0,0,0,0,SKIP_ARCH,1,1
arch/powerpc/platforms/maple/time.c,1,0,0,0,0,0,SKIP_ARCH,1,1
arch/powerpc/platforms/powermac/setup.c,1,0,0,0,0,0,SKIP_ARCH,1,1
arch/powerpc/platforms/powermac/smp.c,1,0,0,0,0,0,SKIP_ARCH,1,1
arch/powerpc/platforms/powermac/time.c,1,0,0,0,0,0,SKIP_ARCH,1,1
arch/powerpc/platforms/pseries/eeh_pseries.c,1,0,0,0,0,0,SKIP_ARCH,4,2
arch/powerpc/platforms/pseries/lpar.c,1,0,0,0,0,0,SKIP_ARCH,1,1
arch/powerpc/platforms/pseries/setup.c,1,0,0,0,0,0,SKIP_ARCH,1,1
arch/powerpc/platforms/pseries/smp.c,1,0,0,0,0,0,SKIP_ARCH,1,1
arch/powerpc/sysdev/cpm1.c,1,0,0,0,0,0,SKIP_ARCH,1,1
arch/powerpc/sysdev/cpm2.c,1,0,0,0,0,0,SKIP_ARCH,1,1
arch/powerpc/sysdev/fsl_85xx_cache_sram.c,1,0,0,0,0,0,SKIP_ARCH,1,1
arch/powerpc/sysdev/micropatch.c,1,0,0,0,0,0,SKIP_ARCH,1,1
arch/powerpc/sysdev/mpic.c,1,0,0,0,0,0,SKIP_ARCH,1,1
arch/powerpc/xmon/xmon.c,1,0,0,0,0,0,SKIP_ARCH,1,1
arch/riscv/include/asm/pgtable.h,1,0,0,0,0,0,SKIP_ARCH,0,1
arch/riscv/include/asm/tlb.h,1,0,0,0,0,0,SKIP_ARCH,1,0
arch/riscv/kernel/module.c,1,0,0,0,0,0,SKIP_ARCH,1,1
arch/riscv/kernel/setup.c,1,0,0,0,0,0,SKIP_ARCH,1,1
arch/riscv/mm/cacheflush.c,1,0,0,0,0,0,SKIP_ARCH,1,1
arch/riscv/mm/init.c,1,0,0,0,0,0,SKIP_ARCH,1,1
arch/riscv/mm/ioremap.c,1,0,0,0,0,0,SKIP_ARCH,1,1
arch/s390/Kconfig,1,0,0,0,0,0,SKIP_ARCH,2,0
arch/s390/appldata/appldata_os.c,1,0,0,0,0,0,SKIP_ARCH,0,4
arch/s390/include/asm/barrier.h,1,0,0,0,0,0,SKIP_ARCH,2,2
arch/s390/include/asm/futex.h,1,0,0,0,0,0,SKIP_ARCH,1,1
arch/s390/include/asm/hugetlb.h,1,0,0,0,0,0,SKIP_ARCH,1,1
arch/s390/include/asm/pgtable.h,1,0,0,0,0,0,SKIP_ARCH,0,1
arch/s390/include/asm/tlbflush.h,1,0,0,0,0,0,SKIP_ARCH,1,1
arch/s390/include/uapi/asm/socket.h,1,0,0,0,0,0,SKIP_ARCH,2,0
arch/s390/kernel/asm-offsets.c,1,0,0,0,0,0,SKIP_ARCH,1,1
arch/s390/kernel/machine_kexec.c,1,0,0,0,0,0,SKIP_ARCH,1,1
arch/s390/kernel/perf_cpum_sf.c,1,0,0,0,0,0,SKIP_ARCH,3,1
arch/s390/kernel/ptrace.c,1,0,0,0,0,0,SKIP_ARCH,1,1
arch/s390/kernel/smp.c,1,0,0,0,0,0,SKIP_ARCH,1,0
arch/s390/kernel/syscalls/syscall.tbl,1,0,0,0,0,0,SKIP_ARCH,4,0
arch/s390/kernel/time.c,1,0,0,0,0,0,SKIP_ARCH,1,1
arch/s390/kernel/topology.c,1,0,0,0,0,0,SKIP_ARCH,1,1
arch/s390/kvm/Kconfig,1,0,0,0,0,0,SKIP_ARCH,0,1
arch/s390/lib/xor.c,1,0,0,0,0,0,SKIP_ARCH,2,2
arch/s390/mm/dump_pagetables.c,1,0,0,0,0,0,SKIP_ARCH,1,1
arch/s390/mm/extmem.c,1,0,0,0,0,0,SKIP_ARCH,1,1
arch/s390/mm/gup.c,1,0,0,0,0,0,SKIP_ARCH,1,1
arch/s390/mm/hugetlbpage.c,1,0,0,0,0,0,SKIP_ARCH,1,1
arch/s390/mm/init.c,1,0,0,0,0,0,SKIP_ARCH,1,1
arch/s390/mm/pageattr.c,1,0,0,0,0,0,SKIP_ARCH,1,1
arch/s390/mm/pgtable.c,1,0,0,0,0,0,SKIP_ARCH,1,1
arch/s390/mm/vmem.c,1,0,0,0,0,0,SKIP_ARCH,1,1
arch/s390/purgatory/Makefile,1,0,0,0,0,0,SKIP_ARCH,1,0
arch/sh/include/asm/io.h,1,0,0,0,0,0,SKIP_ARCH,1,1
arch/sh/include/asm/pgalloc.h,1,0,0,0,0,0,SKIP_ARCH,9,0
arch/sh/include/asm/pgtable.h,1,0,0,0,0,0,SKIP_ARCH,0,1
arch/sh/kernel/machine_kexec.c,1,0,0,0,0,0,SKIP_ARCH,1,1
arch/sh/kernel/process_64.c,1,0,0,0,0,0,SKIP_ARCH,1,1
arch/sh/kernel/ptrace_32.c,1,0,0,0,0,0,SKIP_ARCH,1,1
arch/sh/kernel/ptrace_64.c,1,0,0,0,0,0,SKIP_ARCH,1,1
arch/sh/kernel/signal_32.c,1,0,0,0,0,0,SKIP_ARCH,1,1
arch/sh/kernel/signal_64.c,1,0,0,0,0,0,SKIP_ARCH,1,1
arch/sh/kernel/traps_64.c,1,0,0,0,0,0,SKIP_ARCH,1,1
arch/sh/mm/cache-sh3.c,1,0,0,0,0,0,SKIP_ARCH,1,1
arch/sh/mm/cache-sh4.c,1,0,0,0,0,0,SKIP_ARCH,1,1
arch/sh/mm/cache-sh7705.c,1,0,0,0,0,0,SKIP_ARCH,1,1
arch/sh/mm/gup.c,1,0,0,0,0,0,SKIP_ARCH,1,1
arch/sh/mm/hugetlbpage.c,1,0,0,0,0,0,SKIP_ARCH,1,1
arch/sh/mm/nommu.c,1,0,0,0,0,0,SKIP_ARCH,1,1
arch/sh/mm/pmb.c,1,0,0,0,0,0,SKIP_ARCH,1,1
arch/sparc/include/asm/elf_64.h,1,0,0,0,0,0,SKIP_ARCH,1,0
arch/sparc/include/asm/floppy_32.h,1,0,0,0,0,0,SKIP_ARCH,1,1
arch/sparc/include/asm/highmem.h,1,0,0,0,0,0,SKIP_ARCH,1,1
arch/sparc/include/asm/ide.h,1,0,0,0,0,0,SKIP_ARCH,1,1
arch/sparc/include/asm/io-unit.h,1,0,0,0,0,0,SKIP_ARCH,1,1
arch/sparc/include/asm/pgalloc_32.h,1,0,0,0,0,0,SKIP_ARCH,1,1
arch/sparc/include/asm/pgtable_32.h,1,0,0,0,0,0,SKIP_ARCH,0,1
arch/sparc/include/asm/pgtable_64.h,1,0,0,0,0,0,SKIP_ARCH,0,1
arch/sparc/include/asm/tlb_32.h,1,0,0,0,0,0,SKIP_ARCH,0,18
arch/sparc/include/asm/tlb_64.h,1,0,0,0,0,0,SKIP_ARCH,9,0
arch/sparc/include/uapi/asm/ioctls.h,1,0,0,0,0,0,SKIP_ARCH,4,4
arch/sparc/include/uapi/asm/socket.h,1,0,0,0,0,0,SKIP_ARCH,2,0
arch/sparc/kernel/cpu.c,1,0,0,0,0,0,SKIP_ARCH,1,1
arch/sparc/kernel/entry.S,1,0,0,0,0,0,SKIP_ARCH,1,1
arch/sparc/kernel/head_64.S,1,0,0,0,0,0,SKIP_ARCH,1,1
arch/sparc/kernel/ktlb.S,1,0,0,0,0,0,SKIP_ARCH,1,1
arch/sparc/kernel/leon_smp.c,1,0,0,0,0,0,SKIP_ARCH,1,1
arch/sparc/kernel/module.c,1,0,0,0,0,0,SKIP_ARCH,1,0
arch/sparc/kernel/pci.c,1,0,0,0,0,0,SKIP_ARCH,1,1
arch/sparc/kernel/process_32.c,1,0,0,0,0,0,SKIP_ARCH,1,1
arch/sparc/kernel/process_64.c,1,0,0,0,0,0,SKIP_ARCH,1,1
arch/sparc/kernel/ptrace_32.c,1,0,0,0,0,0,SKIP_ARCH,1,1
arch/sparc/kernel/ptrace_64.c,1,0,0,0,0,0,SKIP_ARCH,1,1
arch/sparc/kernel/setup_32.c,1,0,0,0,0,0,SKIP_ARCH,1,1
arch/sparc/kernel/setup_64.c,1,0,0,0,0,0,SKIP_ARCH,1,1
arch/sparc/kernel/signal32.c,1,0,0,0,0,0,SKIP_ARCH,1,1
arch/sparc/kernel/signal_32.c,1,0,0,0,0,0,SKIP_ARCH,1,1
arch/sparc/kernel/signal_64.c,1,0,0,0,0,0,SKIP_ARCH,1,1
arch/sparc/kernel/smp_32.c,1,0,0,0,0,0,SKIP_ARCH,1,1
arch/sparc/kernel/smp_64.c,1,0,0,0,0,0,SKIP_ARCH,1,1
arch/sparc/kernel/sun4m_irq.c,1,0,0,0,0,0,SKIP_ARCH,1,1
arch/sparc/kernel/trampoline_64.S,1,0,0,0,0,0,SKIP_ARCH,1,1
arch/sparc/kernel/traps_32.c,1,0,0,0,0,0,SKIP_ARCH,1,1
arch/sparc/kernel/traps_64.c,1,0,0,0,0,0,SKIP_ARCH,1,1
arch/sparc/lib/Memcpy_utils.S,1,0,0,0,0,0,SKIP_ARCH,9,0
arch/sparc/lib/NG4memcpy.S,1,0,0,0,0,0,SKIP_ARCH,1,1
arch/sparc/lib/clear_page.S,1,0,0,0,0,0,SKIP_ARCH,1,1
arch/sparc/lib/copy_page.S,1,0,0,0,0,0,SKIP_ARCH,1,1
arch/sparc/mm/gup.c,1,0,0,0,0,0,SKIP_ARCH,1,1
arch/sparc/mm/init_32.c,1,0,0,0,0,0,SKIP_ARCH,1,1
arch/sparc/mm/init_64.c,1,0,0,0,0,0,SKIP_ARCH,1,1
arch/sparc/mm/io-unit.c,1,0,0,0,0,0,SKIP_ARCH,1,1
arch/sparc/mm/iommu.c,1,0,0,0,0,0,SKIP_ARCH,1,1
arch/sparc/mm/srmmu.c,1,0,0,0,0,0,SKIP_ARCH,1,1
arch/sparc/mm/tsb.c,1,0,0,0,0,0,SKIP_ARCH,1,1
arch/sparc/mm/ultra.S,1,0,0,0,0,0,SKIP_ARCH,1,1
arch/um/Makefile,1,0,0,0,0,0,SKIP_ARCH,1,0
arch/um/drivers/ubd_kern.c,1,0,0,0,0,0,SKIP_ARCH,1,1
arch/um/drivers/ubd_user.c,1,0,0,0,0,0,SKIP_ARCH,1,1
arch/um/include/asm/common.lds.S,1,0,0,0,0,0,SKIP_ARCH,0,2
arch/um/include/asm/pgtable.h,1,0,0,0,0,0,SKIP_ARCH,0,1
arch/um/include/asm/tlb.h,1,0,0,0,0,0,SKIP_ARCH,2,168
arch/um/kernel/mem.c,1,0,0,0,0,0,SKIP_ARCH,1,0
arch/um/kernel/process.c,1,0,0,0,0,0,SKIP_ARCH,1,1
arch/um/kernel/skas/mmu.c,1,0,0,0,0,0,SKIP_ARCH,1,1
arch/um/kernel/skas/uaccess.c,1,0,0,0,0,0,SKIP_ARCH,1,1
arch/um/kernel/um_arch.c,1,0,0,0,0,0,SKIP_ARCH,1,1
arch/unicore32/Kconfig,1,0,0,0,0,0,SKIP_ARCH,1,1
arch/unicore32/include/asm/pgtable.h,1,0,0,0,0,0,SKIP_ARCH,0,1
arch/unicore32/include/asm/tlb.h,1,0,0,0,0,0,SKIP_ARCH,3,4
arch/unicore32/kernel/hibernate.c,1,0,0,0,0,0,SKIP_ARCH,1,1
arch/unicore32/kernel/hibernate_asm.S,1,0,0,0,0,0,SKIP_ARCH,1,1
arch/unicore32/kernel/module.c,1,0,0,0,0,0,SKIP_ARCH,1,1
arch/unicore32/mm/alignment.c,1,0,0,0,0,0,SKIP_ARCH,1,1
arch/unicore32/mm/proc-ucv2.S,1,0,0,0,0,0,SKIP_ARCH,1,1
arch/x86/boot/compressed/Makefile,1,0,0,0,0,0,SKIP_ARCH,1,1
arch/x86/boot/compressed/kaslr_64.c,1,0,0,0,0,0,SKIP_ARCH,1,1
arch/x86/crypto/chacha20-avx2-x86_64.S,1,0,0,0,0,0,SKIP_ARCH,0,448
arch/x86/crypto/chacha20-ssse3-x86_64.S,1,0,0,0,0,0,SKIP_ARCH,0,630
arch/x86/crypto/chacha20_glue.c,1,0,0,0,0,0,SKIP_ARCH,0,146
arch/x86/crypto/poly1305-avx2-x86_64.S,1,0,0,0,0,0,SKIP_ARCH,0,394
arch/x86/crypto/poly1305-sse2-x86_64.S,1,0,0,0,0,0,SKIP_ARCH,0,590
arch/x86/crypto/sha1_avx2_x86_64_asm.S,1,0,0,0,0,0,SKIP_ARCH,3,3
arch/x86/crypto/sha256-avx-asm.S,1,0,0,0,0,0,SKIP_ARCH,2,2
arch/x86/crypto/sha256-avx2-asm.S,1,0,0,0,0,0,SKIP_ARCH,2,2
arch/x86/crypto/sha256-ssse3-asm.S,1,0,0,0,0,0,SKIP_ARCH,4,2
arch/x86/crypto/sha512-avx-asm.S,1,0,0,0,0,0,SKIP_ARCH,6,5
arch/x86/crypto/sha512-avx2-asm.S,1,0,0,0,0,0,SKIP_ARCH,6,5
arch/x86/crypto/sha512-ssse3-asm.S,1,0,0,0,0,0,SKIP_ARCH,8,5
arch/x86/entry/calling.h,1,0,0,0,0,0,SKIP_ARCH,2,0
arch/x86/entry/syscalls/syscall_64.tbl,1,0,0,0,0,0,SKIP_ARCH,4,0
arch/x86/entry/vdso/vclock_gettime.c,1,0,0,0,0,0,SKIP_ARCH,43,300
arch/x86/entry/vdso/vdso.lds.S,1,0,0,0,0,0,SKIP_ARCH,2,0
arch/x86/entry/vdso/vdso32/vdso32.lds.S,1,0,0,0,0,0,SKIP_ARCH,2,0
arch/x86/entry/vdso/vdsox32.lds.S,1,0,0,0,0,0,SKIP_ARCH,1,0
arch/x86/entry/vdso/vgetcpu.c,1,0,0,0,0,0,SKIP_ARCH,1,8
arch/x86/entry/vsyscall/Makefile,1,0,0,0,0,0,SKIP_ARCH,0,2
arch/x86/entry/vsyscall/vsyscall_gtod.c,1,0,0,0,0,0,SKIP_ARCH,0,78
arch/x86/events/core.c,1,0,0,0,0,0,SKIP_ARCH,1,1
arch/x86/events/intel/bts.c,1,0,0,0,0,0,SKIP_ARCH,5,3
arch/x86/events/intel/p4.c,1,0,0,0,0,0,SKIP_ARCH,3,2
arch/x86/events/perf_event.h,1,0,0,0,0,0,SKIP_ARCH,11,2
arch/x86/include/asm/agp.h,1,0,0,0,0,0,SKIP_ARCH,1,1
arch/x86/include/asm/asm-prototypes.h,1,0,0,0,0,0,SKIP_ARCH,1,1
arch/x86/include/asm/clocksource.h,1,0,0,0,0,0,SKIP_ARCH,1,5
arch/x86/include/asm/cpufeature.h,1,0,0,0,0,0,SKIP_ARCH,0,3
arch/x86/include/asm/efi.h,1,0,0,0,0,0,SKIP_ARCH,1,1
arch/x86/include/asm/iomap.h,1,0,0,0,0,0,SKIP_ARCH,1,1
arch/x86/include/asm/kvm_emulate.h,1,0,0,0,0,0,SKIP_ARCH,1,1
arch/x86/include/asm/nmi.h,1,0,0,0,0,0,SKIP_ARCH,2,0
arch/x86/include/asm/page_64_types.h,1,0,0,0,0,0,SKIP_ARCH,0,4
arch/x86/include/asm/pvclock.h,1,0,0,0,0,0,SKIP_ARCH,1,1
arch/x86/include/asm/qspinlock.h,1,0,0,0,0,0,SKIP_ARCH,2,8
arch/x86/include/asm/sections.h,1,0,0,0,0,0,SKIP_ARCH,1,1
arch/x86/include/asm/set_memory.h,1,0,0,0,0,0,SKIP_ARCH,3,0
arch/x86/include/asm/setup.h,1,0,0,0,0,0,SKIP_ARCH,1,1
arch/x86/include/asm/tlb.h,1,0,0,0,0,0,SKIP_ARCH,15,7
arch/x86/include/asm/uaccess.h,1,0,0,0,0,0,SKIP_ARCH,3,0
arch/x86/include/asm/vvar.h,1,0,0,0,0,0,SKIP_ARCH,4,3
arch/x86/include/asm/xen/hypercall.h,1,0,0,0,0,0,SKIP_ARCH,1,1
arch/x86/include/asm/xen/page.h,1,0,0,0,0,0,SKIP_ARCH,1,1
arch/x86/kernel/acpi/boot.c,1,0,0,0,0,0,SKIP_ARCH,1,1
arch/x86/kernel/acpi/sleep.c,1,0,0,0,0,0,SKIP_ARCH,1,1
arch/x86/kernel/alternative.c,1,0,0,0,0,0,SKIP_ARCH,1,1
arch/x86/kernel/amd_gart_64.c,1,0,0,0,0,0,SKIP_ARCH,1,1
arch/x86/kernel/apic/apic_numachip.c,1,0,0,0,0,0,SKIP_ARCH,1,1
arch/x86/kernel/apic/x2apic_uv_x.c,1,0,0,0,0,0,SKIP_ARCH,1,1
arch/x86/kernel/cpu/cacheinfo.c,1,0,0,0,0,0,SKIP_ARCH,1,1
arch/x86/kernel/cpu/cyrix.c,1,0,0,0,0,0,SKIP_ARCH,2,2
arch/x86/kernel/cpu/intel_rdt_monitor.c,1,0,0,0,0,0,SKIP_ARCH,9,1
arch/x86/kernel/cpu/mcheck/mce.c,1,0,0,0,0,0,SKIP_ARCH,1,7
arch/x86/kernel/cpu/mcheck/mce_intel.c,1,0,0,0,0,0,SKIP_ARCH,1,0
arch/x86/kernel/cpu/microcode/amd.c,1,0,0,0,0,0,SKIP_ARCH,1,1
arch/x86/kernel/cpu/mtrr/generic.c,1,0,0,0,0,0,SKIP_ARCH,1,1
arch/x86/kernel/cpu/vmware.c,1,0,0,0,0,0,SKIP_ARCH,1,1
arch/x86/kernel/doublefault.c,1,0,0,0,0,0,SKIP_ARCH,1,1
arch/x86/kernel/e820.c,1,0,0,0,0,0,SKIP_ARCH,8,9
arch/x86/kernel/early_printk.c,1,0,0,0,0,0,SKIP_ARCH,1,1
arch/x86/kernel/espfix_64.c,1,0,0,0,0,0,SKIP_ARCH,1,1
arch/x86/kernel/fpu/xstate.c,1,0,0,0,0,0,SKIP_ARCH,1,1
arch/x86/kernel/head64.c,1,0,0,0,0,0,SKIP_ARCH,1,1
arch/x86/kernel/hpet.c,1,0,0,0,0,0,SKIP_ARCH,1,1
arch/x86/kernel/i8259.c,1,0,0,0,0,0,SKIP_ARCH,1,1
arch/x86/kernel/irq.c,1,0,0,0,0,0,SKIP_ARCH,2,0
arch/x86/kernel/irqinit.c,1,0,0,0,0,0,SKIP_ARCH,1,1
arch/x86/kernel/itmt.c,1,0,0,0,0,0,SKIP_ARCH,1,2
arch/x86/kernel/kprobes/opt.c,1,0,0,0,0,0,SKIP_ARCH,2,2
arch/x86/kernel/ldt.c,1,0,0,0,0,0,SKIP_ARCH,1,1
arch/x86/kernel/machine_kexec_32.c,1,0,0,0,0,0,SKIP_ARCH,1,1
arch/x86/kernel/machine_kexec_64.c,1,0,0,0,0,0,SKIP_ARCH,1,1
arch/x86/kernel/paravirt.c,1,0,0,0,0,0,SKIP_ARCH,1,1
arch/x86/kernel/process.c,1,0,0,0,0,0,SKIP_ARCH,6,1
arch/x86/kernel/process_32.c,1,0,0,0,0,0,SKIP_ARCH,1,1
arch/x86/kernel/process_64.c,1,0,0,0,0,0,SKIP_ARCH,1,1
arch/x86/kernel/ptrace.c,1,0,0,0,0,0,SKIP_ARCH,1,1
arch/x86/kernel/pvclock.c,1,0,0,0,0,0,SKIP_ARCH,1,0
arch/x86/kernel/smpboot.c,1,0,0,0,0,0,SKIP_ARCH,1,1
arch/x86/kernel/tboot.c,1,0,0,0,0,0,SKIP_ARCH,1,1
arch/x86/kernel/umip.c,1,0,0,0,0,0,SKIP_ARCH,13,2
arch/x86/kernel/uprobes.c,1,0,0,0,0,0,SKIP_ARCH,24,0
arch/x86/kvm/Kconfig,1,0,0,0,0,0,SKIP_ARCH,0,1
arch/x86/kvm/pmu.c,1,0,0,0,0,0,SKIP_ARCH,2,2
arch/x86/mm/Makefile,1,0,0,0,0,0,SKIP_ARCH,1,1
arch/x86/mm/cpu_entry_area.c,1,0,0,0,0,0,SKIP_ARCH,1,1
arch/x86/mm/extable.c,1,0,0,0,0,0,SKIP_ARCH,1,0
arch/x86/mm/init.c,1,0,0,0,0,0,SKIP_ARCH,19,13
arch/x86/mm/init_32.c,1,0,0,0,0,0,SKIP_ARCH,1,1
arch/x86/mm/ioremap.c,1,0,0,0,0,0,SKIP_ARCH,1,1
arch/x86/mm/kaslr.c,1,0,0,0,0,0,SKIP_ARCH,1,1
arch/x86/mm/mem_encrypt_boot.S,1,0,0,0,0,0,SKIP_ARCH,1,1
arch/x86/mm/mmio-mod.c,1,0,0,0,0,0,SKIP_ARCH,1,1
arch/x86/mm/pageattr-test.c,1,0,0,0,0,0,SKIP_ARCH,1,1
arch/x86/mm/pat.c,1,0,0,0,0,0,SKIP_ARCH,1,1
arch/x86/mm/pat_rbtree.c,1,0,0,0,0,0,SKIP_ARCH,1,1
arch/x86/mm/pgtable_32.c,1,0,0,0,0,0,SKIP_ARCH,1,1
arch/x86/mm/setup_nx.c,1,0,0,0,0,0,SKIP_ARCH,1,1
arch/x86/platform/efi/efi_32.c,1,0,0,0,0,0,SKIP_ARCH,1,1
arch/x86/platform/efi/efi_64.c,1,0,0,0,0,0,SKIP_ARCH,1,1
arch/x86/platform/olpc/olpc_ofw.c,1,0,0,0,0,0,SKIP_ARCH,1,1
arch/x86/power/cpu.c,1,0,0,0,0,0,SKIP_ARCH,1,1
arch/x86/power/hibernate_32.c,1,0,0,0,0,0,SKIP_ARCH,1,1
arch/x86/power/hibernate_64.c,1,0,0,0,0,0,SKIP_ARCH,1,1
arch/x86/realmode/init.c,1,0,0,0,0,0,SKIP_ARCH,1,1
arch/x86/um/os-Linux/mcontext.c,1,0,0,0,0,0,SKIP_ARCH,1,2
arch/x86/xen/grant-table.c,1,0,0,0,0,0,SKIP_ARCH,1,1
arch/x86/xen/smp_pv.c,1,0,0,0,0,0,SKIP_ARCH,1,1
arch/xtensa/include/asm/fixmap.h,1,0,0,0,0,0,SKIP_ARCH,1,1
arch/xtensa/include/asm/highmem.h,1,0,0,0,0,0,SKIP_ARCH,1,1
arch/xtensa/include/asm/initialize_mmu.h,1,0,0,0,0,0,SKIP_ARCH,1,1
arch/xtensa/include/asm/mmu_context.h,1,0,0,0,0,0,SKIP_ARCH,1,1
arch/xtensa/include/asm/pgtable.h,1,0,0,0,0,0,SKIP_ARCH,0,1
arch/xtensa/include/asm/tlb.h,1,0,0,0,0,0,SKIP_ARCH,0,26
arch/xtensa/include/uapi/asm/socket.h,1,0,0,0,0,0,SKIP_ARCH,2,0
arch/xtensa/kernel/coprocessor.S,1,0,0,0,0,0,SKIP_ARCH,1,1
arch/xtensa/kernel/entry.S,1,0,0,0,0,0,SKIP_ARCH,1,1
arch/xtensa/kernel/process.c,1,0,0,0,0,0,SKIP_ARCH,1,1
arch/xtensa/kernel/ptrace.c,1,0,0,0,0,0,SKIP_ARCH,1,1
arch/xtensa/kernel/setup.c,1,0,0,0,0,0,SKIP_ARCH,1,1
arch/xtensa/kernel/traps.c,1,0,0,0,0,0,SKIP_ARCH,1,1
arch/xtensa/kernel/vectors.S,1,0,0,0,0,0,SKIP_ARCH,1,1
arch/xtensa/kernel/vmlinux.lds.S,1,0,0,0,0,0,SKIP_ARCH,0,1
arch/xtensa/mm/cache.c,1,0,0,0,0,0,SKIP_ARCH,1,1
arch/xtensa/mm/ioremap.c,1,0,0,0,0,0,SKIP_ARCH,1,1
arch/xtensa/mm/misc.S,1,0,0,0,0,0,SKIP_ARCH,1,1
